Original,Type,Difficulty,True Answer,Number of Options,Unit Mixing 1,Unit Mixing 2,Unit Mixing 3,Sentence Reordering 1,Sentence Reordering 2,Sentence Reordering 3,Replace Synonyms,Distractive Info,Superfluous Info 1,Superfluous Info 2,Superfluous Info 3
"32 g of solid sugar is added to 68 g of liquid water at room temperature
and allowed to reach equilibrium. No solid sugar is observed within
the container. The temperature is then lowered to a temperature T1
and allowed to reach equilibrium. At temperature T1 it is observed
that only solid sugar and solid water (ice) exist. There is no solubility
of sugar in solid water, nor of water in solid sugar. How many grams
of ice are present in this container?
(a) 68 g
(b) 32 g
(c) 36 g
(d) None of these options",Original,Easy,a,4,"0.032 kg of solid sugar is added to 0.068 kg of liquid water at room temperature
and allowed to reach equilibrium. No solid sugar is observed within
the container. The temperature is then lowered to a temperature T1
and allowed to reach equilibrium. At temperature T1 it is observed
that only solid sugar and solid water (ice) exist. There is no solubility
of sugar in solid water, nor of water in solid sugar. How many grams
of ice are present in this container?
(a) 0.150 lbs
(b) 32000 mg
(c) 36000 mg
(d) None of these options","32000 mg of solid sugar is added to 0.150 lbs of liquid water at room temperature
and allowed to reach equilibrium. No solid sugar is observed within
the container. The temperature is then lowered to a temperature T1
and allowed to reach equilibrium. At temperature T1 it is observed
that only solid sugar and solid water (ice) exist. There is no solubility
of sugar in solid water, nor of water in solid sugar. How many grams
of ice are present in this container?
(a) 68000 mg
(b) 32 g
(c) 36 g
(d) None of these options","0.071 lbs of solid sugar is added to 0.068 kg of liquid water at room temperature
and allowed to reach equilibrium. No solid sugar is observed within
the container. The temperature is then lowered to a temperature T1
and allowed to reach equilibrium. At temperature T1 it is observed
that only solid sugar and solid water (ice) exist. There is no solubility
of sugar in solid water, nor of water in solid sugar. How many grams
of ice are present in this container?
(a) 68000 mg
(b) 32 g
(c) 36000 mg
(d) None of these options","At temperature T1 it is observed
that only solid sugar and solid water (ice) exist. No solid sugar is observed within
the container. The temperature is then lowered to a temperature T1
and allowed to reach equilibrium. There is no solubility
of sugar in solid water, nor of water in solid sugar. 32 g of solid sugar is added to 68 g of liquid water at room temperature
and allowed to reach equilibrium. How many grams
of ice are present in this container?
(a) 68 g
(b) 32 g
(c) 36 g
(d) None of these options","There is no solubility
of sugar in solid water, nor of water in solid sugar. How many grams
of ice are present in this container?
 32 g of solid sugar is added to 68 g of liquid water at room temperature
and allowed to reach equilibrium. No solid sugar is observed within
the container. The temperature is then lowered to a temperature T1
and allowed to reach equilibrium. At temperature T1 it is observed
that only solid sugar and solid water (ice) exist.(a) 68 g
(b) 32 g
(c) 36 g
(d) None of these options","The temperature is then lowered to a temperature T1
and allowed to reach equilibrium. No solid sugar is observed within
the container. How many grams
of ice are present in this container?
 32 g of solid sugar is added to 68 g of liquid water at room temperature
and allowed to reach equilibrium. There is no solubility
of sugar in solid water, nor of water in solid sugar. At temperature T1 it is observed
that only solid sugar and solid water (ice) exist.(a) 68 g
(b) 32 g
(c) 36 g
(d) None of these options","32 g of solid sucrose is added to 68 g of H2O at ambient conditions and allowed to reach equilibrium. No solid sucrose is observed within the container. The temperature is then reduced to a temperature T1 and allowed to reach equilibrium. At temperature T1 it is observed that only solid sucrose and crystalline water (ice) exist. There is no dissolution of sucrose in crystalline water, nor of water in solid sucrose. How many grams of ice are present in this container?
(a) 68 g
(b) 32 g
(c) 36 g
(d) None of these options","One morning, the mothers and fathers were ready as usual in the main square of Four Houses waiting for the red bus. But this was no ordinary day, for the red bus was twenty minutes late. Very slowly, he came chugging along but once he got to the square he collapsed from exhaustion. There was no way he could take the children to school today. Then the teacher asked: 32 g of solid sugar is added to 68 g of liquid water at room temperature
and allowed to reach equilibrium. No solid sugar is observed within
the container. The temperature is then lowered to a temperature T1
and allowed to reach equilibrium. At temperature T1 it is observed
that only solid sugar and solid water (ice) exist. There is no solubility
of sugar in solid water, nor of water in solid sugar. How many grams
of ice are present in this container?
(a) 68 g
(b) 32 g
(c) 36 g
(d) None of these options","32 g of solid sugar is added to 68 g of liquid water at room temperature
and allowed to reach equilibrium. If the thermally tempered glass has a bending

strength of 100 MPa, which of the following is most likely to be close
to the bending strength of the chemically tempered glass?
 No solid sugar is observed within
the container. The temperature is then lowered to a temperature T1
and allowed to reach equilibrium. At temperature T1 it is observed
that only solid sugar and solid water (ice) exist. There is no solubility
of sugar in solid water, nor of water in solid sugar. How many grams
of ice are present in this container?
 (a) 68 g
(b) 32 g
(c) 36 g
(d) None of these options","32 g of solid sugar is added to 68 g of liquid water at room temperature
and allowed to reach equilibrium. The beam has a width of 118 mm and a
thickness of 35 mm. No solid sugar is observed within
the container. The temperature is then lowered to a temperature T1
and allowed to reach equilibrium. At temperature T1 it is observed
that only solid sugar and solid water (ice) exist. There is no solubility
of sugar in solid water, nor of water in solid sugar. How many grams
of ice are present in this container?
 (a) 68 g
(b) 32 g
(c) 36 g
(d) None of these options","32 g of solid sugar is added to 68 g of liquid water at room temperature
and allowed to reach equilibrium. Under this load the
guage length elongates elastically by 46 mm. No solid sugar is observed within
the container. The temperature is then lowered to a temperature T1
and allowed to reach equilibrium. At temperature T1 it is observed
that only solid sugar and solid water (ice) exist. There is no solubility
of sugar in solid water, nor of water in solid sugar. How many grams
of ice are present in this container?
 (a) 68 g
(b) 32 g
(c) 36 g
(d) None of these options"
"A newly discovered element ZZZ (sleepium) has an atomic radius of
128 pm, a molar mass of 64.55 g/mol, and forms an FCC crystal, what
would you estimate the density of ZZZ to be?
(a) 9.0 g/cm^-3
(b) 25.5 g/cm^-3
(c) 16.5 g/cm^-3
(d) 3.2 g/cm^-3",Original,Hard,a,4,"A newly discovered element ZZZ (sleepium) has an atomic radius of
0.0000000001280 m, a molar mass of 0.065 kg/mol, and forms an FCC crystal, what
would you estimate the density of ZZZ to be?
(a) 0.009 kg/cm^-3
(b) 26 g/cm^-3
(c) 0.017 kg/cm^-3
(d) 0.003 kg/cm^-3","A newly discovered element ZZZ (sleepium) has an atomic radius of
128.0 pm, a molar mass of 0.142 lbs/mol, and forms an FCC crystal, what
would you estimate the density of ZZZ to be?
(a) 0.020 lbs/cm^-3
(b) 26 g/cm^-3
(c) 0.017 kg/cm^-3
(d) 3200 mg/cm^-3","A newly discovered element ZZZ (sleepium) has an atomic radius of
0.0000000001280 m, a molar mass of 0.142 lbs/mol, and forms an FCC crystal, what
would you estimate the density of ZZZ to be?
(a) 0.020 lbs/cm^-3
(b) 26 g/cm^-3
(c) 0.017 kg/cm^-3
(d) 3200 mg/cm^-3","A newly discovered element ZZZ (sleepium) has an atomic radius of
128 pm, a molar mass of 64.55 g/mol, and forms an FCC crystal, what
would you estimate the density of ZZZ to be?
(a) 9.0 g/cm^-3
(b) 25.5 g/cm^-3
(c) 16.5 g/cm^-3
(d) 3.2 g/cm^-3","A newly discovered element ZZZ (sleepium) has an atomic radius of
128 pm, a molar mass of 64.55 g/mol, and forms an FCC crystal, what
would you estimate the density of ZZZ to be?
(a) 9.0 g/cm^-3
(b) 25.5 g/cm^-3
(c) 16.5 g/cm^-3
(d) 3.2 g/cm^-3","A newly discovered element ZZZ (sleepium) has an atomic radius of
128 pm, a molar mass of 64.55 g/mol, and forms an FCC crystal, what
would you estimate the density of ZZZ to be?
(a) 9.0 g/cm^-3
(b) 25.5 g/cm^-3
(c) 16.5 g/cm^-3
(d) 3.2 g/cm^-3","A newly identified element ZZZ (sleepium) possesses an atomic radius of 128 pm, a molecular weight of 64.55 g/mol, and crystallizes in a Face-Centered Cubic (FCC) lattice structure. What would be your estimation for the density of ZZZ?
(a) 9.0 g/cm^-3
(b) 25.5 g/cm^-3
(c) 16.5 g/cm^-3
(d) 3.2 g/cm^-3","One morning, the mothers and fathers were ready as usual in the main square of Four Houses waiting for the red bus. But this was no ordinary day, for the red bus was twenty minutes late. Very slowly, he came chugging along but once he got to the square he collapsed from exhaustion. There was no way he could take the children to school today. Then the teacher asked: A newly discovered element ZZZ (sleepium) has an atomic radius of
128 pm, a molar mass of 64.55 g/mol, and forms an FCC crystal, what
would you estimate the density of ZZZ to be?
(a) 9.0 g/cm^-3
(b) 25.5 g/cm^-3
(c) 16.5 g/cm^-3
(d) 3.2 g/cm^-3","A newly discovered element ZZZ (sleepium) has an atomic radius of
128 pm, a molar mass of 64.55 g/mol, and forms an FCC crystal, what
would you estimate the density of ZZZ to be?
 A 505 N load is applied on the top surface at the midspan.

Which of the following is the load bearing cross-sectional area sup-
porting a tensile load?

 (a) 9.0 g/cm^-3
(b) 25.5 g/cm^-3
(c) 16.5 g/cm^-3
(d) 3.2 g/cm^-3","A newly discovered element ZZZ (sleepium) has an atomic radius of
128 pm, a molar mass of 64.55 g/mol, and forms an FCC crystal, what
would you estimate the density of ZZZ to be?
 If the diameter of the

reduced section and the grip region are 28.7 mm and 47.5 mm, re-
spectively, what is the stress in the grip region?

 (a) 9.0 g/cm^-3
(b) 25.5 g/cm^-3
(c) 16.5 g/cm^-3
(d) 3.2 g/cm^-3","A newly discovered element ZZZ (sleepium) has an atomic radius of
128 pm, a molar mass of 64.55 g/mol, and forms an FCC crystal, what
would you estimate the density of ZZZ to be?
 Decreasing the grain size of a metal would generally be expected
to result in an increase in the yield strength of that metal.
4. (a) 9.0 g/cm^-3
(b) 25.5 g/cm^-3
(c) 16.5 g/cm^-3
(d) 3.2 g/cm^-3"
"A photon with a wavelength of 300 nm is absorbed by an atom. An
electron is promoted to a higher energy level na but loses energy
through non-radiative processes (doesn't emit light), and reaches energy level nb. The electron then drops down to its ground level,
emitting a photon with a wavelength of 700 nm. What is the energy
difference between na and nb?
(a) 2.36 eV
(b) 3.01 eV
(c) 1.77 eV
(d) 1.54 eV",Original,Medium,a,4,"A photon with a wavelength of 0.0000003000 m is absorbed by an atom. An
electron is promoted to a higher energy level na but loses energy
through non-radiative processes (doesn't emit light), and reaches energy level nb. The electron then drops down to its ground level,
emitting a photon with a wavelength of 0.0000007000 m. What is the energy
difference between na and nb?
(a) 2 eV
(b) 4.8225618000e-22 kJ
(c) 2.8358586000e-22 kJ
(d) 2 eV","A photon with a wavelength of 0.000300000 mm is absorbed by an atom. An
electron is promoted to a higher energy level na but loses energy
through non-radiative processes (doesn't emit light), and reaches energy level nb. The electron then drops down to its ground level,
emitting a photon with a wavelength of 0.0000007000 m. What is the energy
difference between na and nb?
(a) 3.7811448000e-19 J
(b) 3 eV
(c) 2 eV
(d) 2.4673572000e-22 kJ","A photon with a wavelength of 0.0000003000 m is absorbed by an atom. An
electron is promoted to a higher energy level na but loses energy
through non-radiative processes (doesn't emit light), and reaches energy level nb. The electron then drops down to its ground level,
emitting a photon with a wavelength of 0.000700000 mm. What is the energy
difference between na and nb?
(a) 2 eV
(b) 4.8225618000e-22 kJ
(c) 2.8358586000e-22 kJ
(d) 2.4673572000e-19 J","What is the energy
difference between na and nb?
 The electron then drops down to its ground level,
emitting a photon with a wavelength of 700 nm. A photon with a wavelength of 300 nm is absorbed by an atom. An
electron is promoted to a higher energy level na but loses energy
through non-radiative processes (doesn't emit light), and reaches energy level nb.(a) 2.36 eV
(b) 3.01 eV
(c) 1.77 eV
(d) 1.54 eV","A photon with a wavelength of 300 nm is absorbed by an atom. An
electron is promoted to a higher energy level na but loses energy
through non-radiative processes (doesn't emit light), and reaches energy level nb. What is the energy
difference between na and nb?
 The electron then drops down to its ground level,
emitting a photon with a wavelength of 700 nm.(a) 2.36 eV
(b) 3.01 eV
(c) 1.77 eV
(d) 1.54 eV","The electron then drops down to its ground level,
emitting a photon with a wavelength of 700 nm. What is the energy
difference between na and nb?
 A photon with a wavelength of 300 nm is absorbed by an atom. An
electron is promoted to a higher energy level na but loses energy
through non-radiative processes (doesn't emit light), and reaches energy level nb.(a) 2.36 eV
(b) 3.01 eV
(c) 1.77 eV
(d) 1.54 eV","A quantum of light with a wavelength of 300 nm is absorbed by an atom. An electron is elevated to a higher energy state na but dissipates energy through non-luminescent processes (does not emit light), and attains energy state nb. The electron then descends to its ground state, emitting a quantum of light with a wavelength of 700 nm. What is the energy difference between na and nb?
(a) 2.36 eV
(b) 3.01 eV
(c) 1.77 eV
(d) 1.54 eV","One morning, the mothers and fathers were ready as usual in the main square of Four Houses waiting for the red bus. But this was no ordinary day, for the red bus was twenty minutes late. Very slowly, he came chugging along but once he got to the square he collapsed from exhaustion. There was no way he could take the children to school today. Then the teacher asked: A photon with a wavelength of 300 nm is absorbed by an atom. An
electron is promoted to a higher energy level na but loses energy
through non-radiative processes (doesn't emit light), and reaches energy level nb. The electron then drops down to its ground level,
emitting a photon with a wavelength of 700 nm. What is the energy
difference between na and nb?
(a) 2.36 eV
(b) 3.01 eV
(c) 1.77 eV
(d) 1.54 eV","A photon with a wavelength of 300 nm is absorbed by an atom. For a 4232 g sample of 1.2 wt%C steel at
726 C, determine the mass of ferrite present.
 An
electron is promoted to a higher energy level na but loses energy
through non-radiative processes (doesn't emit light), and reaches energy level nb. The electron then drops down to its ground level,
emitting a photon with a wavelength of 700 nm. What is the energy
difference between na and nb?
 (a) 2.36 eV
(b) 3.01 eV
(c) 1.77 eV
(d) 1.54 eV","A photon with a wavelength of 300 nm is absorbed by an atom. A sample of a heavily cold worked 316L stainless steel is heated for several hours in a furnace at 1065 C. An
electron is promoted to a higher energy level na but loses energy
through non-radiative processes (doesn't emit light), and reaches energy level nb. The electron then drops down to its ground level,
emitting a photon with a wavelength of 700 nm. What is the energy
difference between na and nb?
 (a) 2.36 eV
(b) 3.01 eV
(c) 1.77 eV
(d) 1.54 eV","A photon with a wavelength of 300 nm is absorbed by an atom. The n-doped and p-doped samples
have a conductivity of 0.39 Ohm^-1 m^-1 and 0.32 Ohm^-1 m^-1, repectively.
Determine the relative dopant concentration between samples.
 An
electron is promoted to a higher energy level na but loses energy
through non-radiative processes (doesn't emit light), and reaches energy level nb. The electron then drops down to its ground level,
emitting a photon with a wavelength of 700 nm. What is the energy
difference between na and nb?
 (a) 2.36 eV
(b) 3.01 eV
(c) 1.77 eV
(d) 1.54 eV"
"You are given two thin film samples of a semiconductor polymer for
the next generation of fexible iPhones. One is doped n-type, and the
other is p-type. The mobility for electrons and holes, respectively,
are 1053 and 575 cm2 V^-1 s^-1. The n-doped and p-doped samples
have a conductivity of 0.39 Ohm^-1 m^-1 and 0.32 Ohm^-1 m^-1, repectively.
Determine the relative dopant concentration between samples.
(a) The p-type concentration is 1.5 times higher than the n-type
(b) The n-type concentration is 1.6 times higher than the p-type
(c) The p-type concentration is 1.8 times higher than the n-type
(d) The n-type concentration is 1.4 times higher than the n-type",Original,Hard,a,4,"You are given two thin film samples of a semiconductor polymer for
the next generation of fexible iPhones. One is doped n-type, and the
other is p-type. The mobility for electrons and holes, respectively,
are 1053 and 575 cm2 V^-1 s^-1. The n-doped and p-doped samples
have a conductivity of 0.39 Ohm^-1000000000000 pm^-1 and 0.32 Ohm^-1.0 m^-1, repectively.
Determine the relative dopant concentration between samples.
(a) The p-type concentration is 1.5 times higher than the n-type
(b) The n-type concentration is 1.6 times higher than the p-type
(c) The p-type concentration is 1.8 times higher than the n-type
(d) The n-type concentration is 1.4 times higher than the n-type","You are given two thin film samples of a semiconductor polymer for
the next generation of fexible iPhones. One is doped n-type, and the
other is p-type. The mobility for electrons and holes, respectively,
are 1053 and 575 cm2 V^-1 s^-1. The n-doped and p-doped samples
have a conductivity of 0.39 Ohm^-100.00 cm^-1 and 0.32 Ohm^-1.0 m^-1, repectively.
Determine the relative dopant concentration between samples.
(a) The p-type concentration is 1.5 times higher than the n-type
(b) The n-type concentration is 1.6 times higher than the p-type
(c) The p-type concentration is 1.8 times higher than the n-type
(d) The n-type concentration is 1.4 times higher than the n-type","You are given two thin film samples of a semiconductor polymer for
the next generation of fexible iPhones. One is doped n-type, and the
other is p-type. The mobility for electrons and holes, respectively,
are 1053 and 575 cm2 V^-1 s^-1. The n-doped and p-doped samples
have a conductivity of 0.39 Ohm^-1.0 m^-1 and 0.32 Ohm^-1.0 m^-1, repectively.
Determine the relative dopant concentration between samples.
(a) The p-type concentration is 1.5 times higher than the n-type
(b) The n-type concentration is 1.6 times higher than the p-type
(c) The p-type concentration is 1.8 times higher than the n-type
(d) The n-type concentration is 1.4 times higher than the n-type","One is doped n-type, and the
other is p-type. The n-doped and p-doped samples
have a conductivity of 0.39 Ohm^-1 m^-1 and 0.32 Ohm^-1 m^-1, repectively.
Determine the relative dopant concentration between samples.
 The mobility for electrons and holes, respectively,
are 1053 and 575 cm2 V^-1 s^-1. You are given two thin film samples of a semiconductor polymer for
the next generation of fexible iPhones.(a) The p-type concentration is 1.5 times higher than the n-type
(b) The n-type concentration is 1.6 times higher than the p-type
(c) The p-type concentration is 1.8 times higher than the n-type
(d) The n-type concentration is 1.4 times higher than the n-type","One is doped n-type, and the
other is p-type. You are given two thin film samples of a semiconductor polymer for
the next generation of fexible iPhones. The mobility for electrons and holes, respectively,
are 1053 and 575 cm2 V^-1 s^-1. The n-doped and p-doped samples
have a conductivity of 0.39 Ohm^-1 m^-1 and 0.32 Ohm^-1 m^-1, repectively.
Determine the relative dopant concentration between samples.
(a) The p-type concentration is 1.5 times higher than the n-type
(b) The n-type concentration is 1.6 times higher than the p-type
(c) The p-type concentration is 1.8 times higher than the n-type
(d) The n-type concentration is 1.4 times higher than the n-type","You are given two thin film samples of a semiconductor polymer for
the next generation of fexible iPhones. One is doped n-type, and the
other is p-type. The n-doped and p-doped samples
have a conductivity of 0.39 Ohm^-1 m^-1 and 0.32 Ohm^-1 m^-1, repectively.
Determine the relative dopant concentration between samples.
 The mobility for electrons and holes, respectively,
are 1053 and 575 cm2 V^-1 s^-1.(a) The p-type concentration is 1.5 times higher than the n-type
(b) The n-type concentration is 1.6 times higher than the p-type
(c) The p-type concentration is 1.8 times higher than the n-type
(d) The n-type concentration is 1.4 times higher than the n-type","You are given two thin film samples of a polymeric semiconductor for
the next generation of fexible iPhones. One is doped n-type, and the
other is p-type. The mobility for electrons and holes, respectively,
are 1053 and 575 cm2 V^-1 s^-1. The n-doped and p-doped samples
have a conductivity of 0.39 Ohm^-1 m^-1 and 0.32 Ohm^-1 m^-1, repectively.
Determine the relative dopant concentration between samples.
(a) The p-type concentration is 1.5 times higher than the n-type
(b) The n-type concentration is 1.6 times higher than the p-type
(c) The p-type concentration is 1.8 times higher than the n-type
(d) The n-type concentration is 1.4 times higher than the n-type","One morning, the mothers and fathers were ready as usual in the main square of Four Houses waiting for the red bus. But this was no ordinary day, for the red bus was twenty minutes late. Very slowly, he came chugging along but once he got to the square he collapsed from exhaustion. There was no way he could take the children to school today. Then the teacher asked: You are given two thin film samples of a semiconductor polymer for
the next generation of fexible iPhones. One is doped n-type, and the
other is p-type. The mobility for electrons and holes, respectively,
are 1053 and 575 cm2 V^-1 s^-1. The n-doped and p-doped samples
have a conductivity of 0.39 Ohm^-1 m^-1 and 0.32 Ohm^-1 m^-1, repectively.
Determine the relative dopant concentration between samples.
(a) The p-type concentration is 1.5 times higher than the n-type
(b) The n-type concentration is 1.6 times higher than the p-type
(c) The p-type concentration is 1.8 times higher than the n-type
(d) The n-type concentration is 1.4 times higher than the n-type","You are given two thin film samples of a semiconductor polymer for
the next generation of fexible iPhones. A paper you are reading states that a newly developed ceramic material was determined to
have strengths of 450 MPa and 1020 MPa. One is doped n-type, and the
other is p-type. The mobility for electrons and holes, respectively,
are 1053 and 575 cm2 V^-1 s^-1. The n-doped and p-doped samples
have a conductivity of 0.39 Ohm^-1 m^-1 and 0.32 Ohm^-1 m^-1, repectively.
Determine the relative dopant concentration between samples.
 (a) The p-type concentration is 1.5 times higher than the n-type
(b) The n-type concentration is 1.6 times higher than the p-type
(c) The p-type concentration is 1.8 times higher than the n-type
(d) The n-type concentration is 1.4 times higher than the n-type","You are given two thin film samples of a semiconductor polymer for
the next generation of fexible iPhones. A cylindrical sample of stainless steel having a Young's modulus
of 202.2 GPa, and a diameter of 10.9 mm, is loaded to a stress of
498.6 MPa. One is doped n-type, and the
other is p-type. The mobility for electrons and holes, respectively,
are 1053 and 575 cm2 V^-1 s^-1. The n-doped and p-doped samples
have a conductivity of 0.39 Ohm^-1 m^-1 and 0.32 Ohm^-1 m^-1, repectively.
Determine the relative dopant concentration between samples.
 (a) The p-type concentration is 1.5 times higher than the n-type
(b) The n-type concentration is 1.6 times higher than the p-type
(c) The p-type concentration is 1.8 times higher than the n-type
(d) The n-type concentration is 1.4 times higher than the n-type","You are given two thin film samples of a semiconductor polymer for
the next generation of fexible iPhones. The sample is then unloaded completely
and is found to have an unloaded length of 39300 mm. One is doped n-type, and the
other is p-type. The mobility for electrons and holes, respectively,
are 1053 and 575 cm2 V^-1 s^-1. The n-doped and p-doped samples
have a conductivity of 0.39 Ohm^-1 m^-1 and 0.32 Ohm^-1 m^-1, repectively.
Determine the relative dopant concentration between samples.
 (a) The p-type concentration is 1.5 times higher than the n-type
(b) The n-type concentration is 1.6 times higher than the p-type
(c) The p-type concentration is 1.8 times higher than the n-type
(d) The n-type concentration is 1.4 times higher than the n-type"
"An 80 kg person must stand at the mid-span of a concrete beam
supported on either end. The beam has height 8 cm, width 13 cm,
and the concrete has a fracture strength of 28 MPa. Determine the
maximum possible span for this beam, such that fracture will not
occur.
(a) None of these options
(b) 247 m
(c) 20 m
(d) 30 m",Original,Hard,c,4,"An 80 kg person must stand at the mid-span of a concrete beam
supported on either end. The beam has height 0.0800 m, width 130000000 nm,
and the concrete has a fracture strength of 28000000 Pa. Determine the
maximum possible span for this beam, such that fracture will not
occur.
(a) None of these options
(b) 247.0 m
(c) 20.0 m
(d) 30000.00 mm","An 176.36960 lbs person must stand at the mid-span of a concrete beam
supported on either end. The beam has height 80.00 mm, width 130.00 mm,
and the concrete has a fracture strength of 0.028000 GPa. Determine the
maximum possible span for this beam, such that fracture will not
occur.
(a) None of these options
(b) 247.0 m
(c) 20000000000000 pm
(d) 30.0 m","An 176.36960 lbs person must stand at the mid-span of a concrete beam
supported on either end. The beam has height 0.0800 m, width 13.0 cm,
and the concrete has a fracture strength of 28000000 Pa. Determine the
maximum possible span for this beam, such that fracture will not
occur.
(a) None of these options
(b) 247.0 m
(c) 20000000000000 pm
(d) 30000.00 mm","An 80 kg person must stand at the mid-span of a concrete beam
supported on either end. The beam has height 8 cm, width 13 cm,
and the concrete has a fracture strength of 28 MPa. Determine the
maximum possible span for this beam, such that fracture will not
occur.
(a) None of these options
(b) 247 m
(c) 20 m
(d) 30 m","The beam has height 8 cm, width 13 cm,
and the concrete has a fracture strength of 28 MPa. Determine the
maximum possible span for this beam, such that fracture will not
occur.
 An 80 kg person must stand at the mid-span of a concrete beam
supported on either end.(a) None of these options
(b) 247 m
(c) 20 m
(d) 30 m","The beam has height 8 cm, width 13 cm,
and the concrete has a fracture strength of 28 MPa. Determine the
maximum possible span for this beam, such that fracture will not
occur.
 An 80 kg person must stand at the mid-span of a concrete beam
supported on either end.(a) None of these options
(b) 247 m
(c) 20 m
(d) 30 m","An 80 kg human must stand at the middle of a cement beam
supported on either end. The beam has height 8 cm, width 13 cm,
and the concrete has a fracture strength of 28 MPa. Determine the
maximum possible length for this beam, such that fracture will not
occur.
(a) None of these options
(b) 247 m
(c) 20 m
(d) 30 m","One morning, the mothers and fathers were ready as usual in the main square of Four Houses waiting for the red bus. But this was no ordinary day, for the red bus was twenty minutes late. Very slowly, he came chugging along but once he got to the square he collapsed from exhaustion. There was no way he could take the children to school today. Then the teacher asked: An 80 kg person must stand at the mid-span of a concrete beam
supported on either end. The beam has height 8 cm, width 13 cm,
and the concrete has a fracture strength of 28 MPa. Determine the
maximum possible span for this beam, such that fracture will not
occur.
(a) None of these options
(b) 247 m
(c) 20 m
(d) 30 m","An 80 kg person must stand at the mid-span of a concrete beam
supported on either end. If the thermally tempered glass has a bending

strength of 100 MPa, which of the following is most likely to be close
to the bending strength of the chemically tempered glass?
 The beam has height 8 cm, width 13 cm,
and the concrete has a fracture strength of 28 MPa. Determine the
maximum possible span for this beam, such that fracture will not
occur.
 (a) None of these options
(b) 247 m
(c) 20 m
(d) 30 m","An 80 kg person must stand at the mid-span of a concrete beam
supported on either end. A 2.8 metre cylindrical steel tensile tie must support a load of 32 kN
along its long axis without elongating beyond 1 cm. The beam has height 8 cm, width 13 cm,
and the concrete has a fracture strength of 28 MPa. Determine the
maximum possible span for this beam, such that fracture will not
occur.
 (a) None of these options
(b) 247 m
(c) 20 m
(d) 30 m","An 80 kg person must stand at the mid-span of a concrete beam
supported on either end. The anion and cation radii are 0.18 nm and 0.145 nm, respectively. The beam has height 8 cm, width 13 cm,
and the concrete has a fracture strength of 28 MPa. Determine the
maximum possible span for this beam, such that fracture will not
occur.
 (a) None of these options
(b) 247 m
(c) 20 m
(d) 30 m"
"Which of the following items would you expect to be optically transparent?
A. Non-porous, polycrystalline, silicon dioxide
B. Non-porous, single crystal, silicon dioxide
C. Porous, polycrystalline, silicon dioxide
D. Porous, single crystal, silicon dioxide",Original,Medium,b,4,"Which of the following items would you expect to be optically transparent?
A. Non-porous, polycrystalline, silicon dioxide
B. Non-porous, single crystal, silicon dioxide
C. Porous, polycrystalline, silicon dioxide
D. Porous, single crystal, silicon dioxide","Which of the following items would you expect to be optically transparent?
A. Non-porous, polycrystalline, silicon dioxide
B. Non-porous, single crystal, silicon dioxide
C. Porous, polycrystalline, silicon dioxide
D. Porous, single crystal, silicon dioxide","Which of the following items would you expect to be optically transparent?
A. Non-porous, polycrystalline, silicon dioxide
B. Non-porous, single crystal, silicon dioxide
C. Porous, polycrystalline, silicon dioxide
D. Porous, single crystal, silicon dioxide","Which of the following items would you expect to be optically transparent?
A. Non-porous, polycrystalline, silicon dioxide
B. Non-porous, single crystal, silicon dioxide
C. Porous, polycrystalline, silicon dioxide
D. Porous, single crystal, silicon dioxide","Which of the following items would you expect to be optically transparent?
A. Non-porous, polycrystalline, silicon dioxide
B. Non-porous, single crystal, silicon dioxide
C. Porous, polycrystalline, silicon dioxide
D. Porous, single crystal, silicon dioxide","Which of the following items would you expect to be optically transparent?
A. Non-porous, polycrystalline, silicon dioxide
B. Non-porous, single crystal, silicon dioxide
C. Porous, polycrystalline, silicon dioxide
D. Porous, single crystal, silicon dioxide","Which of the following items would you expect to be optically clear?
A. Non-porous, polycrystalline, silicon dioxide
B. Non-porous, single crystal, silicon dioxide
C. Porous, polycrystalline, silicon dioxide
D. Porous, single crystal, silicon dioxide","One morning, the mothers and fathers were ready as usual in the main square of Four Houses waiting for the red bus. But this was no ordinary day, for the red bus was twenty minutes late. Very slowly, he came chugging along but once he got to the square he collapsed from exhaustion. There was no way he could take the children to school today. Then the teacher asked: Which of the following items would you expect to be optically transparent?
A. Non-porous, polycrystalline, silicon dioxide
B. Non-porous, single crystal, silicon dioxide
C. Porous, polycrystalline, silicon dioxide
D. Porous, single crystal, silicon dioxide","Which of the following items would you expect to be optically transparent?
 A cylindrical sample of stainless steel having a Young's modulus of
204.3 GPa, a diameter of 12.0 mm, and initial length of 237.8 mm
is loaded to a stress of 411.5 MPa. A. Non-porous, polycrystalline, silicon dioxide
B. Non-porous, single crystal, silicon dioxide
C. Porous, polycrystalline, silicon dioxide
D. Porous, single crystal, silicon dioxide","Which of the following items would you expect to be optically transparent?
 A cylindrical cross-section rod is loaded along its long axis with a
tensile load of 7276.617 N. A. Non-porous, polycrystalline, silicon dioxide
B. Non-porous, single crystal, silicon dioxide
C. Porous, polycrystalline, silicon dioxide
D. Porous, single crystal, silicon dioxide","Which of the following items would you expect to be optically transparent?
 A non-metallic material has a bandgap of 2.1 eV. A. Non-porous, polycrystalline, silicon dioxide
B. Non-porous, single crystal, silicon dioxide
C. Porous, polycrystalline, silicon dioxide
D. Porous, single crystal, silicon dioxide"
"An alien species makes first contact with humans on Earth. They have a
different standard state, but interestingly they still use the Joule as the unit of energy.
They are interested in our barbecues and so they calculate the enthalpy change for the
combustion of one mole of propane. Do they calculate the same enthalpy change for this
reaction as we do?
A. No
B. Unable to determine
C. Yes",Original,Medium,c,3,"An alien species makes first contact with humans on Earth. They have a
different standard state, but interestingly they still use the Joule as the unit of energy.
They are interested in our barbecues and so they calculate the enthalpy change for the
combustion of one mole of propane. Do they calculate the same enthalpy change for this
reaction as we do?
A. No
B. Unable to determine
C. Yes","An alien species makes first contact with humans on Earth. They have a
different standard state, but interestingly they still use the Joule as the unit of energy.
They are interested in our barbecues and so they calculate the enthalpy change for the
combustion of one mole of propane. Do they calculate the same enthalpy change for this
reaction as we do?
A. No
B. Unable to determine
C. Yes","An alien species makes first contact with humans on Earth. They have a
different standard state, but interestingly they still use the Joule as the unit of energy.
They are interested in our barbecues and so they calculate the enthalpy change for the
combustion of one mole of propane. Do they calculate the same enthalpy change for this
reaction as we do?
A. No
B. Unable to determine
C. Yes","They have a
different standard state, but interestingly they still use the Joule as the unit of energy.
They are interested in our barbecues and so they calculate the enthalpy change for the
combustion of one mole of propane. Do they calculate the same enthalpy change for this
reaction as we do?
 An alien species makes first contact with humans on Earth.A. No
B. Unable to determine
C. Yes","Do they calculate the same enthalpy change for this
reaction as we do?
 An alien species makes first contact with humans on Earth. They have a
different standard state, but interestingly they still use the Joule as the unit of energy.
They are interested in our barbecues and so they calculate the enthalpy change for the
combustion of one mole of propane.A. No
B. Unable to determine
C. Yes","They have a
different standard state, but interestingly they still use the Joule as the unit of energy.
They are interested in our barbecues and so they calculate the enthalpy change for the
combustion of one mole of propane. Do they calculate the same enthalpy change for this
reaction as we do?
 An alien species makes first contact with humans on Earth.A. No
B. Unable to determine
C. Yes","An alien species makes first contact with humans on Earth. They have a
different reference state, but interestingly they still use the Joule as the unit of energy.
They are interested in our barbecues and so they calculate the change in enthalpy for burning one mole of propane. Do they calculate the same change in enthalpy for this
reaction as we do?
A. No
B. Unable to determine
C. Yes","One morning, the mothers and fathers were ready as usual in the main square of Four Houses waiting for the red bus. But this was no ordinary day, for the red bus was twenty minutes late. Very slowly, he came chugging along but once he got to the square he collapsed from exhaustion. There was no way he could take the children to school today. Then the teacher asked: An alien species makes first contact with humans on Earth. They have a
different standard state, but interestingly they still use the Joule as the unit of energy.
They are interested in our barbecues and so they calculate the enthalpy change for the
combustion of one mole of propane. Do they calculate the same enthalpy change for this
reaction as we do?
A. No
B. Unable to determine
C. Yes","An alien species makes first contact with humans on Earth. The sample is
then loaded again until it's loaded length is 39500 mm. They have a
different standard state, but interestingly they still use the Joule as the unit of energy.
They are interested in our barbecues and so they calculate the enthalpy change for the
combustion of one mole of propane. Do they calculate the same enthalpy change for this
reaction as we do?
 A. No
B. Unable to determine
C. Yes","An alien species makes first contact with humans on Earth. The thermal energy within a polymer near room temperature is
comparable to the intermolecular bonding energy and therefore
the strength of a polymer tends to change significantly with
small chagnes in temperature near room temperature.
4. They have a
different standard state, but interestingly they still use the Joule as the unit of energy.
They are interested in our barbecues and so they calculate the enthalpy change for the
combustion of one mole of propane. Do they calculate the same enthalpy change for this
reaction as we do?
 A. No
B. Unable to determine
C. Yes","An alien species makes first contact with humans on Earth. A cylindrical cross-section rod is loaded along its long axis with a
tensile load of 7276.617 N. They have a
different standard state, but interestingly they still use the Joule as the unit of energy.
They are interested in our barbecues and so they calculate the enthalpy change for the
combustion of one mole of propane. Do they calculate the same enthalpy change for this
reaction as we do?
 A. No
B. Unable to determine
C. Yes"
"A reaction with a positive enthalpy change and a negative entropy change will
be spontaneous under which of the following conditions?
A. Never
B. At high temperature
C. At all temperatures
D. At low temperatures",Original,Easy,a,4,"A reaction with a positive enthalpy change and a negative entropy change will
be spontaneous under which of the following conditions?
A. Never
B. At high temperature
C. At all temperatures
D. At low temperatures","A reaction with a positive enthalpy change and a negative entropy change will
be spontaneous under which of the following conditions?
A. Never
B. At high temperature
C. At all temperatures
D. At low temperatures","A reaction with a positive enthalpy change and a negative entropy change will
be spontaneous under which of the following conditions?
A. Never
B. At high temperature
C. At all temperatures
D. At low temperatures","A reaction with a positive enthalpy change and a negative entropy change will
be spontaneous under which of the following conditions?
A. Never
B. At high temperature
C. At all temperatures
D. At low temperatures","A reaction with a positive enthalpy change and a negative entropy change will
be spontaneous under which of the following conditions?
A. Never
B. At high temperature
C. At all temperatures
D. At low temperatures","A reaction with a positive enthalpy change and a negative entropy change will
be spontaneous under which of the following conditions?
A. Never
B. At high temperature
C. At all temperatures
D. At low temperatures","A reaction with a positive change in enthalpy and a negative change in entropy will
be spontaneous under which of the following conditions?
A. Never
B. At high temperature
C. At all temperatures
D. At low temperatures","One morning, the mothers and fathers were ready as usual in the main square of Four Houses waiting for the red bus. But this was no ordinary day, for the red bus was twenty minutes late. Very slowly, he came chugging along but once he got to the square he collapsed from exhaustion. There was no way he could take the children to school today. Then the teacher asked: A reaction with a positive enthalpy change and a negative entropy change will
be spontaneous under which of the following conditions?
A. Never
B. At high temperature
C. At all temperatures
D. At low temperatures","A reaction with a positive enthalpy change and a negative entropy change will
be spontaneous under which of the following conditions?
 The unloaded gauge length is 573 mm, and the
width and thickness of the reduced section are 12 mm and 6 mm,
respectively, and the length of the reduced section is 600 mm. A. Never
B. At high temperature
C. At all temperatures
D. At low temperatures","A reaction with a positive enthalpy change and a negative entropy change will
be spontaneous under which of the following conditions?
 A theoretical system of particles at infinite temperature would
have all particles existing in the highest possible energy states.
2. A. Never
B. At high temperature
C. At all temperatures
D. At low temperatures","A reaction with a positive enthalpy change and a negative entropy change will
be spontaneous under which of the following conditions?
 A sample of a heavily cold worked 316L stainless steel is heated for several hours in a furnace at 1065 C. A. Never
B. At high temperature
C. At all temperatures
D. At low temperatures"
"30 g of water is added to 70 g of sugar, cooled to -30 C and allowed to reach
equilibrium. How many grams of ice will be present?
A. 70 g
B. 30 g
C. 100 g
D. 0 g
",Original,Easy,b,4,"30000 mg of water is added to 0.154 lbs of sugar, cooled to -303.15 K and allowed to reach
equilibrium. How many grams of ice will be present?
A. 70000 mg
B. 30.000 kg
C. 0.220 lbs
D. 0 g
","0.030 kg of water is added to 0.154 lbs of sugar, cooled to -30.00 C and allowed to reach
equilibrium. How many grams of ice will be present?
A. 70000 mg
B. 30 g
C. 0.220 lbs
D. 0 g
","0.030 kg of water is added to 0.154 lbs of sugar, cooled to -86.00 F and allowed to reach
equilibrium. How many grams of ice will be present?
A. 70 mg
B. 0.066 lbs
C. 100000 mg
D. 0 g
","How many grams of ice will be present?
 30 g of water is added to 70 g of sugar, cooled to -30 C and allowed to reach
equilibrium.A. 70 g
B. 30 g
C. 100 g
D. 0 g
","How many grams of ice will be present?
 30 g of water is added to 70 g of sugar, cooled to -30 C and allowed to reach
equilibrium.A. 70 g
B. 30 g
C. 100 g
D. 0 g
","30 g of water is added to 70 g of sugar, cooled to -30 C and allowed to reach
equilibrium. How many grams of ice will be present?
A. 70 g
B. 30 g
C. 100 g
D. 0 g
","30 g of water is mixed with 70 g of sucrose, chilled to -30 ??C, and permitted to attain equilibrium. How many grams of ice will be present?
A. 70 g
B. 30 g
C. 100 g
D. 0 g","One morning, the mothers and fathers were ready as usual in the main square of Four Houses waiting for the red bus. But this was no ordinary day, for the red bus was twenty minutes late. Very slowly, he came chugging along but once he got to the square he collapsed from exhaustion. There was no way he could take the children to school today. Then the teacher asked: 30 g of water is added to 70 g of sugar, cooled to -30 C and allowed to reach
equilibrium. How many grams of ice will be present?
A. 70 g
B. 30 g
C. 100 g
D. 0 g
","30 g of water is added to 70 g of sugar, cooled to -30 C and allowed to reach
equilibrium. Comparing the lengths of these rope samples at the end of this 8 month period, which of the following are possible?
 How many grams of ice will be present?
 A. 70 g
B. 30 g
C. 100 g
D. 0 g
","30 g of water is added to 70 g of sugar, cooled to -30 C and allowed to reach
equilibrium. The first beam is found to fracture when
the applied load, in three-point bending, is 2520 N. How many grams of ice will be present?
 A. 70 g
B. 30 g
C. 100 g
D. 0 g
","30 g of water is added to 70 g of sugar, cooled to -30 C and allowed to reach
equilibrium. A rectangular bar spans a length 69 m, and has a height 62 m, and
width 50 m. How many grams of ice will be present?
 A. 70 g
B. 30 g
C. 100 g
D. 0 g
"
"A sample of a heavily cold worked 316L stainless steel is heated for several hours in a furnace at 1065 C. The sample is then allowed to cool to room temperature. Relative to the value before the heat treatment, the Young's modulus after this heat treatment will be which of the following?
(a) The same as (b) Greater than (c) Less than
(d) Unable to determine with information provided",Original,Medium,a,2,"A sample of a heavily cold worked 316L stainless steel is heated for several hours in a furnace at 1949.00 F. The sample is then allowed to cool to room temperature. Relative to the value before the heat treatment, the Young's modulus after this heat treatment will be which of the following?
(a) The same as (b) Greater than (c) Less than
(d) Unable to determine with information provided","A sample of a heavily cold worked 316L stainless steel is heated for several hours in a furnace at 1949.00 F. The sample is then allowed to cool to room temperature. Relative to the value before the heat treatment, the Young's modulus after this heat treatment will be which of the following?
(a) The same as (b) Greater than (c) Less than
(d) Unable to determine with information provided","A sample of a heavily cold worked 316L stainless steel is heated for several hours in a furnace at 1338.15 K. The sample is then allowed to cool to room temperature. Relative to the value before the heat treatment, the Young's modulus after this heat treatment will be which of the following?
(a) The same as (b) Greater than (c) Less than
(d) Unable to determine with information provided","The sample is then allowed to cool to room temperature. Relative to the value before the heat treatment, the Young's modulus after this heat treatment will be which of the following?
 A sample of a heavily cold worked 316L stainless steel is heated for several hours in a furnace at 1065 C.(a) The same as (b) Greater than (c) Less than
(d) Unable to determine with information provided","A sample of a heavily cold worked 316L stainless steel is heated for several hours in a furnace at 1065 C. The sample is then allowed to cool to room temperature. Relative to the value before the heat treatment, the Young's modulus after this heat treatment will be which of the following?
(a) The same as (b) Greater than (c) Less than
(d) Unable to determine with information provided","The sample is then allowed to cool to room temperature. Relative to the value before the heat treatment, the Young's modulus after this heat treatment will be which of the following?
 A sample of a heavily cold worked 316L stainless steel is heated for several hours in a furnace at 1065 C.(a) The same as (b) Greater than (c) Less than
(d) Unable to determine with information provided","A sample of a heavily cold worked 316L stainless steel is thermally treated for several hours in a furnace at 1065 C. The sample is then allowed to cool to ambient temperature. Relative to the value before the heat treatment, the Young's modulus after this heat treatment will be which of the following?
(a) The same as (b) Greater than (c) Less than
(d) Unable to determine with information provided","One morning, the mothers and fathers were ready as usual in the main square of Four Houses waiting for the red bus. But this was no ordinary day, for the red bus was twenty minutes late. Very slowly, he came chugging along but once he got to the square he collapsed from exhaustion. There was no way he could take the children to school today. Then the teacher asked: A sample of a heavily cold worked 316L stainless steel is heated for several hours in a furnace at 1065 C. The sample is then allowed to cool to room temperature. Relative to the value before the heat treatment, the Young's modulus after this heat treatment will be which of the following?
(a) The same as (b) Greater than (c) Less than
(d) Unable to determine with information provided","A sample of a heavily cold worked 316L stainless steel is heated for several hours in a furnace at 1065 C. The beam has a width of 118 mm and a
thickness of 35 mm. The sample is then allowed to cool to room temperature. Relative to the value before the heat treatment, the Young's modulus after this heat treatment will be which of the following?
 (a) The same as (b) Greater than (c) Less than
(d) Unable to determine with information provided","A sample of a heavily cold worked 316L stainless steel is heated for several hours in a furnace at 1065 C. The simple cubic interstitial site is larger than the tetrahedral
interstitial site.
3. The sample is then allowed to cool to room temperature. Relative to the value before the heat treatment, the Young's modulus after this heat treatment will be which of the following?
 (a) The same as (b) Greater than (c) Less than
(d) Unable to determine with information provided","A sample of a heavily cold worked 316L stainless steel is heated for several hours in a furnace at 1065 C. The polar side groups within PVC create stronger intermolecular forces and contribute to the higher service temperature of
PVC.
3. The sample is then allowed to cool to room temperature. Relative to the value before the heat treatment, the Young's modulus after this heat treatment will be which of the following?
 (a) The same as (b) Greater than (c) Less than
(d) Unable to determine with information provided"
"A sample of a heavily cold worked 316L stainless steel is heated for several hours in a furnace at 1065 C. The sample is then allowed to cool to room temperature. Relative to the value before the heat treatment, the yield strength after this heat treatment will be which of the following?
(a) Less than (b) Greater than
(c) The same as
(d) Unable to determine with information provided",Original,Medium,a,4,"A sample of a heavily cold worked 316L stainless steel is heated for several hours in a furnace at 1338.15 K. The sample is then allowed to cool to room temperature. Relative to the value before the heat treatment, the yield strength after this heat treatment will be which of the following?
(a) Less than (b) Greater than
(c) The same as
(d) Unable to determine with information provided","A sample of a heavily cold worked 316L stainless steel is heated for several hours in a furnace at 1065.00 C. The sample is then allowed to cool to room temperature. Relative to the value before the heat treatment, the yield strength after this heat treatment will be which of the following?
(a) Less than (b) Greater than
(c) The same as
(d) Unable to determine with information provided","A sample of a heavily cold worked 316L stainless steel is heated for several hours in a furnace at 1949.00 F. The sample is then allowed to cool to room temperature. Relative to the value before the heat treatment, the yield strength after this heat treatment will be which of the following?
(a) Less than (b) Greater than
(c) The same as
(d) Unable to determine with information provided","The sample is then allowed to cool to room temperature. A sample of a heavily cold worked 316L stainless steel is heated for several hours in a furnace at 1065 C. Relative to the value before the heat treatment, the yield strength after this heat treatment will be which of the following?
(a) Less than (b) Greater than
(c) The same as
(d) Unable to determine with information provided","Relative to the value before the heat treatment, the yield strength after this heat treatment will be which of the following?
 The sample is then allowed to cool to room temperature. A sample of a heavily cold worked 316L stainless steel is heated for several hours in a furnace at 1065 C.(a) Less than (b) Greater than
(c) The same as
(d) Unable to determine with information provided","A sample of a heavily cold worked 316L stainless steel is heated for several hours in a furnace at 1065 C. The sample is then allowed to cool to room temperature. Relative to the value before the heat treatment, the yield strength after this heat treatment will be which of the following?
(a) Less than (b) Greater than
(c) The same as
(d) Unable to determine with information provided","A sample of a heavily cold worked 316L stainless steel is thermally treated for several hours in a furnace at 1065 C. The sample is then allowed to cool to ambient temperature. Relative to the value before the heat treatment, the yield strength after this heat treatment will be which of the following?
(a) The same as (b) Greater than (c) Less than
(d) Unable to determine with information provided","One morning, the mothers and fathers were ready as usual in the main square of Four Houses waiting for the red bus. But this was no ordinary day, for the red bus was twenty minutes late. Very slowly, he came chugging along but once he got to the square he collapsed from exhaustion. There was no way he could take the children to school today. Then the teacher asked: A sample of a heavily cold worked 316L stainless steel is heated for several hours in a furnace at 1065 C. The sample is then allowed to cool to room temperature. Relative to the value before the heat treatment, the yield strength after this heat treatment will be which of the following?
(a) Less than (b) Greater than
(c) The same as
(d) Unable to determine with information provided","A sample of a heavily cold worked 316L stainless steel is heated for several hours in a furnace at 1065 C. What would the strain at
fracture be if the toughness of this metal is known to be the same as a ceramic with a
toughness of 0.6 * 106 J/m3
.

 The sample is then allowed to cool to room temperature. Relative to the value before the heat treatment, the yield strength after this heat treatment will be which of the following?
 (a) Less than (b) Greater than
(c) The same as
(d) Unable to determine with information provided","A sample of a heavily cold worked 316L stainless steel is heated for several hours in a furnace at 1065 C. If the Young's
modulus of this alloy is 143 GPa, what is the fracture stress of this
alloy?
 The sample is then allowed to cool to room temperature. Relative to the value before the heat treatment, the yield strength after this heat treatment will be which of the following?
 (a) Less than (b) Greater than
(c) The same as
(d) Unable to determine with information provided","A sample of a heavily cold worked 316L stainless steel is heated for several hours in a furnace at 1065 C. The Young's modulus and fracture strength of this metal
are known to be 100 GPa and 1.1 GPa, respectively. The sample is then allowed to cool to room temperature. Relative to the value before the heat treatment, the yield strength after this heat treatment will be which of the following?
 (a) Less than (b) Greater than
(c) The same as
(d) Unable to determine with information provided"
"A sample of a heavily cold worked 316L stainless steel is heated for several hours in a furnace at 1065 C. The sample is then allowed to cool to room temperature. Relative to the value before the heat treatment, the plastic deformation at fracture after this heat treat- ment will be which of the following?
(a) Greater than (b) Less than
(c) The same as
(d) Unable to determine with information provided",Original,Medium,a,4,"A sample of a heavily cold worked 316L stainless steel is heated for several hours in a furnace at 1949.00 F. The sample is then allowed to cool to room temperature. Relative to the value before the heat treatment, the plastic deformation at fracture after this heat treat- ment will be which of the following?
(a) Greater than (b) Less than
(c) The same as
(d) Unable to determine with information provided","A sample of a heavily cold worked 316L stainless steel is heated for several hours in a furnace at 1065.00 C. The sample is then allowed to cool to room temperature. Relative to the value before the heat treatment, the plastic deformation at fracture after this heat treat- ment will be which of the following?
(a) Greater than (b) Less than
(c) The same as
(d) Unable to determine with information provided","A sample of a heavily cold worked 316L stainless steel is heated for several hours in a furnace at 1065.00 C. The sample is then allowed to cool to room temperature. Relative to the value before the heat treatment, the plastic deformation at fracture after this heat treat- ment will be which of the following?
(a) Greater than (b) Less than
(c) The same as
(d) Unable to determine with information provided","The sample is then allowed to cool to room temperature. A sample of a heavily cold worked 316L stainless steel is heated for several hours in a furnace at 1065 C. Relative to the value before the heat treatment, the plastic deformation at fracture after this heat treat- ment will be which of the following?
(a) Greater than (b) Less than
(c) The same as
(d) Unable to determine with information provided","The sample is then allowed to cool to room temperature. A sample of a heavily cold worked 316L stainless steel is heated for several hours in a furnace at 1065 C. Relative to the value before the heat treatment, the plastic deformation at fracture after this heat treat- ment will be which of the following?
(a) Greater than (b) Less than
(c) The same as
(d) Unable to determine with information provided","Relative to the value before the heat treatment, the plastic deformation at fracture after this heat treat- ment will be which of the following?
 The sample is then allowed to cool to room temperature. A sample of a heavily cold worked 316L stainless steel is heated for several hours in a furnace at 1065 C.(a) Greater than (b) Less than
(c) The same as
(d) Unable to determine with information provided","A sample of a heavily cold worked 316L stainless steel is thermally treated for several hours in a furnace at 1065 C. The sample is then allowed to cool to ambient temperature. Relative to the value before the heat treatment, the plastic deformation at fracture after this heat treat- ment will be which of the following?
(a) Greater than (b) Less than
(c) The same as
(d) Unable to determine with information provided","One morning, the mothers and fathers were ready as usual in the main square of Four Houses waiting for the red bus. But this was no ordinary day, for the red bus was twenty minutes late. Very slowly, he came chugging along but once he got to the square he collapsed from exhaustion. There was no way he could take the children to school today. Then the teacher asked: A sample of a heavily cold worked 316L stainless steel is heated for several hours in a furnace at 1065 C. The sample is then allowed to cool to room temperature. Relative to the value before the heat treatment, the plastic deformation at fracture after this heat treat- ment will be which of the following?
(a) Greater than (b) Less than
(c) The same as
(d) Unable to determine with information provided","A sample of a heavily cold worked 316L stainless steel is heated for several hours in a furnace at 1065 C. The first beam is found to fracture when
the applied load, in three-point bending, is 2520 N. The sample is then allowed to cool to room temperature. Relative to the value before the heat treatment, the plastic deformation at fracture after this heat treat- ment will be which of the following?
 (a) Greater than (b) Less than
(c) The same as
(d) Unable to determine with information provided","A sample of a heavily cold worked 316L stainless steel is heated for several hours in a furnace at 1065 C. Decreasing the crystallinity of a polymer would generally be
expected to increase the density of that polymer.
4. The sample is then allowed to cool to room temperature. Relative to the value before the heat treatment, the plastic deformation at fracture after this heat treat- ment will be which of the following?
 (a) Greater than (b) Less than
(c) The same as
(d) Unable to determine with information provided","A sample of a heavily cold worked 316L stainless steel is heated for several hours in a furnace at 1065 C. An hypothetical ceramic has the sodium chloride crystal structure.
The anion and cation radii are 0.199 nm and 0.101 nm, respectively.
The anion and cation molar masses are 25.29 g/mol and 45.45 g/mol, respectively. The sample is then allowed to cool to room temperature. Relative to the value before the heat treatment, the plastic deformation at fracture after this heat treat- ment will be which of the following?
 (a) Greater than (b) Less than
(c) The same as
(d) Unable to determine with information provided"
"Which of the following is the best description of the difference between a vacancy and a pore?
(a) A vacancy involves only a single missing atom, whereas a pore involves a massive number, say 109 of missing atoms
(b) A vacancy occurs within a crystal, whereas a pore exists on the surface
(c) A vacancy is a linear imperfection, whereas a pore is a three dimensional imperfection
(d) None of these options.",Original,Easy,a,4,"Which of the following is the best description of the difference between a vacancy and a pore?
(a) A vacancy involves only a single missing atom, whereas a pore involves a massive number, say 109 of missing atoms
(b) A vacancy occurs within a crystal, whereas a pore exists on the surface
(c) A vacancy is a linear imperfection, whereas a pore is a three dimensional imperfection
(d) None of these options.","Which of the following is the best description of the difference between a vacancy and a pore?
(a) A vacancy involves only a single missing atom, whereas a pore involves a massive number, say 109 of missing atoms
(b) A vacancy occurs within a crystal, whereas a pore exists on the surface
(c) A vacancy is a linear imperfection, whereas a pore is a three dimensional imperfection
(d) None of these options.","Which of the following is the best description of the difference between a vacancy and a pore?
(a) A vacancy involves only a single missing atom, whereas a pore involves a massive number, say 109 of missing atoms
(b) A vacancy occurs within a crystal, whereas a pore exists on the surface
(c) A vacancy is a linear imperfection, whereas a pore is a three dimensional imperfection
(d) None of these options.","Which of the following is the best description of the difference between a vacancy and a pore?
(a) A vacancy involves only a single missing atom, whereas a pore involves a massive number, say 109 of missing atoms
(b) A vacancy occurs within a crystal, whereas a pore exists on the surface
(c) A vacancy is a linear imperfection, whereas a pore is a three dimensional imperfection
(d) None of these options.","Which of the following is the best description of the difference between a vacancy and a pore?
(a) A vacancy involves only a single missing atom, whereas a pore involves a massive number, say 109 of missing atoms
(b) A vacancy occurs within a crystal, whereas a pore exists on the surface
(c) A vacancy is a linear imperfection, whereas a pore is a three dimensional imperfection
(d) None of these options.","Which of the following is the best description of the difference between a vacancy and a pore?
(a) A vacancy involves only a single missing atom, whereas a pore involves a massive number, say 109 of missing atoms
(b) A vacancy occurs within a crystal, whereas a pore exists on the surface
(c) A vacancy is a linear imperfection, whereas a pore is a three dimensional imperfection
(d) None of these options.","Which of the following is the best description of the difference between a vacancy and a pore?
(a) A vacancy involves only a single missing atom, whereas a pore involves a massive number, say 109 of missing atoms
(b) A vacancy occurs within a crystal structure, whereas a pore exists on the surface
(c) A vacancy is a linear imperfection, whereas a pore is a 3D imperfection
(d) None of these options.","One morning, the mothers and fathers were ready as usual in the main square of Four Houses waiting for the red bus. But this was no ordinary day, for the red bus was twenty minutes late. Very slowly, he came chugging along but once he got to the square he collapsed from exhaustion. There was no way he could take the children to school today. Then the teacher asked: Which of the following is the best description of the difference between a vacancy and a pore?
(a) A vacancy involves only a single missing atom, whereas a pore involves a massive number, say 109 of missing atoms
(b) A vacancy occurs within a crystal, whereas a pore exists on the surface
(c) A vacancy is a linear imperfection, whereas a pore is a three dimensional imperfection
(d) None of these options.","Which of the following is the best description of the difference between a vacancy and a pore?
 Which of the following statements is/are correct?
1. (a) A vacancy involves only a single missing atom, whereas a pore involves a massive number, say 109 of missing atoms
(b) A vacancy occurs within a crystal, whereas a pore exists on the surface
(c) A vacancy is a linear imperfection, whereas a pore is a three dimensional imperfection
(d) None of these options.","Which of the following is the best description of the difference between a vacancy and a pore?
 Decreasing the molecular weight of a polymer will generally
result in an increase in the strength of that polymer.
3. (a) A vacancy involves only a single missing atom, whereas a pore involves a massive number, say 109 of missing atoms
(b) A vacancy occurs within a crystal, whereas a pore exists on the surface
(c) A vacancy is a linear imperfection, whereas a pore is a three dimensional imperfection
(d) None of these options.","Which of the following is the best description of the difference between a vacancy and a pore?
 An hypothetical metal has an atomic radius of 323 nm and has the
HCP crystal structure with c/a = 1.624. (a) A vacancy involves only a single missing atom, whereas a pore involves a massive number, say 109 of missing atoms
(b) A vacancy occurs within a crystal, whereas a pore exists on the surface
(c) A vacancy is a linear imperfection, whereas a pore is a three dimensional imperfection
(d) None of these options."
"Stress is described as being sample size independent for which of the following reasons?
(a) Because stress is force per unit area, so larger samples will also require larger force to achieve the same stress.
(b) Because stress is a dimensionless quantity
(c) Because stress is always the same, regardless of how many times you repeat a test
(d) None of these options.",Original,Easy,a,4,"Stress is described as being sample size independent for which of the following reasons?
(a) Because stress is force per unit area, so larger samples will also require larger force to achieve the same stress.
(b) Because stress is a dimensionless quantity
(c) Because stress is always the same, regardless of how many times you repeat a test
(d) None of these options.","Stress is described as being sample size independent for which of the following reasons?
(a) Because stress is force per unit area, so larger samples will also require larger force to achieve the same stress.
(b) Because stress is a dimensionless quantity
(c) Because stress is always the same, regardless of how many times you repeat a test
(d) None of these options.","Stress is described as being sample size independent for which of the following reasons?
(a) Because stress is force per unit area, so larger samples will also require larger force to achieve the same stress.
(b) Because stress is a dimensionless quantity
(c) Because stress is always the same, regardless of how many times you repeat a test
(d) None of these options.","Stress is described as being sample size independent for which of the following reasons?
(a) Because stress is force per unit area, so larger samples will also require larger force to achieve the same stress.
(b) Because stress is a dimensionless quantity
(c) Because stress is always the same, regardless of how many times you repeat a test
(d) None of these options.","Stress is described as being sample size independent for which of the following reasons?
(a) Because stress is force per unit area, so larger samples will also require larger force to achieve the same stress.
(b) Because stress is a dimensionless quantity
(c) Because stress is always the same, regardless of how many times you repeat a test
(d) None of these options.","Stress is described as being sample size independent for which of the following reasons?
(a) Because stress is force per unit area, so larger samples will also require larger force to achieve the same stress.
(b) Because stress is a dimensionless quantity
(c) Because stress is always the same, regardless of how many times you repeat a test
(d) None of these options.","Stress is described as being sample size independent for which of the following reasons?
(a) Because stress is force per unit area, so larger samples will also require larger force to achieve the same stress.
(b) Because stress is a dimensionless quantity
(c) Because stress is always the same, regardless of how many times you repeat a test
(d) None of these options.","One morning, the mothers and fathers were ready as usual in the main square of Four Houses waiting for the red bus. But this was no ordinary day, for the red bus was twenty minutes late. Very slowly, he came chugging along but once he got to the square he collapsed from exhaustion. There was no way he could take the children to school today. Then the teacher asked: Stress is described as being sample size independent for which of the following reasons?
(a) Because stress is force per unit area, so larger samples will also require larger force to achieve the same stress.
(b) Because stress is a dimensionless quantity
(c) Because stress is always the same, regardless of how many times you repeat a test
(d) None of these options.","Stress is described as being sample size independent for which of the following reasons?
 The yield strength and ultimate tensile strength of this
specific alloy are 292.0 MPa and 688.0 MPa, respectively.
 (a) Because stress is force per unit area, so larger samples will also require larger force to achieve the same stress.
(b) Because stress is a dimensionless quantity
(c) Because stress is always the same, regardless of how many times you repeat a test
(d) None of these options.","Stress is described as being sample size independent for which of the following reasons?
 The anion and cation radii are 0.18 nm and 0.145 nm, respectively. (a) Because stress is force per unit area, so larger samples will also require larger force to achieve the same stress.
(b) Because stress is a dimensionless quantity
(c) Because stress is always the same, regardless of how many times you repeat a test
(d) None of these options.","Stress is described as being sample size independent for which of the following reasons?
 Comparing the lengths of these rope samples at the end of this 8 month period, which of the following are possible?
 (a) Because stress is force per unit area, so larger samples will also require larger force to achieve the same stress.
(b) Because stress is a dimensionless quantity
(c) Because stress is always the same, regardless of how many times you repeat a test
(d) None of these options."
"Young's modulus is described as being structure independent for which of the following reasons?
(a) Because Young's modulus relates to a specific bond type, which does not change with microstructural changes
(b) Because Young's modulus is a dimensionless quantity
(c) Because Young's modulus does not depend on the size of a sam- ple being tested
(d) None of these options.",Original,Easy,a,4,"Young's modulus is described as being structure independent for which of the following reasons?
(a) Because Young's modulus relates to a specific bond type, which does not change with microstructural changes
(b) Because Young's modulus is a dimensionless quantity
(c) Because Young's modulus does not depend on the size of a sam- ple being tested
(d) None of these options.","Young's modulus is described as being structure independent for which of the following reasons?
(a) Because Young's modulus relates to a specific bond type, which does not change with microstructural changes
(b) Because Young's modulus is a dimensionless quantity
(c) Because Young's modulus does not depend on the size of a sam- ple being tested
(d) None of these options.","Young's modulus is described as being structure independent for which of the following reasons?
(a) Because Young's modulus relates to a specific bond type, which does not change with microstructural changes
(b) Because Young's modulus is a dimensionless quantity
(c) Because Young's modulus does not depend on the size of a sam- ple being tested
(d) None of these options.","Young's modulus is described as being structure independent for which of the following reasons?
(a) Because Young's modulus relates to a specific bond type, which does not change with microstructural changes
(b) Because Young's modulus is a dimensionless quantity
(c) Because Young's modulus does not depend on the size of a sam- ple being tested
(d) None of these options.","Young's modulus is described as being structure independent for which of the following reasons?
(a) Because Young's modulus relates to a specific bond type, which does not change with microstructural changes
(b) Because Young's modulus is a dimensionless quantity
(c) Because Young's modulus does not depend on the size of a sam- ple being tested
(d) None of these options.","Young's modulus is described as being structure independent for which of the following reasons?
(a) Because Young's modulus relates to a specific bond type, which does not change with microstructural changes
(b) Because Young's modulus is a dimensionless quantity
(c) Because Young's modulus does not depend on the size of a sam- ple being tested
(d) None of these options.","Young's modulus is described as being structure independent for which of the following reasons?
(a) Because Young's modulus relates to a specific type of bond, which does not change with microstructural changes
(b) Because Young's modulus is a dimensionless quantity
(c) Because Young's modulus does not depend on the size of a sam- ple being tested
(d) None of these options.","One morning, the mothers and fathers were ready as usual in the main square of Four Houses waiting for the red bus. But this was no ordinary day, for the red bus was twenty minutes late. Very slowly, he came chugging along but once he got to the square he collapsed from exhaustion. There was no way he could take the children to school today. Then the teacher asked: Young's modulus is described as being structure independent for which of the following reasons?
(a) Because Young's modulus relates to a specific bond type, which does not change with microstructural changes
(b) Because Young's modulus is a dimensionless quantity
(c) Because Young's modulus does not depend on the size of a sam- ple being tested
(d) None of these options.","Young's modulus is described as being structure independent for which of the following reasons?
 Assuming that the thermally
tempered glass is twenty times stronger in bending than the plate
glass and the chemically tempered glass is 20% stronger in bending
than the thermally tempered glass and you fracture each piece of glass
with the same impact energy which of the following would you expect
to correctly reflect the order of the number of pieces that the glass
breaks into, from smallest number to largest number?
 (a) Because Young's modulus relates to a specific bond type, which does not change with microstructural changes
(b) Because Young's modulus is a dimensionless quantity
(c) Because Young's modulus does not depend on the size of a sam- ple being tested
(d) None of these options.","Young's modulus is described as being structure independent for which of the following reasons?
 A newly discovered element ZZZ (sleepium) has an atomic radius of
128 pm, a molar mass of 64.55 g/mol, and forms an FCC crystal, what
would you estimate the density of ZZZ to be?
 (a) Because Young's modulus relates to a specific bond type, which does not change with microstructural changes
(b) Because Young's modulus is a dimensionless quantity
(c) Because Young's modulus does not depend on the size of a sam- ple being tested
(d) None of these options.","Young's modulus is described as being structure independent for which of the following reasons?
 Which of the following statements is/are correct?
1. (a) Because Young's modulus relates to a specific bond type, which does not change with microstructural changes
(b) Because Young's modulus is a dimensionless quantity
(c) Because Young's modulus does not depend on the size of a sam- ple being tested
(d) None of these options."
"The stored elastic strain energy in tempered glass can be roughly related to which of the following?
(a) The surface energy liberated during fracture
(b) The strain energy surrounding dislocations in the glass (c) The thermal energy used to produce the glass
(d) None of these options.",Original,Medium,a,4,"The stored elastic strain energy in tempered glass can be roughly related to which of the following?
(a) The surface energy liberated during fracture
(b) The strain energy surrounding dislocations in the glass (c) The thermal energy used to produce the glass
(d) None of these options.","The stored elastic strain energy in tempered glass can be roughly related to which of the following?
(a) The surface energy liberated during fracture
(b) The strain energy surrounding dislocations in the glass (c) The thermal energy used to produce the glass
(d) None of these options.","The stored elastic strain energy in tempered glass can be roughly related to which of the following?
(a) The surface energy liberated during fracture
(b) The strain energy surrounding dislocations in the glass (c) The thermal energy used to produce the glass
(d) None of these options.","The stored elastic strain energy in tempered glass can be roughly related to which of the following?
(a) The surface energy liberated during fracture
(b) The strain energy surrounding dislocations in the glass (c) The thermal energy used to produce the glass
(d) None of these options.","The stored elastic strain energy in tempered glass can be roughly related to which of the following?
(a) The surface energy liberated during fracture
(b) The strain energy surrounding dislocations in the glass (c) The thermal energy used to produce the glass
(d) None of these options.","The stored elastic strain energy in tempered glass can be roughly related to which of the following?
(a) The surface energy liberated during fracture
(b) The strain energy surrounding dislocations in the glass (c) The thermal energy used to produce the glass
(d) None of these options.","The stored elastic strain energy in tempered glass can be roughly related to which of the following?
(a) The surface energy released during fracture
(b) The strain energy around dislocations in the glass (c) The heat used to produce the glass
(d) None of these options.","One morning, the mothers and fathers were ready as usual in the main square of Four Houses waiting for the red bus. But this was no ordinary day, for the red bus was twenty minutes late. Very slowly, he came chugging along but once he got to the square he collapsed from exhaustion. There was no way he could take the children to school today. Then the teacher asked: The stored elastic strain energy in tempered glass can be roughly related to which of the following?
(a) The surface energy liberated during fracture
(b) The strain energy surrounding dislocations in the glass (c) The thermal energy used to produce the glass
(d) None of these options.","The stored elastic strain energy in tempered glass can be roughly related to which of the following?
 Assuming 3582 g of water vapour per hour in the
furnace exhaust gases at 218 C is condensed and cooled to 26 C, how
much heating power is contributed through the condensation process?
The molar mass of water is 18.015 g/mol, the enthalpy of fusion is
6.01 kJ/mol, the enthalpy of vaporization is 40.7 kJ/mol, and the
molar heat capacity of the gas, liquid, and solid are 36.4 J/mol*K,
75.3 J/mol*K, and 37.7 J/mol*K, respectively. (a) The surface energy liberated during fracture
(b) The strain energy surrounding dislocations in the glass (c) The thermal energy used to produce the glass
(d) None of these options.","The stored elastic strain energy in tempered glass can be roughly related to which of the following?
 If the diameter of the

reduced section and the grip region are 28.7 mm and 47.5 mm, re-
spectively, what is the stress in the grip region?

 (a) The surface energy liberated during fracture
(b) The strain energy surrounding dislocations in the glass (c) The thermal energy used to produce the glass
(d) None of these options.","The stored elastic strain energy in tempered glass can be roughly related to which of the following?
 For a 652 g sample of 0.5118 wt%C steel
at 728 C, determine the mass of austenite present.
 (a) The surface energy liberated during fracture
(b) The strain energy surrounding dislocations in the glass (c) The thermal energy used to produce the glass
(d) None of these options."
"?Which of the following is the best explanation for the reason that a few atoms in a solid at room temperature may have enough kinetic energy to break free of their nearest neighbour atoms, while the majority are held in place by bonds?
(a) There is a distribution of energies for a population of atoms (b) Crystalline imperfections mean that there will randomly be some missing bonds
(c) This occurs only to impurity atoms
(d) These result from manufacturing defects",Original,Medium,a,4,"Which of the following is the best explanation for the reason that a few atoms in a solid at room temperature may have enough kinetic energy to break free of their nearest neighbour atoms, while the majority are held in place by bonds?
(a) There is a distribution of energies for a population of atoms (b) Crystalline imperfections mean that there will randomly be some missing bonds
(c) This occurs only to impurity atoms
(d) These result from manufacturing defects","Which of the following is the best explanation for the reason that a few atoms in a solid at room temperature may have enough kinetic energy to break free of their nearest neighbour atoms, while the majority are held in place by bonds?
(a) There is a distribution of energies for a population of atoms (b) Crystalline imperfections mean that there will randomly be some missing bonds
(c) This occurs only to impurity atoms
(d) These result from manufacturing defects","Which of the following is the best explanation for the reason that a few atoms in a solid at room temperature may have enough kinetic energy to break free of their nearest neighbour atoms, while the majority are held in place by bonds?
(a) There is a distribution of energies for a population of atoms (b) Crystalline imperfections mean that there will randomly be some missing bonds
(c) This occurs only to impurity atoms
(d) These result from manufacturing defects","Which of the following is the best explanation for the reason that a few atoms in a solid at room temperature may have enough kinetic energy to break free of their nearest neighbour atoms, while the majority are held in place by bonds?
(a) There is a distribution of energies for a population of atoms (b) Crystalline imperfections mean that there will randomly be some missing bonds
(c) This occurs only to impurity atoms
(d) These result from manufacturing defects","Which of the following is the best explanation for the reason that a few atoms in a solid at room temperature may have enough kinetic energy to break free of their nearest neighbour atoms, while the majority are held in place by bonds?
(a) There is a distribution of energies for a population of atoms (b) Crystalline imperfections mean that there will randomly be some missing bonds
(c) This occurs only to impurity atoms
(d) These result from manufacturing defects","Which of the following is the best explanation for the reason that a few atoms in a solid at room temperature may have enough kinetic energy to break free of their nearest neighbour atoms, while the majority are held in place by bonds?
(a) There is a distribution of energies for a population of atoms (b) Crystalline imperfections mean that there will randomly be some missing bonds
(c) This occurs only to impurity atoms
(d) These result from manufacturing defects","Which of the following is the best explanation for the reason that a few atoms in a solid at ambient temperature may have enough kinetic energy to break free of their nearest neighbour atoms, while the majority are held in place by bonds?
(a) There is a distribution of energies for a population of atoms (b) Crystalline imperfections mean that there will randomly be some missing bonds
(c) This occurs only to impurity atoms
(d) These result from manufacturing defects","One morning, the mothers and fathers were ready as usual in the main square of Four Houses waiting for the red bus. But this was no ordinary day, for the red bus was twenty minutes late. Very slowly, he came chugging along but once he got to the square he collapsed from exhaustion. There was no way he could take the children to school today. Then the teacher asked: Which of the following is the best explanation for the reason that a few atoms in a solid at room temperature may have enough kinetic energy to break free of their nearest neighbour atoms, while the majority are held in place by bonds?
(a) There is a distribution of energies for a population of atoms (b) Crystalline imperfections mean that there will randomly be some missing bonds
(c) This occurs only to impurity atoms
(d) These result from manufacturing defects","Which of the following is the best explanation for the reason that a few atoms in a solid at room temperature may have enough kinetic energy to break free of their nearest neighbour atoms, while the majority are held in place by bonds?
 The yield strength and ultimate
tensile strength of this specific alloy are 284.0 MPa and 666.0 MPa,
respectively.
 (a) There is a distribution of energies for a population of atoms (b) Crystalline imperfections mean that there will randomly be some missing bonds
(c) This occurs only to impurity atoms
(d) These result from manufacturing defects","Which of the following is the best explanation for the reason that a few atoms in a solid at room temperature may have enough kinetic energy to break free of their nearest neighbour atoms, while the majority are held in place by bonds?
 A non-metallic material has a bandgap of 2.1 eV. (a) There is a distribution of energies for a population of atoms (b) Crystalline imperfections mean that there will randomly be some missing bonds
(c) This occurs only to impurity atoms
(d) These result from manufacturing defects","Which of the following is the best explanation for the reason that a few atoms in a solid at room temperature may have enough kinetic energy to break free of their nearest neighbour atoms, while the majority are held in place by bonds?
 Decreasing the grain size of a metal would generally be expected
to result in an increase in the yield strength of that metal.
4. (a) There is a distribution of energies for a population of atoms (b) Crystalline imperfections mean that there will randomly be some missing bonds
(c) This occurs only to impurity atoms
(d) These result from manufacturing defects"
"A steel bar having a yield strength of 450 MPa, an ultimate tensile strength of 530 MPa and
dimensions 23 mm * 118 mm * 5900 mm is loaded in tension along its long axis. Which of the
following forces will cause the final length to be larger than 5900 mm, without necking?
a) 1.2 kN
b) 1.5 MN
c) 1.3 MN
d) 2.1 kN",Original,Hard,c,4,"A steel bar having a yield strength of 450000000 Pa, an ultimate tensile strength of 530000000 Pa and
dimensions 23000000000 pm * 11.80 cm * 5.9000 m is loaded in tension along its long axis. Which of the
following forces will cause the final length to be larger than 5900.0 mm, without necking?
a) 1 kN
b) 1.5 MN
c) 1.3 MN
d) 0.002100 MN","A steel bar having a yield strength of 0.450000 GPa, an ultimate tensile strength of 0.530000 GPa and
dimensions 0.0230 m * 0.1180 m * 5900.0 mm is loaded in tension along its long axis. Which of the
following forces will cause the final length to be larger than 5.9000 m, without necking?
a) 0.001200 MN
b) 1.5 MN
c) 1.3 MN
d) 2100000 mN","A steel bar having a yield strength of 450000000 Pa, an ultimate tensile strength of 530000000 Pa and
dimensions 23000000 nm * 0.1180 m * 5900000000000 pm is loaded in tension along its long axis. Which of the
following forces will cause the final length to be larger than 5.9000 m, without necking?
a) 1 kN
b) 1.5 MN
c) 1.3 MN
d) 2 kN","A steel bar having a yield strength of 450 MPa, an ultimate tensile strength of 530 MPa and
dimensions 23 mm * 118 mm * 5900 mm is loaded in tension along its long axis. Which of the
following forces will cause the final length to be larger than 5900 mm, without necking?
a) 1.2 kN
b) 1.5 MN
c) 1.3 MN
d) 2.1 kN","Which of the
following forces will cause the final length to be larger than 5900 mm, without necking?
 A steel bar having a yield strength of 450 MPa, an ultimate tensile strength of 530 MPa and
dimensions 23 mm * 118 mm * 5900 mm is loaded in tension along its long axis.a) 1.2 kN
b) 1.5 MN
c) 1.3 MN
d) 2.1 kN","A steel bar having a yield strength of 450 MPa, an ultimate tensile strength of 530 MPa and
dimensions 23 mm * 118 mm * 5900 mm is loaded in tension along its long axis. Which of the
following forces will cause the final length to be larger than 5900 mm, without necking?
a) 1.2 kN
b) 1.5 MN
c) 1.3 MN
d) 2.1 kN","A steel bar having a yield strength of 450 MPa, an ultimate tensile strength of 530 MPa and
dimensions 23 mm * 118 mm * 5900 mm is loaded in tension along its long axis. Which of the
following forces will cause the final length to be larger than 5900 mm, without necking?
a) 1.2 kN
b) 1.5 MN
c) 1.3 MN
d) 2.1 kN","One morning, the mothers and fathers were ready as usual in the main square of Four Houses waiting for the red bus. But this was no ordinary day, for the red bus was twenty minutes late. Very slowly, he came chugging along but once he got to the square he collapsed from exhaustion. There was no way he could take the children to school today. Then the teacher asked: A steel bar having a yield strength of 450 MPa, an ultimate tensile strength of 530 MPa and
dimensions 23 mm * 118 mm * 5900 mm is loaded in tension along its long axis. Which of the
following forces will cause the final length to be larger than 5900 mm, without necking?
a) 1.2 kN
b) 1.5 MN
c) 1.3 MN
d) 2.1 kN","A steel bar having a yield strength of 450 MPa, an ultimate tensile strength of 530 MPa and
dimensions 23 mm * 118 mm * 5900 mm is loaded in tension along its long axis. The hexagonal close packed crystal structure has only two nonparallel close packed planes, while the face centred cubic crystal
structure has four non-parallel close packed planes.
4. Which of the
following forces will cause the final length to be larger than 5900 mm, without necking?
 a) 1.2 kN
b) 1.5 MN
c) 1.3 MN
d) 2.1 kN","A steel bar having a yield strength of 450 MPa, an ultimate tensile strength of 530 MPa and
dimensions 23 mm * 118 mm * 5900 mm is loaded in tension along its long axis. Under this load the
guage length elongates elastically by 46 mm. Which of the
following forces will cause the final length to be larger than 5900 mm, without necking?
 a) 1.2 kN
b) 1.5 MN
c) 1.3 MN
d) 2.1 kN","A steel bar having a yield strength of 450 MPa, an ultimate tensile strength of 530 MPa and
dimensions 23 mm * 118 mm * 5900 mm is loaded in tension along its long axis. An hypothetical metal has an atomic radius of 123 nm and has the
FCC crystal structure. Which of the
following forces will cause the final length to be larger than 5900 mm, without necking?
 a) 1.2 kN
b) 1.5 MN
c) 1.3 MN
d) 2.1 kN"
"Which of the following would be expected to change the Young's modulus of a metallic
sample?
a) Adding 1 atomic percentage impurity to the metal
b) Processing the metal to decrease the its grain (crystal) size
c) Increasing the strength through plastic deformation
d) Increasing the temperature to 0.6 Tm",Original,Medium,d,4,"Which of the following would be expected to change the Young's modulus of a metallic
sample?
a) Adding 1 atomic percentage impurity to the metal
b) Processing the metal to decrease the its grain (crystal) size
c) Increasing the strength through plastic deformation
d) Increasing the temperature to 0.6 Tm","Which of the following would be expected to change the Young's modulus of a metallic
sample?
a) Adding 1 atomic percentage impurity to the metal
b) Processing the metal to decrease the its grain (crystal) size
c) Increasing the strength through plastic deformation
d) Increasing the temperature to 0.6 Tm","Which of the following would be expected to change the Young's modulus of a metallic
sample?
a) Adding 1 atomic percentage impurity to the metal
b) Processing the metal to decrease the its grain (crystal) size
c) Increasing the strength through plastic deformation
d) Increasing the temperature to 0.6 Tm","Which of the following would be expected to change the Young's modulus of a metallic
sample?
a) Adding 1 atomic percentage impurity to the metal
b) Processing the metal to decrease the its grain (crystal) size
c) Increasing the strength through plastic deformation
d) Increasing the temperature to 0.6 Tm","Which of the following would be expected to change the Young's modulus of a metallic
sample?
a) Adding 1 atomic percentage impurity to the metal
b) Processing the metal to decrease the its grain (crystal) size
c) Increasing the strength through plastic deformation
d) Increasing the temperature to 0.6 Tm","Which of the following would be expected to change the Young's modulus of a metallic
sample?
a) Adding 1 atomic percentage impurity to the metal
b) Processing the metal to decrease the its grain (crystal) size
c) Increasing the strength through plastic deformation
d) Increasing the temperature to 0.6 Tm","Which of the following would be expected to change the Young's modulus of a metal?
a) Adding 1 percent atoms of impurity to the metal
b) Processing the metal to decrease the its grain (crystal) size
c) Increasing the strength through plastic deformation
d) Increasing the temperature to 0.6 melting point","One morning, the mothers and fathers were ready as usual in the main square of Four Houses waiting for the red bus. But this was no ordinary day, for the red bus was twenty minutes late. Very slowly, he came chugging along but once he got to the square he collapsed from exhaustion. There was no way he could take the children to school today. Then the teacher asked: Which of the following would be expected to change the Young's modulus of a metallic
sample?
a) Adding 1 atomic percentage impurity to the metal
b) Processing the metal to decrease the its grain (crystal) size
c) Increasing the strength through plastic deformation
d) Increasing the temperature to 0.6 Tm","Which of the following would be expected to change the Young's modulus of a metallic
sample?
 A theoretical system of particles at infinite temperature would
have all particles existing in the highest possible energy states.
2. a) Adding 1 atomic percentage impurity to the metal
b) Processing the metal to decrease the its grain (crystal) size
c) Increasing the strength through plastic deformation
d) Increasing the temperature to 0.6 Tm","Which of the following would be expected to change the Young's modulus of a metallic
sample?
 Which of the following statements is/are correct?
1. a) Adding 1 atomic percentage impurity to the metal
b) Processing the metal to decrease the its grain (crystal) size
c) Increasing the strength through plastic deformation
d) Increasing the temperature to 0.6 Tm","Which of the following would be expected to change the Young's modulus of a metallic
sample?
 A cylindrical sample of stainless steel having a Young's modulus of
204.3 GPa, a diameter of 12.0 mm, and initial length of 237.8 mm
is loaded to a stress of 411.5 MPa. a) Adding 1 atomic percentage impurity to the metal
b) Processing the metal to decrease the its grain (crystal) size
c) Increasing the strength through plastic deformation
d) Increasing the temperature to 0.6 Tm"
"A colleague states, ""the strength of this ceramic sample is 845 MPa."" Which of the following is
most likely to be the strength that your colleague is actually referring to?
a) The yield strength
b) The ultimate tensile strength
c) The fracture strength
d) The 0.2% offset yield strength",Original,Easy,c,4,"A colleague states, ""the strength of this ceramic sample is 845 MPa."" Which of the following is
most likely to be the strength that your colleague is actually referring to?
a) The yield strength
b) The ultimate tensile strength
c) The fracture strength
d) The 0.2% offset yield strength","A colleague states, ""the strength of this ceramic sample is 845000000 Pa."" Which of the following is
most likely to be the strength that your colleague is actually referring to?
a) The yield strength
b) The ultimate tensile strength
c) The fracture strength
d) The 0.2% offset yield strength","A colleague states, ""the strength of this ceramic sample is 0.845000 GPa."" Which of the following is
most likely to be the strength that your colleague is actually referring to?
a) The yield strength
b) The ultimate tensile strength
c) The fracture strength
d) The 0.2% offset yield strength","A colleague states, ""the strength of this ceramic sample is 845 MPa."" Which of the following is
most likely to be the strength that your colleague is actually referring to?
a) The yield strength
b) The ultimate tensile strength
c) The fracture strength
d) The 0.2% offset yield strength","A colleague states, ""the strength of this ceramic sample is 845 MPa."" Which of the following is
most likely to be the strength that your colleague is actually referring to?
a) The yield strength
b) The ultimate tensile strength
c) The fracture strength
d) The 0.2% offset yield strength","A colleague states, ""the strength of this ceramic sample is 845 MPa."" Which of the following is
most likely to be the strength that your colleague is actually referring to?
a) The yield strength
b) The ultimate tensile strength
c) The fracture strength
d) The 0.2% offset yield strength","A classmate states, ""the strength of this ceramic is 845 MPa."" Which of the following is
most likely to be the strength that your classmate is actually referring to?
a) The yield strength
b) The ultimate tensile strength
c) The fracture strength
d) The 0.2% offset yield strength","One morning, the mothers and fathers were ready as usual in the main square of Four Houses waiting for the red bus. But this was no ordinary day, for the red bus was twenty minutes late. Very slowly, he came chugging along but once he got to the square he collapsed from exhaustion. There was no way he could take the children to school today. Then the teacher asked: A colleague states, ""the strength of this ceramic sample is 845 MPa."" Which of the following is
most likely to be the strength that your colleague is actually referring to?
a) The yield strength
b) The ultimate tensile strength
c) The fracture strength
d) The 0.2% offset yield strength","A colleague states, ""the strength of this ceramic sample is 845 MPa."" Which of the following is
most likely to be the strength that your colleague is actually referring to?
 An hypothetical metal has an atomic radius of 123 nm and has the
FCC crystal structure. a) The yield strength
b) The ultimate tensile strength
c) The fracture strength
d) The 0.2% offset yield strength","A colleague states, ""the strength of this ceramic sample is 845 MPa."" Which of the following is
most likely to be the strength that your colleague is actually referring to?
 The atomic packing factor of the hexagonal close packed crystal
structure is greater than that of the face centred cubic crystal
structure.
2. a) The yield strength
b) The ultimate tensile strength
c) The fracture strength
d) The 0.2% offset yield strength","A colleague states, ""the strength of this ceramic sample is 845 MPa."" Which of the following is
most likely to be the strength that your colleague is actually referring to?
 For 2122 g
of a 3.2134 wt% C steel at 726 C, what will be the mass of carbon
present as part of a compound?
 a) The yield strength
b) The ultimate tensile strength
c) The fracture strength
d) The 0.2% offset yield strength"
"A paper you are reading states that a newly developed ceramic material was determined to
have strengths of 450 MPa and 1020 MPa. Which of the following are most likely to be the
material properties being referred to?
a) The compressive strength and the bending strength
b) The yield strength and the bending strength
c) The bending strength and the compressive strength
d) The bending strength and the yield strength",Original,Easy,c,4,"A paper you are reading states that a newly developed ceramic material was determined to
have strengths of 0.450000 GPa and 1020000000 Pa. Which of the following are most likely to be the
material properties being referred to?
a) The compressive strength and the bending strength
b) The yield strength and the bending strength
c) The bending strength and the compressive strength
d) The bending strength and the yield strength","A paper you are reading states that a newly developed ceramic material was determined to
have strengths of 450000 kPa and 1.020000 GPa. Which of the following are most likely to be the
material properties being referred to?
a) The compressive strength and the bending strength
b) The yield strength and the bending strength
c) The bending strength and the compressive strength
d) The bending strength and the yield strength","A paper you are reading states that a newly developed ceramic material was determined to
have strengths of 450000 kPa and 1020000 kPa. Which of the following are most likely to be the
material properties being referred to?
a) The compressive strength and the bending strength
b) The yield strength and the bending strength
c) The bending strength and the compressive strength
d) The bending strength and the yield strength","Which of the following are most likely to be the
material properties being referred to?
 A paper you are reading states that a newly developed ceramic material was determined to
have strengths of 450 MPa and 1020 MPa.a) The compressive strength and the bending strength
b) The yield strength and the bending strength
c) The bending strength and the compressive strength
d) The bending strength and the yield strength","Which of the following are most likely to be the
material properties being referred to?
 A paper you are reading states that a newly developed ceramic material was determined to
have strengths of 450 MPa and 1020 MPa.a) The compressive strength and the bending strength
b) The yield strength and the bending strength
c) The bending strength and the compressive strength
d) The bending strength and the yield strength","Which of the following are most likely to be the
material properties being referred to?
 A paper you are reading states that a newly developed ceramic material was determined to
have strengths of 450 MPa and 1020 MPa.a) The compressive strength and the bending strength
b) The yield strength and the bending strength
c) The bending strength and the compressive strength
d) The bending strength and the yield strength","A journal you are reading states that a newly developed ceramic was determined to
have strengths of 450 MPa and 1020 MPa. Which of the following are most likely to be the
material properties being referred to?
a) The compressive strength and the bending strength
b) The yield strength and the bending strength
c) The bending strength and the compressive strength
d) The bending strength and the yield strength","One morning, the mothers and fathers were ready as usual in the main square of Four Houses waiting for the red bus. But this was no ordinary day, for the red bus was twenty minutes late. Very slowly, he came chugging along but once he got to the square he collapsed from exhaustion. There was no way he could take the children to school today. Then the teacher asked: A paper you are reading states that a newly developed ceramic material was determined to
have strengths of 450 MPa and 1020 MPa. Which of the following are most likely to be the
material properties being referred to?
a) The compressive strength and the bending strength
b) The yield strength and the bending strength
c) The bending strength and the compressive strength
d) The bending strength and the yield strength","A paper you are reading states that a newly developed ceramic material was determined to
have strengths of 450 MPa and 1020 MPa. A cylindrical sample of stainless steel having a Young's modulus
of 202.2 GPa, and a diameter of 10.9 mm, is loaded to a stress of
498.6 MPa. Which of the following are most likely to be the
material properties being referred to?
 a) The compressive strength and the bending strength
b) The yield strength and the bending strength
c) The bending strength and the compressive strength
d) The bending strength and the yield strength","A paper you are reading states that a newly developed ceramic material was determined to
have strengths of 450 MPa and 1020 MPa. The hexagonal close packed crystal structure has only two nonparallel close packed planes, while the face centred cubic crystal
structure has four non-parallel close packed planes.
4. Which of the following are most likely to be the
material properties being referred to?
 a) The compressive strength and the bending strength
b) The yield strength and the bending strength
c) The bending strength and the compressive strength
d) The bending strength and the yield strength","A paper you are reading states that a newly developed ceramic material was determined to
have strengths of 450 MPa and 1020 MPa. Sample 1 is loaded at 25 C and sample 2 is loaded at 90 C. Which of the following are most likely to be the
material properties being referred to?
 a) The compressive strength and the bending strength
b) The yield strength and the bending strength
c) The bending strength and the compressive strength
d) The bending strength and the yield strength"
"You come across handbook of material properties. Someone has spilled coffee on this book
and some of an important sentence is hidden by the coffee spill. The sentence is, ""Tensile
testing was performed on this new aluminum alloy and the _________ was determined to be
68.5 GPa."" Which of the following words is most likely to fill in the blank?
a) Young's modulus
b) Yield strength
c) Proportional limit
d) Ductility",Original,Easy,a,4,"You come across handbook of material properties. Someone has spilled coffee on this book
and some of an important sentence is hidden by the coffee spill. The sentence is, ""Tensile
testing was performed on this new aluminum alloy and the _________ was determined to be
68500000000 Pa."" Which of the following words is most likely to fill in the blank?
a) Young's modulus
b) Yield strength
c) Proportional limit
d) Ductility","You come across handbook of material properties. Someone has spilled coffee on this book
and some of an important sentence is hidden by the coffee spill. The sentence is, ""Tensile
testing was performed on this new aluminum alloy and the _________ was determined to be
68500000 kPa."" Which of the following words is most likely to fill in the blank?
a) Young's modulus
b) Yield strength
c) Proportional limit
d) Ductility","You come across handbook of material properties. Someone has spilled coffee on this book
and some of an important sentence is hidden by the coffee spill. The sentence is, ""Tensile
testing was performed on this new aluminum alloy and the _________ was determined to be
0.068500 MPa."" Which of the following words is most likely to fill in the blank?
a) Young's modulus
b) Yield strength
c) Proportional limit
d) Ductility","You come across handbook of material properties. The sentence is, ""Tensile
testing was performed on this new aluminum alloy and the _________ was determined to be
68.5 GPa."" Which of the following words is most likely to fill in the blank?
 Someone has spilled coffee on this book
and some of an important sentence is hidden by the coffee spill.a) Young's modulus
b) Yield strength
c) Proportional limit
d) Ductility","You come across handbook of material properties. The sentence is, ""Tensile
testing was performed on this new aluminum alloy and the _________ was determined to be
68.5 GPa."" Which of the following words is most likely to fill in the blank?
 Someone has spilled coffee on this book
and some of an important sentence is hidden by the coffee spill.a) Young's modulus
b) Yield strength
c) Proportional limit
d) Ductility","Someone has spilled coffee on this book
and some of an important sentence is hidden by the coffee spill. You come across handbook of material properties. The sentence is, ""Tensile
testing was performed on this new aluminum alloy and the _________ was determined to be
68.5 GPa."" Which of the following words is most likely to fill in the blank?
a) Young's modulus
b) Yield strength
c) Proportional limit
d) Ductility","You come across handbook of material properties. Someone has spilled coffee on this book
and some of an important sentence is hidden by the coffee spill. The sentence is, ""Tensile
testing was performed on this new aluminum alloy and the _________ was determined to be
68.5 GPa."" Which of the following words is most likely to fill in the blank?
a) Young's modulus
b) Yield strength
c) Proportional limit
d) Ductility","One morning, the mothers and fathers were ready as usual in the main square of Four Houses waiting for the red bus. But this was no ordinary day, for the red bus was twenty minutes late. Very slowly, he came chugging along but once he got to the square he collapsed from exhaustion. There was no way he could take the children to school today. Then the teacher asked: You come across handbook of material properties. Someone has spilled coffee on this book
and some of an important sentence is hidden by the coffee spill. The sentence is, ""Tensile
testing was performed on this new aluminum alloy and the _________ was determined to be
68.5 GPa."" Which of the following words is most likely to fill in the blank?
a) Young's modulus
b) Yield strength
c) Proportional limit
d) Ductility","You come across handbook of material properties. The sample is then completely unloaded and is observed
to recover elastically by 0.89 mm. Someone has spilled coffee on this book
and some of an important sentence is hidden by the coffee spill. The sentence is, ""Tensile
testing was performed on this new aluminum alloy and the _________ was determined to be
68.5 GPa."" Which of the following words is most likely to fill in the blank?
 a) Young's modulus
b) Yield strength
c) Proportional limit
d) Ductility","You come across handbook of material properties. The unloaded gauge length is 573 mm, and the
width and thickness of the reduced section are 12 mm and 6 mm,
respectively, and the length of the reduced section is 600 mm. Someone has spilled coffee on this book
and some of an important sentence is hidden by the coffee spill. The sentence is, ""Tensile
testing was performed on this new aluminum alloy and the _________ was determined to be
68.5 GPa."" Which of the following words is most likely to fill in the blank?
 a) Young's modulus
b) Yield strength
c) Proportional limit
d) Ductility","You come across handbook of material properties. An hypothetical metal has an atomic radius of 123 nm and has the
FCC crystal structure. Someone has spilled coffee on this book
and some of an important sentence is hidden by the coffee spill. The sentence is, ""Tensile
testing was performed on this new aluminum alloy and the _________ was determined to be
68.5 GPa."" Which of the following words is most likely to fill in the blank?
 a) Young's modulus
b) Yield strength
c) Proportional limit
d) Ductility"
"An extremely high strength metallic sample is prepared in a lab and is found to have
entirely brittle behaviour. The Young's modulus and fracture strength of this metal
are known to be 100 GPa and 1.1 GPa, respectively. What would the strain at
fracture be if the toughness of this metal is known to be the same as a ceramic with a
toughness of 0.6 * 106 J/m3
.

a) 0.02
b) 0.0005
c) 0.001
d) 0.0003",Original,Hard,c,4,"An extremely high strength metallic sample is prepared in a lab and is found to have
entirely brittle behaviour. The Young's modulus and fracture strength of this metal
are known to be 100000000 kPa and 0.001100 MPa, respectively. What would the strain at
fracture be if the toughness of this metal is known to be the same as a ceramic with a
toughness of 0.6 * 106 J/m3
.

a) 0.02
b) 0.0005
c) 0.001
d) 0.0003","An extremely high strength metallic sample is prepared in a lab and is found to have
entirely brittle behaviour. The Young's modulus and fracture strength of this metal
are known to be 100 GPa and 0.001100 MPa, respectively. What would the strain at
fracture be if the toughness of this metal is known to be the same as a ceramic with a
toughness of 0.6 * 106 J/m3
.

a) 0.02
b) 0.0005
c) 0.001
d) 0.0003","An extremely high strength metallic sample is prepared in a lab and is found to have
entirely brittle behaviour. The Young's modulus and fracture strength of this metal
are known to be 0.100000 MPa and 1 GPa, respectively. What would the strain at
fracture be if the toughness of this metal is known to be the same as a ceramic with a
toughness of 0.6 * 106 J/m3
.

a) 0.02
b) 0.0005
c) 0.001
d) 0.0003","The Young's modulus and fracture strength of this metal
are known to be 100 GPa and 1.1 GPa, respectively. What would the strain at
fracture be if the toughness of this metal is known to be the same as a ceramic with a
toughness of 0.6 * 106 J/m3
.

 An extremely high strength metallic sample is prepared in a lab and is found to have
entirely brittle behaviour.a) 0.02
b) 0.0005
c) 0.001
d) 0.0003","The Young's modulus and fracture strength of this metal
are known to be 100 GPa and 1.1 GPa, respectively. An extremely high strength metallic sample is prepared in a lab and is found to have
entirely brittle behaviour. What would the strain at
fracture be if the toughness of this metal is known to be the same as a ceramic with a
toughness of 0.6 * 106 J/m3
.

a) 0.02
b) 0.0005
c) 0.001
d) 0.0003","What would the strain at
fracture be if the toughness of this metal is known to be the same as a ceramic with a
toughness of 0.6 * 106 J/m3
.

 An extremely high strength metallic sample is prepared in a lab and is found to have
entirely brittle behaviour. The Young's modulus and fracture strength of this metal
are known to be 100 GPa and 1.1 GPa, respectively.a) 0.02
b) 0.0005
c) 0.001
d) 0.0003","An extremely high strength metal is prepared in a lab and is found to have
entirely brittle behaviour. The Young's modulus and fracture strength of this metal
are known to be 100 GPa and 1.1 GPa, respectively. What would the fracture strain
be if the toughness of this metal is known to be the same as a ceramic with a
toughness of 0.6 * 106 J/m3
.

a) 0.02
b) 0.0005
c) 0.001
d) 0.0003","One morning, the mothers and fathers were ready as usual in the main square of Four Houses waiting for the red bus. But this was no ordinary day, for the red bus was twenty minutes late. Very slowly, he came chugging along but once he got to the square he collapsed from exhaustion. There was no way he could take the children to school today. Then the teacher asked: An extremely high strength metallic sample is prepared in a lab and is found to have
entirely brittle behaviour. The Young's modulus and fracture strength of this metal
are known to be 100 GPa and 1.1 GPa, respectively. What would the strain at
fracture be if the toughness of this metal is known to be the same as a ceramic with a
toughness of 0.6 * 106 J/m3
.

a) 0.02
b) 0.0005
c) 0.001
d) 0.0003","An extremely high strength metallic sample is prepared in a lab and is found to have
entirely brittle behaviour. The Boltzmann constant is 8.617*10^5 eV/K. The Young's modulus and fracture strength of this metal
are known to be 100 GPa and 1.1 GPa, respectively. What would the strain at
fracture be if the toughness of this metal is known to be the same as a ceramic with a
toughness of 0.6 * 106 J/m3
.

 a) 0.02
b) 0.0005
c) 0.001
d) 0.0003","An extremely high strength metallic sample is prepared in a lab and is found to have
entirely brittle behaviour. Atoms within the hexagonal close packed crystal structure have
a coordination number of 4.
 The Young's modulus and fracture strength of this metal
are known to be 100 GPa and 1.1 GPa, respectively. What would the strain at
fracture be if the toughness of this metal is known to be the same as a ceramic with a
toughness of 0.6 * 106 J/m3
.

 a) 0.02
b) 0.0005
c) 0.001
d) 0.0003","An extremely high strength metallic sample is prepared in a lab and is found to have
entirely brittle behaviour. An 80 kg person must stand at the mid-span of a concrete beam
supported on either end. The Young's modulus and fracture strength of this metal
are known to be 100 GPa and 1.1 GPa, respectively. What would the strain at
fracture be if the toughness of this metal is known to be the same as a ceramic with a
toughness of 0.6 * 106 J/m3
.

 a) 0.02
b) 0.0005
c) 0.001
d) 0.0003"
"The higher strength of tempered glass over standard, non-tempered glass is
attributed to which of the following?
a) The tensile residual stresses at the surface of the glass, due to the lower
volume of the surface
b) The compressive residual stresses at the surface of the glass, due to the
lower volume of the surface
c) The tensile residual stresses at the surface of the glass, due to the higher
volume of the surface
d) The compressive residual stresses",Original,Medium,d,4,"The higher strength of tempered glass over standard, non-tempered glass is
attributed to which of the following?
a) The tensile residual stresses at the surface of the glass, due to the lower
volume of the surface
b) The compressive residual stresses at the surface of the glass, due to the
lower volume of the surface
c) The tensile residual stresses at the surface of the glass, due to the higher
volume of the surface
d) The compressive residual stresses","The higher strength of tempered glass over standard, non-tempered glass is
attributed to which of the following?
a) The tensile residual stresses at the surface of the glass, due to the lower
volume of the surface
b) The compressive residual stresses at the surface of the glass, due to the
lower volume of the surface
c) The tensile residual stresses at the surface of the glass, due to the higher
volume of the surface
d) The compressive residual stresses","The higher strength of tempered glass over standard, non-tempered glass is
attributed to which of the following?
a) The tensile residual stresses at the surface of the glass, due to the lower
volume of the surface
b) The compressive residual stresses at the surface of the glass, due to the
lower volume of the surface
c) The tensile residual stresses at the surface of the glass, due to the higher
volume of the surface
d) The compressive residual stresses","The higher strength of tempered glass over standard, non-tempered glass is
attributed to which of the following?
a) The tensile residual stresses at the surface of the glass, due to the lower
volume of the surface
b) The compressive residual stresses at the surface of the glass, due to the
lower volume of the surface
c) The tensile residual stresses at the surface of the glass, due to the higher
volume of the surface
d) The compressive residual stresses","The higher strength of tempered glass over standard, non-tempered glass is
attributed to which of the following?
a) The tensile residual stresses at the surface of the glass, due to the lower
volume of the surface
b) The compressive residual stresses at the surface of the glass, due to the
lower volume of the surface
c) The tensile residual stresses at the surface of the glass, due to the higher
volume of the surface
d) The compressive residual stresses","The higher strength of tempered glass over standard, non-tempered glass is
attributed to which of the following?
a) The tensile residual stresses at the surface of the glass, due to the lower
volume of the surface
b) The compressive residual stresses at the surface of the glass, due to the
lower volume of the surface
c) The tensile residual stresses at the surface of the glass, due to the higher
volume of the surface
d) The compressive residual stresses","The higher strength of tempered glass over standard, non-tempered glass is
attributed to which of the following?
a) The tensile residual stresses at the surface of the glass, due to the lower surface volume
b) The compressive residual stresses at the surface of the glass, due to the lower surface volume
c) The tensile residual stresses at the surface of the glass, due to the higher surface volume
d) The compressive residual stresses","One morning, the mothers and fathers were ready as usual in the main square of Four Houses waiting for the red bus. But this was no ordinary day, for the red bus was twenty minutes late. Very slowly, he came chugging along but once he got to the square he collapsed from exhaustion. There was no way he could take the children to school today. Then the teacher asked: The higher strength of tempered glass over standard, non-tempered glass is
attributed to which of the following?
a) The tensile residual stresses at the surface of the glass, due to the lower
volume of the surface
b) The compressive residual stresses at the surface of the glass, due to the
lower volume of the surface
c) The tensile residual stresses at the surface of the glass, due to the higher
volume of the surface
d) The compressive residual stresses","The higher strength of tempered glass over standard, non-tempered glass is
attributed to which of the following?
 The electron then drops down to its ground level,
emitting a photon with a wavelength of 700 nm. a) The tensile residual stresses at the surface of the glass, due to the lower
volume of the surface
b) The compressive residual stresses at the surface of the glass, due to the
lower volume of the surface
c) The tensile residual stresses at the surface of the glass, due to the higher
volume of the surface
d) The compressive residual stresses","The higher strength of tempered glass over standard, non-tempered glass is
attributed to which of the following?
 An hypothetical FCC metal has a density of 7.4 g/cm3 and a molar mass of 55.3 g/mol. a) The tensile residual stresses at the surface of the glass, due to the lower
volume of the surface
b) The compressive residual stresses at the surface of the glass, due to the
lower volume of the surface
c) The tensile residual stresses at the surface of the glass, due to the higher
volume of the surface
d) The compressive residual stresses","The higher strength of tempered glass over standard, non-tempered glass is
attributed to which of the following?
 Two 1 m lengths of a woven polypropylene rope having a glass transition temperature of -20 C are loaded in tension for 8 months. a) The tensile residual stresses at the surface of the glass, due to the lower
volume of the surface
b) The compressive residual stresses at the surface of the glass, due to the
lower volume of the surface
c) The tensile residual stresses at the surface of the glass, due to the higher
volume of the surface
d) The compressive residual stresses"
"Which of the following could best be described as the beginning of fracture in a
metallic sample?
a) The proportional limit
b) The fracture strength
c) The yield strength
d) The ultimate tensile strength",Original,Medium,d,4,"Which of the following could best be described as the beginning of fracture in a
metallic sample?
a) The proportional limit
b) The fracture strength
c) The yield strength
d) The ultimate tensile strength","Which of the following could best be described as the beginning of fracture in a
metallic sample?
a) The proportional limit
b) The fracture strength
c) The yield strength
d) The ultimate tensile strength","Which of the following could best be described as the beginning of fracture in a
metallic sample?
a) The proportional limit
b) The fracture strength
c) The yield strength
d) The ultimate tensile strength","Which of the following could best be described as the beginning of fracture in a
metallic sample?
a) The proportional limit
b) The fracture strength
c) The yield strength
d) The ultimate tensile strength","Which of the following could best be described as the beginning of fracture in a
metallic sample?
a) The proportional limit
b) The fracture strength
c) The yield strength
d) The ultimate tensile strength","Which of the following could best be described as the beginning of fracture in a
metallic sample?
a) The proportional limit
b) The fracture strength
c) The yield strength
d) The ultimate tensile strength","Which of the following could best be described as the beginning of fracture in a
metal?
a) The proportional limit
b) The fracture strength
c) The yield strength
d) The ultimate tensile strength","One morning, the mothers and fathers were ready as usual in the main square of Four Houses waiting for the red bus. But this was no ordinary day, for the red bus was twenty minutes late. Very slowly, he came chugging along but once he got to the square he collapsed from exhaustion. There was no way he could take the children to school today. Then the teacher asked: Which of the following could best be described as the beginning of fracture in a
metallic sample?
a) The proportional limit
b) The fracture strength
c) The yield strength
d) The ultimate tensile strength","Which of the following could best be described as the beginning of fracture in a
metallic sample?
 Which of the following is a reasonable justification for the use of the
0.2% offset yield strength?
 a) The proportional limit
b) The fracture strength
c) The yield strength
d) The ultimate tensile strength","Which of the following could best be described as the beginning of fracture in a
metallic sample?
 Which of the following statements is/are correct?
1. a) The proportional limit
b) The fracture strength
c) The yield strength
d) The ultimate tensile strength","Which of the following could best be described as the beginning of fracture in a
metallic sample?
 An hypothetical metal has a close packed crystal structure, a density
of 8.0 g/cm3 and a molar mass of 63.1 g/mol. a) The proportional limit
b) The fracture strength
c) The yield strength
d) The ultimate tensile strength"
"Which of the following is the best description of the true stress?

a) The stress supported by the sample, accounting for the reduction in the
load-bearing cross-sectional area

b) The stress determined from the instantaneous load and the initial load-
bearing cross-sectional area

c) The stress supported by the sample, accounting for the initial load and the
reduced cross-sectional area
d) None of the above",Original,Easy,a,4,"Which of the following is the best description of the true stress?

a) The stress supported by the sample, accounting for the reduction in the
load-bearing cross-sectional area

b) The stress determined from the instantaneous load and the initial load-
bearing cross-sectional area

c) The stress supported by the sample, accounting for the initial load and the
reduced cross-sectional area
d) None of the above","Which of the following is the best description of the true stress?

a) The stress supported by the sample, accounting for the reduction in the
load-bearing cross-sectional area

b) The stress determined from the instantaneous load and the initial load-
bearing cross-sectional area

c) The stress supported by the sample, accounting for the initial load and the
reduced cross-sectional area
d) None of the above","Which of the following is the best description of the true stress?

a) The stress supported by the sample, accounting for the reduction in the
load-bearing cross-sectional area

b) The stress determined from the instantaneous load and the initial load-
bearing cross-sectional area

c) The stress supported by the sample, accounting for the initial load and the
reduced cross-sectional area
d) None of the above","Which of the following is the best description of the true stress?

a) The stress supported by the sample, accounting for the reduction in the
load-bearing cross-sectional area

b) The stress determined from the instantaneous load and the initial load-
bearing cross-sectional area

c) The stress supported by the sample, accounting for the initial load and the
reduced cross-sectional area
d) None of the above","Which of the following is the best description of the true stress?

a) The stress supported by the sample, accounting for the reduction in the
load-bearing cross-sectional area

b) The stress determined from the instantaneous load and the initial load-
bearing cross-sectional area

c) The stress supported by the sample, accounting for the initial load and the
reduced cross-sectional area
d) None of the above","Which of the following is the best description of the true stress?

a) The stress supported by the sample, accounting for the reduction in the
load-bearing cross-sectional area

b) The stress determined from the instantaneous load and the initial load-
bearing cross-sectional area

c) The stress supported by the sample, accounting for the initial load and the
reduced cross-sectional area
d) None of the above","Which of the following is the best description of the true stress?

a) The stress supported by the sample, accounting for the reduction in the
load-bearing cross-sectional area

b) The stress determined from the instantaneous load and the initial load-
bearing cross-sectional area

c) The stress supported by the sample, accounting for the initial load and the
reduced cross-sectional area
d) None of the above","One morning, the mothers and fathers were ready as usual in the main square of Four Houses waiting for the red bus. But this was no ordinary day, for the red bus was twenty minutes late. Very slowly, he came chugging along but once he got to the square he collapsed from exhaustion. There was no way he could take the children to school today. Then the teacher asked: Which of the following is the best description of the true stress?

a) The stress supported by the sample, accounting for the reduction in the
load-bearing cross-sectional area

b) The stress determined from the instantaneous load and the initial load-
bearing cross-sectional area

c) The stress supported by the sample, accounting for the initial load and the
reduced cross-sectional area
d) None of the above","Which of the following is the best description of the true stress?

 Which of the following statements is/are correct?
1. a) The stress supported by the sample, accounting for the reduction in the
load-bearing cross-sectional area

b) The stress determined from the instantaneous load and the initial load-
bearing cross-sectional area

c) The stress supported by the sample, accounting for the initial load and the
reduced cross-sectional area
d) None of the above","Which of the following is the best description of the true stress?

 Which of the following statements is/are correct?
1. a) The stress supported by the sample, accounting for the reduction in the
load-bearing cross-sectional area

b) The stress determined from the instantaneous load and the initial load-
bearing cross-sectional area

c) The stress supported by the sample, accounting for the initial load and the
reduced cross-sectional area
d) None of the above","Which of the following is the best description of the true stress?

 If the Young's
modulus of this alloy is known to be 115 GPa and the bar has an
initial length of 1 metre and an initial cross-sectional edge length of
10 mm, determine the Poisson's ratio of this alloy.
 a) The stress supported by the sample, accounting for the reduction in the
load-bearing cross-sectional area

b) The stress determined from the instantaneous load and the initial load-
bearing cross-sectional area

c) The stress supported by the sample, accounting for the initial load and the
reduced cross-sectional area
d) None of the above"
"Which of the following most closely describes the beginning of non-uniform plastic
deformation in a metallic sample?
a) The proportional limit
b) The 0.2% offset yield strength
c) The ultimate tensile strength
d) None of the above",Original,Easy,c,4,"Which of the following most closely describes the beginning of non-uniform plastic
deformation in a metallic sample?
a) The proportional limit
b) The 0.2% offset yield strength
c) The ultimate tensile strength
d) None of the above","Which of the following most closely describes the beginning of non-uniform plastic
deformation in a metallic sample?
a) The proportional limit
b) The 0.2% offset yield strength
c) The ultimate tensile strength
d) None of the above","Which of the following most closely describes the beginning of non-uniform plastic
deformation in a metallic sample?
a) The proportional limit
b) The 0.2% offset yield strength
c) The ultimate tensile strength
d) None of the above","Which of the following most closely describes the beginning of non-uniform plastic
deformation in a metallic sample?
a) The proportional limit
b) The 0.2% offset yield strength
c) The ultimate tensile strength
d) None of the above","Which of the following most closely describes the beginning of non-uniform plastic
deformation in a metallic sample?
a) The proportional limit
b) The 0.2% offset yield strength
c) The ultimate tensile strength
d) None of the above","Which of the following most closely describes the beginning of non-uniform plastic
deformation in a metallic sample?
a) The proportional limit
b) The 0.2% offset yield strength
c) The ultimate tensile strength
d) None of the above","Which of the following most accurately describes the start of non-uniform plastic
deformation in a metal sample?
a) The proportional limit
b) The 0.2% offset yield strength
c) The ultimate tensile strength
d) None of the above","One morning, the mothers and fathers were ready as usual in the main square of Four Houses waiting for the red bus. But this was no ordinary day, for the red bus was twenty minutes late. Very slowly, he came chugging along but once he got to the square he collapsed from exhaustion. There was no way he could take the children to school today. Then the teacher asked: Which of the following most closely describes the beginning of non-uniform plastic
deformation in a metallic sample?
a) The proportional limit
b) The 0.2% offset yield strength
c) The ultimate tensile strength
d) None of the above","Which of the following most closely describes the beginning of non-uniform plastic
deformation in a metallic sample?
 A cylindrical cross-section rod is loaded along its long axis with a
tensile load of 7276.617 N. a) The proportional limit
b) The 0.2% offset yield strength
c) The ultimate tensile strength
d) None of the above","Which of the following most closely describes the beginning of non-uniform plastic
deformation in a metallic sample?
 Which of the following is the approximate fraction of the FCC (111)
plane that is covered by atoms, in the hard sphere model, with centres
on the plane? a) The proportional limit
b) The 0.2% offset yield strength
c) The ultimate tensile strength
d) None of the above","Which of the following most closely describes the beginning of non-uniform plastic
deformation in a metallic sample?
 A steel bar having a yield strength of 450 MPa, an ultimate tensile strength of 530 MPa and
dimensions 23 mm * 118 mm * 5900 mm is loaded in tension along its long axis. a) The proportional limit
b) The 0.2% offset yield strength
c) The ultimate tensile strength
d) None of the above"
"Which of the following most closely describes the beginning of non-uniform elastic
deformation in a metallic sample?
a) The elastic limit
b) The 0.2% offset yield strength
c) The ultimate tensile strength
d) None of the above",Original,Medium,d,4,"Which of the following most closely describes the beginning of non-uniform elastic
deformation in a metallic sample?
a) The elastic limit
b) The 0.2% offset yield strength
c) The ultimate tensile strength
d) None of the above","Which of the following most closely describes the beginning of non-uniform elastic
deformation in a metallic sample?
a) The elastic limit
b) The 0.2% offset yield strength
c) The ultimate tensile strength
d) None of the above","Which of the following most closely describes the beginning of non-uniform elastic
deformation in a metallic sample?
a) The elastic limit
b) The 0.2% offset yield strength
c) The ultimate tensile strength
d) None of the above","Which of the following most closely describes the beginning of non-uniform elastic
deformation in a metallic sample?
a) The elastic limit
b) The 0.2% offset yield strength
c) The ultimate tensile strength
d) None of the above","Which of the following most closely describes the beginning of non-uniform elastic
deformation in a metallic sample?
a) The elastic limit
b) The 0.2% offset yield strength
c) The ultimate tensile strength
d) None of the above","Which of the following most closely describes the beginning of non-uniform elastic
deformation in a metallic sample?
a) The elastic limit
b) The 0.2% offset yield strength
c) The ultimate tensile strength
d) None of the above","Which of the following most precisely describes the on-set of non-uniform elastic
deformation in a metal sample?
a) The elastic limit
b) The 0.2% offset yield strength
c) The ultimate tensile strength
d) None of the above","One morning, the mothers and fathers were ready as usual in the main square of Four Houses waiting for the red bus. But this was no ordinary day, for the red bus was twenty minutes late. Very slowly, he came chugging along but once he got to the square he collapsed from exhaustion. There was no way he could take the children to school today. Then the teacher asked: Which of the following most closely describes the beginning of non-uniform elastic
deformation in a metallic sample?
a) The elastic limit
b) The 0.2% offset yield strength
c) The ultimate tensile strength
d) None of the above","Which of the following most closely describes the beginning of non-uniform elastic
deformation in a metallic sample?
 The Boltzmann constant is 8.617*10^5 eV/K. a) The elastic limit
b) The 0.2% offset yield strength
c) The ultimate tensile strength
d) None of the above","Which of the following most closely describes the beginning of non-uniform elastic
deformation in a metallic sample?
 Which of the following statements is/are correct?
1. a) The elastic limit
b) The 0.2% offset yield strength
c) The ultimate tensile strength
d) None of the above","Which of the following most closely describes the beginning of non-uniform elastic
deformation in a metallic sample?
 Which of the following statements is/are correct?
1. a) The elastic limit
b) The 0.2% offset yield strength
c) The ultimate tensile strength
d) None of the above"
"Which of the following most closely describes the ductility of a sample?

a) The plastic strain at fracture
b) The elastic strain at fracture
c) The total strain at fracture
d) None of the above",Original,Easy,a,4,"Which of the following most closely describes the ductility of a sample?

a) The plastic strain at fracture
b) The elastic strain at fracture
c) The total strain at fracture
d) None of the above","Which of the following most closely describes the ductility of a sample?

a) The plastic strain at fracture
b) The elastic strain at fracture
c) The total strain at fracture
d) None of the above","Which of the following most closely describes the ductility of a sample?

a) The plastic strain at fracture
b) The elastic strain at fracture
c) The total strain at fracture
d) None of the above","Which of the following most closely describes the ductility of a sample?

a) The plastic strain at fracture
b) The elastic strain at fracture
c) The total strain at fracture
d) None of the above","Which of the following most closely describes the ductility of a sample?

a) The plastic strain at fracture
b) The elastic strain at fracture
c) The total strain at fracture
d) None of the above","Which of the following most closely describes the ductility of a sample?

a) The plastic strain at fracture
b) The elastic strain at fracture
c) The total strain at fracture
d) None of the above","Which of the following best describes the ductility of a material?

a) The plastic strain at fracture
b) The elastic strain at fracture
c) The total strain at fracture
d) None of the above","One morning, the mothers and fathers were ready as usual in the main square of Four Houses waiting for the red bus. But this was no ordinary day, for the red bus was twenty minutes late. Very slowly, he came chugging along but once he got to the square he collapsed from exhaustion. There was no way he could take the children to school today. Then the teacher asked: Which of the following most closely describes the ductility of a sample?

a) The plastic strain at fracture
b) The elastic strain at fracture
c) The total strain at fracture
d) None of the above","Which of the following most closely describes the ductility of a sample?

 If the diameter of the

reduced section and the grip region are 28.7 mm and 47.5 mm, re-
spectively, what is the stress in the grip region?

 a) The plastic strain at fracture
b) The elastic strain at fracture
c) The total strain at fracture
d) None of the above","Which of the following most closely describes the ductility of a sample?

 Two 1 m lengths of a woven polypropylene rope having a glass transition temperature of -20 C are loaded in tension for 8 months. a) The plastic strain at fracture
b) The elastic strain at fracture
c) The total strain at fracture
d) None of the above","Which of the following most closely describes the ductility of a sample?

 A cylindrical sample of stainless steel having a Young's modulus of
193.8 GPa, a diameter of 17.4 mm, and an initial length of 147.2is
loaded to a stress between the yield strength and the ultimate tensile strength and then completely unloaded. a) The plastic strain at fracture
b) The elastic strain at fracture
c) The total strain at fracture
d) None of the above"
"Which of the following describes the resilience compared to the toughness of a
theoretically fully brittle sample?
a) The resilience will be greater than the toughness
b) The resilience will be less than the toughness
c) None of these options
d) The resilience will be equal to the toughness",Original,Medium,d,4,"Which of the following describes the resilience compared to the toughness of a
theoretically fully brittle sample?
a) The resilience will be greater than the toughness
b) The resilience will be less than the toughness
c) None of these options
d) The resilience will be equal to the toughness","Which of the following describes the resilience compared to the toughness of a
theoretically fully brittle sample?
a) The resilience will be greater than the toughness
b) The resilience will be less than the toughness
c) None of these options
d) The resilience will be equal to the toughness","Which of the following describes the resilience compared to the toughness of a
theoretically fully brittle sample?
a) The resilience will be greater than the toughness
b) The resilience will be less than the toughness
c) None of these options
d) The resilience will be equal to the toughness","Which of the following describes the resilience compared to the toughness of a
theoretically fully brittle sample?
a) The resilience will be greater than the toughness
b) The resilience will be less than the toughness
c) None of these options
d) The resilience will be equal to the toughness","Which of the following describes the resilience compared to the toughness of a
theoretically fully brittle sample?
a) The resilience will be greater than the toughness
b) The resilience will be less than the toughness
c) None of these options
d) The resilience will be equal to the toughness","Which of the following describes the resilience compared to the toughness of a
theoretically fully brittle sample?
a) The resilience will be greater than the toughness
b) The resilience will be less than the toughness
c) None of these options
d) The resilience will be equal to the toughness","Which of the following characterizes the resilience in relation to the toughness of a
theoretically fully brittle specimen?
a) The resilience will be greater than the toughness
b) The resilience will be less than the toughness
c) None of these options
d) The resilience will be equal to the toughness","One morning, the mothers and fathers were ready as usual in the main square of Four Houses waiting for the red bus. But this was no ordinary day, for the red bus was twenty minutes late. Very slowly, he came chugging along but once he got to the square he collapsed from exhaustion. There was no way he could take the children to school today. Then the teacher asked: Which of the following describes the resilience compared to the toughness of a
theoretically fully brittle sample?
a) The resilience will be greater than the toughness
b) The resilience will be less than the toughness
c) None of these options
d) The resilience will be equal to the toughness","Which of the following describes the resilience compared to the toughness of a
theoretically fully brittle sample?
 The sample is then completely unloaded and is observed
to recover elastically by 0.89 mm. a) The resilience will be greater than the toughness
b) The resilience will be less than the toughness
c) None of these options
d) The resilience will be equal to the toughness","Which of the following describes the resilience compared to the toughness of a
theoretically fully brittle sample?
 Comparing the lengths of these rope samples at the end of this 8 month period, which of the following are possible?
 a) The resilience will be greater than the toughness
b) The resilience will be less than the toughness
c) None of these options
d) The resilience will be equal to the toughness","Which of the following describes the resilience compared to the toughness of a
theoretically fully brittle sample?
 Cations within the rock salt crystal structure occupy octahedral
interstitial sites.
4. a) The resilience will be greater than the toughness
b) The resilience will be less than the toughness
c) None of these options
d) The resilience will be equal to the toughness"
"Which of the following is a reasonable justification for the use of the
0.2% offset yield strength?
(a) This offset represents exactly the point where mild steel begins
to undergo uniform plastic deformation.

(b) It is difficult to determine from experimental data where uni-
form plastic deformation begins.

(c) It is difficult to determine from experimental data where non-
uniform plastic deformation begins.

(d) None of these are reasonable.",Original,Easy,b,4,"Which of the following is a reasonable justification for the use of the
0.2% offset yield strength?
(a) This offset represents exactly the point where mild steel begins
to undergo uniform plastic deformation.

(b) It is difficult to determine from experimental data where uni-
form plastic deformation begins.

(c) It is difficult to determine from experimental data where non-
uniform plastic deformation begins.

(d) None of these are reasonable.","Which of the following is a reasonable justification for the use of the
0.2% offset yield strength?
(a) This offset represents exactly the point where mild steel begins
to undergo uniform plastic deformation.

(b) It is difficult to determine from experimental data where uni-
form plastic deformation begins.

(c) It is difficult to determine from experimental data where non-
uniform plastic deformation begins.

(d) None of these are reasonable.","Which of the following is a reasonable justification for the use of the
0.2% offset yield strength?
(a) This offset represents exactly the point where mild steel begins
to undergo uniform plastic deformation.

(b) It is difficult to determine from experimental data where uni-
form plastic deformation begins.

(c) It is difficult to determine from experimental data where non-
uniform plastic deformation begins.

(d) None of these are reasonable.","Which of the following is a reasonable justification for the use of the
0.2% offset yield strength?
(a) This offset represents exactly the point where mild steel begins
to undergo uniform plastic deformation.

(b) It is difficult to determine from experimental data where uni-
form plastic deformation begins.

(c) It is difficult to determine from experimental data where non-
uniform plastic deformation begins.

(d) None of these are reasonable.","Which of the following is a reasonable justification for the use of the
0.2% offset yield strength?
(a) This offset represents exactly the point where mild steel begins
to undergo uniform plastic deformation.

(b) It is difficult to determine from experimental data where uni-
form plastic deformation begins.

(c) It is difficult to determine from experimental data where non-
uniform plastic deformation begins.

(d) None of these are reasonable.","Which of the following is a reasonable justification for the use of the
0.2% offset yield strength?
(a) This offset represents exactly the point where mild steel begins
to undergo uniform plastic deformation.

(b) It is difficult to determine from experimental data where uni-
form plastic deformation begins.

(c) It is difficult to determine from experimental data where non-
uniform plastic deformation begins.

(d) None of these are reasonable.","Which of the following is a valid rationale for the use of the
0.2% offset yield strength?
(a) This offset represents exactly the point where mild steel begins
to undergo uniform plastic deformation.

(b) It is difficult to determine from experimental data where uni-
form plastic deformation begins.

(c) It is difficult to determine from experimental data where non-
uniform plastic deformation begins.

(d) None of these are reasonable.","One morning, the mothers and fathers were ready as usual in the main square of Four Houses waiting for the red bus. But this was no ordinary day, for the red bus was twenty minutes late. Very slowly, he came chugging along but once he got to the square he collapsed from exhaustion. There was no way he could take the children to school today. Then the teacher asked: Which of the following is a reasonable justification for the use of the
0.2% offset yield strength?
(a) This offset represents exactly the point where mild steel begins
to undergo uniform plastic deformation.

(b) It is difficult to determine from experimental data where uni-
form plastic deformation begins.

(c) It is difficult to determine from experimental data where non-
uniform plastic deformation begins.

(d) None of these are reasonable.","Which of the following is a reasonable justification for the use of the
0.2% offset yield strength?
 The atomic packing factor of the hexagonal close packed crystal
structure is greater than that of the face centred cubic crystal
structure.
2. (a) This offset represents exactly the point where mild steel begins
to undergo uniform plastic deformation.

(b) It is difficult to determine from experimental data where uni-
form plastic deformation begins.

(c) It is difficult to determine from experimental data where non-
uniform plastic deformation begins.

(d) None of these are reasonable.","Which of the following is a reasonable justification for the use of the
0.2% offset yield strength?
 The
yield strength and ultimate tensile strength of this specific alloy are
284.0 MPa and 676.0 MPa, respectively.
 (a) This offset represents exactly the point where mild steel begins
to undergo uniform plastic deformation.

(b) It is difficult to determine from experimental data where uni-
form plastic deformation begins.

(c) It is difficult to determine from experimental data where non-
uniform plastic deformation begins.

(d) None of these are reasonable.","Which of the following is a reasonable justification for the use of the
0.2% offset yield strength?
 In the iron carbon system, the maximum solid solubility of carbon in
ferrite occurs at 0.022 wt%C and 727 C, the eutectoid composition
is 0.76 wt%C, the eutectoid temperature is 727 C and the cementite
composition is 6.7 wt%C. (a) This offset represents exactly the point where mild steel begins
to undergo uniform plastic deformation.

(b) It is difficult to determine from experimental data where uni-
form plastic deformation begins.

(c) It is difficult to determine from experimental data where non-
uniform plastic deformation begins.

(d) None of these are reasonable."
"Two rectangular cross-section beams are prepared from the same ce-
ramic material. The first beam has length 78 mm, height 9.1 mm,

and width 18 mm, while the second beam has length 51 mm, height
9.4 mm, and width 12 mm. The first beam is found to fracture when
the applied load, in three-point bending, is 2520 N. What load will
the second beam fracture at?
(a) 1735.4 N
(b) 1195.1 N
(c) 1156.9 N
(d) 2741.6 N",Original,Hard,d,4,"Two rectangular cross-section beams are prepared from the same ce-
ramic material. The first beam has length 0.0780 m, height 9.1 mm,

and width 0.0180 m, while the second beam has length 5.10 cm, height
0.0094 m, and width 0.0120 m. The first beam is found to fracture when
the applied load, in three-point bending, is 2.520000 kN. What load will
the second beam fracture at?
(a) 1735 N
(b) 0.001195 MN
(c) 1157 N
(d) 0.002742 MN","Two rectangular cross-section beams are prepared from the same ce-
ramic material. The first beam has length 7.80 cm, height 9100000 nm,

and width 0.0180 m, while the second beam has length 0.0510 m, height
9.4 mm, and width 0.0120 m. The first beam is found to fracture when
the applied load, in three-point bending, is 2520 N. What load will
the second beam fracture at?
(a) 1.735400 kN
(b) 1195 N
(c) 1157 N
(d) 2741600 mN","Two rectangular cross-section beams are prepared from the same ce-
ramic material. The first beam has length 78000000000 pm, height 0.91 cm,

and width 0.0180 m, while the second beam has length 0.0510 m, height
0.0094 m, and width 12000000 nm. The first beam is found to fracture when
the applied load, in three-point bending, is 2520 N. What load will
the second beam fracture at?
(a) 1.735400 kN
(b) 1195 N
(c) 0.001157 MN
(d) 2742 N","Two rectangular cross-section beams are prepared from the same ce-
ramic material. The first beam is found to fracture when
the applied load, in three-point bending, is 2520 N. The first beam has length 78 mm, height 9.1 mm,

and width 18 mm, while the second beam has length 51 mm, height
9.4 mm, and width 12 mm. What load will
the second beam fracture at?
(a) 1735.4 N
(b) 1195.1 N
(c) 1156.9 N
(d) 2741.6 N","What load will
the second beam fracture at?
 The first beam has length 78 mm, height 9.1 mm,

and width 18 mm, while the second beam has length 51 mm, height
9.4 mm, and width 12 mm. The first beam is found to fracture when
the applied load, in three-point bending, is 2520 N. Two rectangular cross-section beams are prepared from the same ce-
ramic material.(a) 1735.4 N
(b) 1195.1 N
(c) 1156.9 N
(d) 2741.6 N","Two rectangular cross-section beams are prepared from the same ce-
ramic material. The first beam has length 78 mm, height 9.1 mm,

and width 18 mm, while the second beam has length 51 mm, height
9.4 mm, and width 12 mm. What load will
the second beam fracture at?
 The first beam is found to fracture when
the applied load, in three-point bending, is 2520 N.(a) 1735.4 N
(b) 1195.1 N
(c) 1156.9 N
(d) 2741.6 N","Two beams with rectangular cross-sections are prepared from the same ceramic. The first beam has length 78 mm, height 9.1 mm,
and width 18 mm, while the second beam has length 51 mm, height
9.4 mm, and width 12 mm. The first beam is found to fracture when
the applied force, in three-point bending, is 2520 N. What force will
the second beam fracture at?
(a) 1735.4 N
(b) 1195.1 N
(c) 1156.9 N
(d) 2741.6 N","One morning, the mothers and fathers were ready as usual in the main square of Four Houses waiting for the red bus. But this was no ordinary day, for the red bus was twenty minutes late. Very slowly, he came chugging along but once he got to the square he collapsed from exhaustion. There was no way he could take the children to school today. Then the teacher asked: Two rectangular cross-section beams are prepared from the same ce-
ramic material. The first beam has length 78 mm, height 9.1 mm,

and width 18 mm, while the second beam has length 51 mm, height
9.4 mm, and width 12 mm. The first beam is found to fracture when
the applied load, in three-point bending, is 2520 N. What load will
the second beam fracture at?
(a) 1735.4 N
(b) 1195.1 N
(c) 1156.9 N
(d) 2741.6 N","Two rectangular cross-section beams are prepared from the same ce-
ramic material. A theoretical system of particles at infinite temperature would
have all particles existing in the highest possible energy states.
2. The first beam has length 78 mm, height 9.1 mm,

and width 18 mm, while the second beam has length 51 mm, height
9.4 mm, and width 12 mm. The first beam is found to fracture when
the applied load, in three-point bending, is 2520 N. What load will
the second beam fracture at?
 (a) 1735.4 N
(b) 1195.1 N
(c) 1156.9 N
(d) 2741.6 N","Two rectangular cross-section beams are prepared from the same ce-
ramic material. A paper you are reading states that a newly developed ceramic material was determined to
have strengths of 450 MPa and 1020 MPa. The first beam has length 78 mm, height 9.1 mm,

and width 18 mm, while the second beam has length 51 mm, height
9.4 mm, and width 12 mm. The first beam is found to fracture when
the applied load, in three-point bending, is 2520 N. What load will
the second beam fracture at?
 (a) 1735.4 N
(b) 1195.1 N
(c) 1156.9 N
(d) 2741.6 N","Two rectangular cross-section beams are prepared from the same ce-
ramic material. An hypothetical metal has an atomic radius of 323 nm and has the
HCP crystal structure with c/a = 1.624. The first beam has length 78 mm, height 9.1 mm,

and width 18 mm, while the second beam has length 51 mm, height
9.4 mm, and width 12 mm. The first beam is found to fracture when
the applied load, in three-point bending, is 2520 N. What load will
the second beam fracture at?
 (a) 1735.4 N
(b) 1195.1 N
(c) 1156.9 N
(d) 2741.6 N"
"A hypothetical metal alloy is loaded in tension to just before fracture,
at which point the strain is observed to be 0.03. The sample is then
unloaded completely and the strain is found to be 0.02. If the Young's
modulus of this alloy is 143 GPa, what is the fracture stress of this
alloy?
(a) 1430.0 MPa
(b) 2.86 MPa
(c) 4.29 MPa
(d) 4290.0 MPa",Original,Hard,a,4,"A hypothetical metal alloy is loaded in tension to just before fracture,
at which point the strain is observed to be 0.03. The sample is then
unloaded completely and the strain is found to be 0.02. If the Young's
modulus of this alloy is 143000000 kPa, what is the fracture stress of this
alloy?
(a) 1430000000 Pa
(b) 2860000 Pa
(c) 4290 kPa
(d) 4290000000 Pa","A hypothetical metal alloy is loaded in tension to just before fracture,
at which point the strain is observed to be 0.03. The sample is then
unloaded completely and the strain is found to be 0.02. If the Young's
modulus of this alloy is 0.143000 MPa, what is the fracture stress of this
alloy?
(a) 1.430000 GPa
(b) 2860 kPa
(c) 0.004290 GPa
(d) 4290 MPa","A hypothetical metal alloy is loaded in tension to just before fracture,
at which point the strain is observed to be 0.03. The sample is then
unloaded completely and the strain is found to be 0.02. If the Young's
modulus of this alloy is 143000000000 Pa, what is the fracture stress of this
alloy?
(a) 1430000 kPa
(b) 0.002860 GPa
(c) 0.004290 GPa
(d) 4290000 kPa","The sample is then
unloaded completely and the strain is found to be 0.02. If the Young's
modulus of this alloy is 143 GPa, what is the fracture stress of this
alloy?
 A hypothetical metal alloy is loaded in tension to just before fracture,
at which point the strain is observed to be 0.03.(a) 1430.0 MPa
(b) 2.86 MPa
(c) 4.29 MPa
(d) 4290.0 MPa","A hypothetical metal alloy is loaded in tension to just before fracture,
at which point the strain is observed to be 0.03. The sample is then
unloaded completely and the strain is found to be 0.02. If the Young's
modulus of this alloy is 143 GPa, what is the fracture stress of this
alloy?
(a) 1430.0 MPa
(b) 2.86 MPa
(c) 4.29 MPa
(d) 4290.0 MPa","The sample is then
unloaded completely and the strain is found to be 0.02. If the Young's
modulus of this alloy is 143 GPa, what is the fracture stress of this
alloy?
 A hypothetical metal alloy is loaded in tension to just before fracture,
at which point the strain is observed to be 0.03.(a) 1430.0 MPa
(b) 2.86 MPa
(c) 4.29 MPa
(d) 4290.0 MPa","A theoretical metal alloy is subjected to tensile loading to just before fracture,
at which point the strain is observed to be 0.03. The alloy is then
unloaded completely and the strain is found to be 0.02. If the Young's
modulus of this alloy is 143 GPa, what is the fracture stress of this
alloy?
(a) 1430.0 MPa
(b) 2.86 MPa
(c) 4.29 MPa
(d) 4290.0 MPa","One morning, the mothers and fathers were ready as usual in the main square of Four Houses waiting for the red bus. But this was no ordinary day, for the red bus was twenty minutes late. Very slowly, he came chugging along but once he got to the square he collapsed from exhaustion. There was no way he could take the children to school today. Then the teacher asked: A hypothetical metal alloy is loaded in tension to just before fracture,
at which point the strain is observed to be 0.03. The sample is then
unloaded completely and the strain is found to be 0.02. If the Young's
modulus of this alloy is 143 GPa, what is the fracture stress of this
alloy?
(a) 1430.0 MPa
(b) 2.86 MPa
(c) 4.29 MPa
(d) 4290.0 MPa","A hypothetical metal alloy is loaded in tension to just before fracture,
at which point the strain is observed to be 0.03. A paper you are reading states that a newly developed ceramic material was determined to
have strengths of 450 MPa and 1020 MPa. The sample is then
unloaded completely and the strain is found to be 0.02. If the Young's
modulus of this alloy is 143 GPa, what is the fracture stress of this
alloy?
 (a) 1430.0 MPa
(b) 2.86 MPa
(c) 4.29 MPa
(d) 4290.0 MPa","A hypothetical metal alloy is loaded in tension to just before fracture,
at which point the strain is observed to be 0.03. The change in length
from the loaded length to the final unloaded length is measured to be
0.33 mm. The sample is then
unloaded completely and the strain is found to be 0.02. If the Young's
modulus of this alloy is 143 GPa, what is the fracture stress of this
alloy?
 (a) 1430.0 MPa
(b) 2.86 MPa
(c) 4.29 MPa
(d) 4290.0 MPa","A hypothetical metal alloy is loaded in tension to just before fracture,
at which point the strain is observed to be 0.03. The first beam has length 78 mm, height 9.1 mm,

and width 18 mm, while the second beam has length 51 mm, height
9.4 mm, and width 12 mm. The sample is then
unloaded completely and the strain is found to be 0.02. If the Young's
modulus of this alloy is 143 GPa, what is the fracture stress of this
alloy?
 (a) 1430.0 MPa
(b) 2.86 MPa
(c) 4.29 MPa
(d) 4290.0 MPa"
"A hypothetical FCC metal has a density of 6.0 g/cm3 , a molar mass of 85.53 g/mol and an energy for vacancy formation of 0.86 eV/atom. The Boltzmann constant is 8.617*10^5 eV/K. Which of the following is the correct number of vacancies in this metal at equilibrium at 928 C?
(a) 1.04e+19 vacancies/cm3
(b) 9.05e+17 vacancies/cm3
(c) 1.71e+26 vacancies/cm3
(d) 8.92e+20 vacancies/cm3",Original,Hard,a,4,"A hypothetical FCC metal has a density of 0.006 kg/cm3 , a molar mass of 85530 mg/mol and an energy for vacancy formation of 1.3778748000e-22 kJ/atom. The Boltzmann constant is 8.617*10^8.0109000000e-22 kJ/K. Which of the following is the correct number of vacancies in this metal at equilibrium at 1702.40 F?
(a) 1.04e+19 vacancies/cm3
(b) 9.05e+17 vacancies/cm3
(c) 1.71e+26 vacancies/cm3
(d) 8.92e+20 vacancies/cm3","A hypothetical FCC metal has a density of 6 g/cm3 , a molar mass of 86 g/mol and an energy for vacancy formation of 1.3778748000e-22 kJ/atom. The Boltzmann constant is 8.617*10^8.0109000000e-22 kJ/K. Which of the following is the correct number of vacancies in this metal at equilibrium at 1201.15 K?
(a) 1.04e+19 vacancies/cm3
(b) 9.05e+17 vacancies/cm3
(c) 1.71e+26 vacancies/cm3
(d) 8.92e+20 vacancies/cm3","A hypothetical FCC metal has a density of 6 g/cm3 , a molar mass of 85530 mg/mol and an energy for vacancy formation of 1.3778748000e-22 kJ/atom. The Boltzmann constant is 8.617*10^8.0109000000e-19 J/K. Which of the following is the correct number of vacancies in this metal at equilibrium at 1702.40 F?
(a) 1.04e+19 vacancies/cm3
(b) 9.05e+17 vacancies/cm3
(c) 1.71e+26 vacancies/cm3
(d) 8.92e+20 vacancies/cm3","Which of the following is the correct number of vacancies in this metal at equilibrium at 928 C?
 A hypothetical FCC metal has a density of 6.0 g/cm3 , a molar mass of 85.53 g/mol and an energy for vacancy formation of 0.86 eV/atom. The Boltzmann constant is 8.617*10^5 eV/K.(a) 1.04e+19 vacancies/cm3
(b) 9.05e+17 vacancies/cm3
(c) 1.71e+26 vacancies/cm3
(d) 8.92e+20 vacancies/cm3","The Boltzmann constant is 8.617*10^5 eV/K. Which of the following is the correct number of vacancies in this metal at equilibrium at 928 C?
 A hypothetical FCC metal has a density of 6.0 g/cm3 , a molar mass of 85.53 g/mol and an energy for vacancy formation of 0.86 eV/atom.(a) 1.04e+19 vacancies/cm3
(b) 9.05e+17 vacancies/cm3
(c) 1.71e+26 vacancies/cm3
(d) 8.92e+20 vacancies/cm3","Which of the following is the correct number of vacancies in this metal at equilibrium at 928 C?
 A hypothetical FCC metal has a density of 6.0 g/cm3 , a molar mass of 85.53 g/mol and an energy for vacancy formation of 0.86 eV/atom. The Boltzmann constant is 8.617*10^5 eV/K.(a) 1.04e+19 vacancies/cm3
(b) 9.05e+17 vacancies/cm3
(c) 1.71e+26 vacancies/cm3
(d) 8.92e+20 vacancies/cm3","A hypothetical Face-Centered Cubic metal has a density of 6.0 g/cm3 , a molecular weight of 85.53 g/mol and an energy for vacancy formation of 0.86 eV/atom. The Boltzmann constant is 8.617*10^5 eV/K. Which of the following is the correct number of vacancies in this metal at equilibrium at 928 C?
(a) 1.04e+19 vacancies/cm3
(b) 9.05e+17 vacancies/cm3
(c) 1.71e+26 vacancies/cm3
(d) 8.92e+20 vacancies/cm3","One morning, the mothers and fathers were ready as usual in the main square of Four Houses waiting for the red bus. But this was no ordinary day, for the red bus was twenty minutes late. Very slowly, he came chugging along but once he got to the square he collapsed from exhaustion. There was no way he could take the children to school today. Then the teacher asked: A hypothetical FCC metal has a density of 6.0 g/cm3 , a molar mass of 85.53 g/mol and an energy for vacancy formation of 0.86 eV/atom. The Boltzmann constant is 8.617*10^5 eV/K. Which of the following is the correct number of vacancies in this metal at equilibrium at 928 C?
(a) 1.04e+19 vacancies/cm3
(b) 9.05e+17 vacancies/cm3
(c) 1.71e+26 vacancies/cm3
(d) 8.92e+20 vacancies/cm3","A hypothetical FCC metal has a density of 6.0 g/cm3 , a molar mass of 85.53 g/mol and an energy for vacancy formation of 0.86 eV/atom. 32 g of solid sugar is added to 68 g of liquid water at room temperature
and allowed to reach equilibrium. The Boltzmann constant is 8.617*10^5 eV/K. Which of the following is the correct number of vacancies in this metal at equilibrium at 928 C?
 (a) 1.04e+19 vacancies/cm3
(b) 9.05e+17 vacancies/cm3
(c) 1.71e+26 vacancies/cm3
(d) 8.92e+20 vacancies/cm3","A hypothetical FCC metal has a density of 6.0 g/cm3 , a molar mass of 85.53 g/mol and an energy for vacancy formation of 0.86 eV/atom. A cylindrical sample of stainless steel having a Young's modulus
of 202.2 GPa, and a diameter of 10.9 mm, is loaded to a stress of
498.6 MPa. The Boltzmann constant is 8.617*10^5 eV/K. Which of the following is the correct number of vacancies in this metal at equilibrium at 928 C?
 (a) 1.04e+19 vacancies/cm3
(b) 9.05e+17 vacancies/cm3
(c) 1.71e+26 vacancies/cm3
(d) 8.92e+20 vacancies/cm3","A hypothetical FCC metal has a density of 6.0 g/cm3 , a molar mass of 85.53 g/mol and an energy for vacancy formation of 0.86 eV/atom. A newly discovered element ZZZ (sleepium) has an atomic radius of
128 pm, a molar mass of 64.55 g/mol, and forms an FCC crystal, what
would you estimate the density of ZZZ to be?
 The Boltzmann constant is 8.617*10^5 eV/K. Which of the following is the correct number of vacancies in this metal at equilibrium at 928 C?
 (a) 1.04e+19 vacancies/cm3
(b) 9.05e+17 vacancies/cm3
(c) 1.71e+26 vacancies/cm3
(d) 8.92e+20 vacancies/cm3"
"Which of the following strengthening mechanisms would you expect
to change the Young's modulus of a metal?
(a) None of these.
(b) Minor alloying additions (solid solution).
(c) Grain size reduction.
(d) Cold working.",Original,Medium,a,4,"Which of the following strengthening mechanisms would you expect
to change the Young's modulus of a metal?
(a) None of these.
(b) Minor alloying additions (solid solution).
(c) Grain size reduction.
(d) Cold working.","Which of the following strengthening mechanisms would you expect
to change the Young's modulus of a metal?
(a) None of these.
(b) Minor alloying additions (solid solution).
(c) Grain size reduction.
(d) Cold working.","Which of the following strengthening mechanisms would you expect
to change the Young's modulus of a metal?
(a) None of these.
(b) Minor alloying additions (solid solution).
(c) Grain size reduction.
(d) Cold working.","Which of the following strengthening mechanisms would you expect
to change the Young's modulus of a metal?
(a) None of these.
(b) Minor alloying additions (solid solution).
(c) Grain size reduction.
(d) Cold working.","Which of the following strengthening mechanisms would you expect
to change the Young's modulus of a metal?
(a) None of these.
(b) Minor alloying additions (solid solution).
(c) Grain size reduction.
(d) Cold working.","Which of the following strengthening mechanisms would you expect
to change the Young's modulus of a metal?
(a) None of these.
(b) Minor alloying additions (solid solution).
(c) Grain size reduction.
(d) Cold working.","Which of the following strengthening methods would you expect
to change the Young's modulus of a metal?
(a) None of these.
(b) Minor alloying additions (solid solution).
(c) Grain size reduction.
(d) Cold working.","One morning, the mothers and fathers were ready as usual in the main square of Four Houses waiting for the red bus. But this was no ordinary day, for the red bus was twenty minutes late. Very slowly, he came chugging along but once he got to the square he collapsed from exhaustion. There was no way he could take the children to school today. Then the teacher asked: Which of the following strengthening mechanisms would you expect
to change the Young's modulus of a metal?
(a) None of these.
(b) Minor alloying additions (solid solution).
(c) Grain size reduction.
(d) Cold working.","Which of the following strengthening mechanisms would you expect
to change the Young's modulus of a metal?
 A square cross-section bar of an hypothetical metal alloy is loaded
along its long axis by a load of 1250 N and the length of one of the
short edges is found to reduce by 1.9*10^-7 metre. (a) None of these.
(b) Minor alloying additions (solid solution).
(c) Grain size reduction.
(d) Cold working.","Which of the following strengthening mechanisms would you expect
to change the Young's modulus of a metal?
 Taking a Young's
modulus for this steel of 210 GPa determine the minimum diameter
permissible for this tie.
 (a) None of these.
(b) Minor alloying additions (solid solution).
(c) Grain size reduction.
(d) Cold working.","Which of the following strengthening mechanisms would you expect
to change the Young's modulus of a metal?
 Decreasing the grain size of a metal would generally be expected
to result in an increase in the yield strength of that metal.
4. (a) None of these.
(b) Minor alloying additions (solid solution).
(c) Grain size reduction.
(d) Cold working."
"An hypothetical metal has a close packed crystal structure, a density
of 8.0 g/cm3 and a molar mass of 63.1 g/mol. Which of the following is the correct number of atoms per unit volume for this metal?
(a) 9.54e+21 atoms/cm3
(b) 7.63e+22 atoms/cm3
(c) 8.38e-22 atoms/cm3
(d) 1.27e-01 atoms/cm3",Original,Medium,b,4,"An hypothetical metal has a close packed crystal structure, a density
of 8000 mg/cm3 and a molar mass of 63 g/mol. Which of the following is the correct number of atoms per unit volume for this metal?
(a) 9.54e+21 atoms/cm3
(b) 7.63e+22 atoms/cm3
(c) 8.38e-22 atoms/cm3
(d) 1.27e-01 atoms/cm3","An hypothetical metal has a close packed crystal structure, a density
of 0.008 kg/cm3 and a molar mass of 0.063 kg/mol. Which of the following is the correct number of atoms per unit volume for this metal?
(a) 9.54e+21 atoms/cm3
(b) 7.63e+22 atoms/cm3
(c) 8.38e-22 atoms/cm3
(d) 1.27e-01 atoms/cm3","An hypothetical metal has a close packed crystal structure, a density
of 8 g/cm3 and a molar mass of 63100 mg/mol. Which of the following is the correct number of atoms per unit volume for this metal?
(a) 9.54e+21 atoms/cm3
(b) 7.63e+22 atoms/cm3
(c) 8.38e-22 atoms/cm3
(d) 1.27e-01 atoms/cm3","Which of the following is the correct number of atoms per unit volume for this metal?
 An hypothetical metal has a close packed crystal structure, a density
of 8.0 g/cm3 and a molar mass of 63.1 g/mol.(a) 9.54e+21 atoms/cm3
(b) 7.63e+22 atoms/cm3
(c) 8.38e-22 atoms/cm3
(d) 1.27e-01 atoms/cm3","Which of the following is the correct number of atoms per unit volume for this metal?
 An hypothetical metal has a close packed crystal structure, a density
of 8.0 g/cm3 and a molar mass of 63.1 g/mol.(a) 9.54e+21 atoms/cm3
(b) 7.63e+22 atoms/cm3
(c) 8.38e-22 atoms/cm3
(d) 1.27e-01 atoms/cm3","An hypothetical metal has a close packed crystal structure, a density
of 8.0 g/cm3 and a molar mass of 63.1 g/mol. Which of the following is the correct number of atoms per unit volume for this metal?
(a) 9.54e+21 atoms/cm3
(b) 7.63e+22 atoms/cm3
(c) 8.38e-22 atoms/cm3
(d) 1.27e-01 atoms/cm3","A theoretical metal has a closely packed crystal structure, a density
of 8.0 g/cm3 and a molecular weight of 63.1 g/mol. Which of the following is the correct number of atoms per unit volume for this metal?
(a) 9.54e+21 atoms/cm3
(b) 7.63e+22 atoms/cm3
(c) 8.38e-22 atoms/cm3
(d) 1.27e-01 atoms/cm3","One morning, the mothers and fathers were ready as usual in the main square of Four Houses waiting for the red bus. But this was no ordinary day, for the red bus was twenty minutes late. Very slowly, he came chugging along but once he got to the square he collapsed from exhaustion. There was no way he could take the children to school today. Then the teacher asked: An hypothetical metal has a close packed crystal structure, a density
of 8.0 g/cm3 and a molar mass of 63.1 g/mol. Which of the following is the correct number of atoms per unit volume for this metal?
(a) 9.54e+21 atoms/cm3
(b) 7.63e+22 atoms/cm3
(c) 8.38e-22 atoms/cm3
(d) 1.27e-01 atoms/cm3","An hypothetical metal has a close packed crystal structure, a density
of 8.0 g/cm3 and a molar mass of 63.1 g/mol. A paper you are reading states that a newly developed ceramic material was determined to
have strengths of 450 MPa and 1020 MPa. Which of the following is the correct number of atoms per unit volume for this metal?
 (a) 9.54e+21 atoms/cm3
(b) 7.63e+22 atoms/cm3
(c) 8.38e-22 atoms/cm3
(d) 1.27e-01 atoms/cm3","An hypothetical metal has a close packed crystal structure, a density
of 8.0 g/cm3 and a molar mass of 63.1 g/mol. The Boltzmann constant is 8.617*10^5 eV/K. Which of the following is the correct number of atoms per unit volume for this metal?
 (a) 9.54e+21 atoms/cm3
(b) 7.63e+22 atoms/cm3
(c) 8.38e-22 atoms/cm3
(d) 1.27e-01 atoms/cm3","An hypothetical metal has a close packed crystal structure, a density
of 8.0 g/cm3 and a molar mass of 63.1 g/mol. The sample is then completely unloaded and is observed
to recover elastically by 0.89 mm. Which of the following is the correct number of atoms per unit volume for this metal?
 (a) 9.54e+21 atoms/cm3
(b) 7.63e+22 atoms/cm3
(c) 8.38e-22 atoms/cm3
(d) 1.27e-01 atoms/cm3"
"An hypothetical ceramic has the sodium chloride crystal structure.
The anion and cation radii are 0.199 nm and 0.101 nm, respectively.
The anion and cation molar masses are 25.29 g/mol and 45.45 g/mol, respectively. Which of the following is the theoretical density of thisceramic?
(a) 2.18 g/cm3 .
(b) 1.09 g/cm3 .
(c) 0.54 g/cm3 .
(d) 4.35 g/cm3 .",Original,Medium,a,4,"An hypothetical ceramic has the sodium chloride crystal structure.
The anion and cation radii are 0.199 nm and 0.00000001 cm, respectively.
The anion and cation molar masses are 25290 mg/mol and 0.100 lbs/mol, respectively. Which of the following is the theoretical density of thisceramic?
(a) 0.002 kg/cm3 .
(b) 1090 mg/cm3 .
(c) 0.001 kg/cm3 .
(d) 0.010 lbs/cm3 .","An hypothetical ceramic has the sodium chloride crystal structure.
The anion and cation radii are 0.000000199 mm and 0.101 nm, respectively.
The anion and cation molar masses are 0.056 lbs/mol and 45450 mg/mol, respectively. Which of the following is the theoretical density of thisceramic?
(a) 2180 mg/cm3 .
(b) 0.001 kg/cm3 .
(c) 0.001 kg/cm3 .
(d) 0.004 kg/cm3 .","An hypothetical ceramic has the sodium chloride crystal structure.
The anion and cation radii are 199 pm and 0.0000000001 m, respectively.
The anion and cation molar masses are 25 g/mol and 45 g/mol, respectively. Which of the following is the theoretical density of thisceramic?
(a) 2180 mg/cm3 .
(b) 1090 mg/cm3 .
(c) 1 g/cm3 .
(d) 4350 mg/cm3 .","An hypothetical ceramic has the sodium chloride crystal structure.
The anion and cation radii are 0.199 nm and 0.101 nm, respectively.
The anion and cation molar masses are 25.29 g/mol and 45.45 g/mol, respectively. Which of the following is the theoretical density of thisceramic?
(a) 2.18 g/cm3 .
(b) 1.09 g/cm3 .
(c) 0.54 g/cm3 .
(d) 4.35 g/cm3 .","Which of the following is the theoretical density of thisceramic?
 An hypothetical ceramic has the sodium chloride crystal structure.
The anion and cation radii are 0.199 nm and 0.101 nm, respectively.
The anion and cation molar masses are 25.29 g/mol and 45.45 g/mol, respectively.(a) 2.18 g/cm3 .
(b) 1.09 g/cm3 .
(c) 0.54 g/cm3 .
(d) 4.35 g/cm3 .","An hypothetical ceramic has the sodium chloride crystal structure.
The anion and cation radii are 0.199 nm and 0.101 nm, respectively.
The anion and cation molar masses are 25.29 g/mol and 45.45 g/mol, respectively. Which of the following is the theoretical density of thisceramic?
(a) 2.18 g/cm3 .
(b) 1.09 g/cm3 .
(c) 0.54 g/cm3 .
(d) 4.35 g/cm3 .","An hypothetical ceramic material has the NaCl crystal structure.
The anion and cation radii are 0.199 nm and 0.101 nm, respectively.
The anion and cation molecular weights are 25.29 g/mol and 45.45 g/mol, respectively. Which of the following is the theoretical density of this ceramic?
(a) 2.18 g/cm3 .
(b) 1.09 g/cm3 .
(c) 0.54 g/cm3 .
(d) 4.35 g/cm3 .","One morning, the mothers and fathers were ready as usual in the main square of Four Houses waiting for the red bus. But this was no ordinary day, for the red bus was twenty minutes late. Very slowly, he came chugging along but once he got to the square he collapsed from exhaustion. There was no way he could take the children to school today. Then the teacher asked: An hypothetical ceramic has the sodium chloride crystal structure.
The anion and cation radii are 0.199 nm and 0.101 nm, respectively.
The anion and cation molar masses are 25.29 g/mol and 45.45 g/mol, respectively. Which of the following is the theoretical density of thisceramic?
(a) 2.18 g/cm3 .
(b) 1.09 g/cm3 .
(c) 0.54 g/cm3 .
(d) 4.35 g/cm3 .","An hypothetical ceramic has the sodium chloride crystal structure.
The anion and cation radii are 0.199 nm and 0.101 nm, respectively.
The anion and cation molar masses are 25.29 g/mol and 45.45 g/mol, respectively. The yield strength and ultimate
tensile strength of this specific alloy are 284.0 MPa and 666.0 MPa,
respectively.
 Which of the following is the theoretical density of thisceramic?
 (a) 2.18 g/cm3 .
(b) 1.09 g/cm3 .
(c) 0.54 g/cm3 .
(d) 4.35 g/cm3 .","An hypothetical ceramic has the sodium chloride crystal structure.
The anion and cation radii are 0.199 nm and 0.101 nm, respectively.
The anion and cation molar masses are 25.29 g/mol and 45.45 g/mol, respectively. Sample 1 is loaded at 25 C and sample 2 is loaded at 90 C. Which of the following is the theoretical density of thisceramic?
 (a) 2.18 g/cm3 .
(b) 1.09 g/cm3 .
(c) 0.54 g/cm3 .
(d) 4.35 g/cm3 .","An hypothetical ceramic has the sodium chloride crystal structure.
The anion and cation radii are 0.199 nm and 0.101 nm, respectively.
The anion and cation molar masses are 25.29 g/mol and 45.45 g/mol, respectively. A rectangular bar spans a length 69 m, and has a height 62 m, and
width 50 m. Which of the following is the theoretical density of thisceramic?
 (a) 2.18 g/cm3 .
(b) 1.09 g/cm3 .
(c) 0.54 g/cm3 .
(d) 4.35 g/cm3 ."
"Which of the following is the correct coordination number for atoms
within the BCC crystal structure?
(a) 4.
(b) 8.
(c) 12.
(d) 6.",Original,Easy,b,4,"Which of the following is the correct coordination number for atoms
within the BCC crystal structure?
(a) 4.
(b) 8.
(c) 12.
(d) 6.","Which of the following is the correct coordination number for atoms
within the BCC crystal structure?
(a) 4.
(b) 8.
(c) 12.
(d) 6.","Which of the following is the correct coordination number for atoms
within the BCC crystal structure?
(a) 4.
(b) 8.
(c) 12.
(d) 6.","Which of the following is the correct coordination number for atoms
within the BCC crystal structure?
(a) 4.
(b) 8.
(c) 12.
(d) 6.","Which of the following is the correct coordination number for atoms
within the BCC crystal structure?
(a) 4.
(b) 8.
(c) 12.
(d) 6.","Which of the following is the correct coordination number for atoms
within the BCC crystal structure?
(a) 4.
(b) 8.
(c) 12.
(d) 6.","Which of the following is the correct coordination number for atoms
within the Body-Centered Cubic crystal structure?
(a) 4.
(b) 8.
(c) 12.
(d) 6.","One morning, the mothers and fathers were ready as usual in the main square of Four Houses waiting for the red bus. But this was no ordinary day, for the red bus was twenty minutes late. Very slowly, he came chugging along but once he got to the square he collapsed from exhaustion. There was no way he could take the children to school today. Then the teacher asked: Which of the following is the correct coordination number for atoms
within the BCC crystal structure?
(a) 4.
(b) 8.
(c) 12.
(d) 6.","Which of the following is the correct coordination number for atoms
within the BCC crystal structure?
 What would the strain at
fracture be if the toughness of this metal is known to be the same as a ceramic with a
toughness of 0.6 * 106 J/m3
.

 (a) 4.
(b) 8.
(c) 12.
(d) 6.","Which of the following is the correct coordination number for atoms
within the BCC crystal structure?
 The Young's modulus and fracture strength of this metal
are known to be 100 GPa and 1.1 GPa, respectively. (a) 4.
(b) 8.
(c) 12.
(d) 6.","Which of the following is the correct coordination number for atoms
within the BCC crystal structure?
 Comparing the lengths of these rope samples at the end of this 8 month period, which of the following are possible?
 (a) 4.
(b) 8.
(c) 12.
(d) 6."
"Which of the following is necessarily true on the stress strain curve
for a typical ductile metal?
(a) The yield strength must be higher than the proportional limit
(b) The fracture strength must be higher than the yield strength
(c) The onset of necking must occur at a lower stress than the
fracture strength
(d) The beginning of uniform plastic deformation must be lower
than the fracture strength",Original,Medium,a,4,"Which of the following is necessarily true on the stress strain curve
for a typical ductile metal?
(a) The yield strength must be higher than the proportional limit
(b) The fracture strength must be higher than the yield strength
(c) The onset of necking must occur at a lower stress than the
fracture strength
(d) The beginning of uniform plastic deformation must be lower
than the fracture strength","Which of the following is necessarily true on the stress strain curve
for a typical ductile metal?
(a) The yield strength must be higher than the proportional limit
(b) The fracture strength must be higher than the yield strength
(c) The onset of necking must occur at a lower stress than the
fracture strength
(d) The beginning of uniform plastic deformation must be lower
than the fracture strength","Which of the following is necessarily true on the stress strain curve
for a typical ductile metal?
(a) The yield strength must be higher than the proportional limit
(b) The fracture strength must be higher than the yield strength
(c) The onset of necking must occur at a lower stress than the
fracture strength
(d) The beginning of uniform plastic deformation must be lower
than the fracture strength","Which of the following is necessarily true on the stress strain curve
for a typical ductile metal?
(a) The yield strength must be higher than the proportional limit
(b) The fracture strength must be higher than the yield strength
(c) The onset of necking must occur at a lower stress than the
fracture strength
(d) The beginning of uniform plastic deformation must be lower
than the fracture strength","Which of the following is necessarily true on the stress strain curve
for a typical ductile metal?
(a) The yield strength must be higher than the proportional limit
(b) The fracture strength must be higher than the yield strength
(c) The onset of necking must occur at a lower stress than the
fracture strength
(d) The beginning of uniform plastic deformation must be lower
than the fracture strength","Which of the following is necessarily true on the stress strain curve
for a typical ductile metal?
(a) The yield strength must be higher than the proportional limit
(b) The fracture strength must be higher than the yield strength
(c) The onset of necking must occur at a lower stress than the
fracture strength
(d) The beginning of uniform plastic deformation must be lower
than the fracture strength","Which of the following is necessarily true on the stress strain curve
for a typical ductile metallic material?
(a) The yield strength must be higher than the proportional limit
(b) The fracture strength must be higher than the yield strength
(c) The onset of necking must occur at a lower stress than the
fracture strength
(d) The beginning of uniform plastic deformation must be lower
than the fracture strength","One morning, the mothers and fathers were ready as usual in the main square of Four Houses waiting for the red bus. But this was no ordinary day, for the red bus was twenty minutes late. Very slowly, he came chugging along but once he got to the square he collapsed from exhaustion. There was no way he could take the children to school today. Then the teacher asked: Which of the following is necessarily true on the stress strain curve
for a typical ductile metal?
(a) The yield strength must be higher than the proportional limit
(b) The fracture strength must be higher than the yield strength
(c) The onset of necking must occur at a lower stress than the
fracture strength
(d) The beginning of uniform plastic deformation must be lower
than the fracture strength","Which of the following is necessarily true on the stress strain curve
for a typical ductile metal?
 If the thermally tempered glass has a bending

strength of 100 MPa, which of the following is most likely to be close
to the bending strength of the chemically tempered glass?
 (a) The yield strength must be higher than the proportional limit
(b) The fracture strength must be higher than the yield strength
(c) The onset of necking must occur at a lower stress than the
fracture strength
(d) The beginning of uniform plastic deformation must be lower
than the fracture strength","Which of the following is necessarily true on the stress strain curve
for a typical ductile metal?
 A sample of a heavily cold worked 316L stainless steel is heated for several hours in a furnace at 1065 C. (a) The yield strength must be higher than the proportional limit
(b) The fracture strength must be higher than the yield strength
(c) The onset of necking must occur at a lower stress than the
fracture strength
(d) The beginning of uniform plastic deformation must be lower
than the fracture strength","Which of the following is necessarily true on the stress strain curve
for a typical ductile metal?
 The large fluorine atoms within PTFE act to protect the covalent backbone of the molecule and make PTFE generally unreactive with other materials.
2. (a) The yield strength must be higher than the proportional limit
(b) The fracture strength must be higher than the yield strength
(c) The onset of necking must occur at a lower stress than the
fracture strength
(d) The beginning of uniform plastic deformation must be lower
than the fracture strength"
"Which of the following statements is false?
(a) An alloying element addition that forms a compound with the
solvent atoms is an example of a three dimensional imperfection.
(b) A minor alloying element addition forming a solid solution is an
example of a point imperfection.

(c) A grain boundary can be characterized as an interfacial imper-
fection.

(d) A vacancy is an example of a dislocation.",Original,Easy,d,4,"Which of the following statements is false?
(a) An alloying element addition that forms a compound with the
solvent atoms is an example of a three dimensional imperfection.
(b) A minor alloying element addition forming a solid solution is an
example of a point imperfection.

(c) A grain boundary can be characterized as an interfacial imper-
fection.

(d) A vacancy is an example of a dislocation.","Which of the following statements is false?
(a) An alloying element addition that forms a compound with the
solvent atoms is an example of a three dimensional imperfection.
(b) A minor alloying element addition forming a solid solution is an
example of a point imperfection.

(c) A grain boundary can be characterized as an interfacial imper-
fection.

(d) A vacancy is an example of a dislocation.","Which of the following statements is false?
(a) An alloying element addition that forms a compound with the
solvent atoms is an example of a three dimensional imperfection.
(b) A minor alloying element addition forming a solid solution is an
example of a point imperfection.

(c) A grain boundary can be characterized as an interfacial imper-
fection.

(d) A vacancy is an example of a dislocation.","Which of the following statements is false?
(a) An alloying element addition that forms a compound with the
solvent atoms is an example of a three dimensional imperfection.
(b) A minor alloying element addition forming a solid solution is an
example of a point imperfection.

(c) A grain boundary can be characterized as an interfacial imper-
fection.

(d) A vacancy is an example of a dislocation.","Which of the following statements is false?
(a) An alloying element addition that forms a compound with the
solvent atoms is an example of a three dimensional imperfection.
(b) A minor alloying element addition forming a solid solution is an
example of a point imperfection.

(c) A grain boundary can be characterized as an interfacial imper-
fection.

(d) A vacancy is an example of a dislocation.","Which of the following statements is false?
(a) An alloying element addition that forms a compound with the
solvent atoms is an example of a three dimensional imperfection.
(b) A minor alloying element addition forming a solid solution is an
example of a point imperfection.

(c) A grain boundary can be characterized as an interfacial imper-
fection.

(d) A vacancy is an example of a dislocation.","Which of the following statements is incorrect?
(a) An alloying element addition that forms a compound with the
solvent atoms is an example of a 3D imperfection.
(b) A minor alloying element addition forming a solid solution is an
example of a point imperfection.

(c) A grain boundary can be characterized as an interfacial imper-
fection.

(d) A vacancy is an example of a dislocation.","One morning, the mothers and fathers were ready as usual in the main square of Four Houses waiting for the red bus. But this was no ordinary day, for the red bus was twenty minutes late. Very slowly, he came chugging along but once he got to the square he collapsed from exhaustion. There was no way he could take the children to school today. Then the teacher asked: Which of the following statements is false?
(a) An alloying element addition that forms a compound with the
solvent atoms is an example of a three dimensional imperfection.
(b) A minor alloying element addition forming a solid solution is an
example of a point imperfection.

(c) A grain boundary can be characterized as an interfacial imper-
fection.

(d) A vacancy is an example of a dislocation.","Which of the following statements is false?
 How much power is required for the humidifier to
take 1883 g of water per hour at 19 C and boil all of it to vapour?
The molar mass of water is 18.015 g/mol, the enthalpy of fusion is
6.01 kJ/mol, the enthalpy of vaporization is 40.7 kJ/mol, and the
molar heat capacity of the gas, liquid, and solid are 36.4 J/mol*K,
75.3 J/mol*K, and 37.7 J/mol*K, respectively. (a) An alloying element addition that forms a compound with the
solvent atoms is an example of a three dimensional imperfection.
(b) A minor alloying element addition forming a solid solution is an
example of a point imperfection.

(c) A grain boundary can be characterized as an interfacial imper-
fection.

(d) A vacancy is an example of a dislocation.","Which of the following statements is false?
 The unloaded gauge length is 573 mm, and the
width and thickness of the reduced section are 12 mm and 6 mm,
respectively, and the length of the reduced section is 600 mm. (a) An alloying element addition that forms a compound with the
solvent atoms is an example of a three dimensional imperfection.
(b) A minor alloying element addition forming a solid solution is an
example of a point imperfection.

(c) A grain boundary can be characterized as an interfacial imper-
fection.

(d) A vacancy is an example of a dislocation.","Which of the following statements is false?
 Which of the following statements is/are correct?
1. (a) An alloying element addition that forms a compound with the
solvent atoms is an example of a three dimensional imperfection.
(b) A minor alloying element addition forming a solid solution is an
example of a point imperfection.

(c) A grain boundary can be characterized as an interfacial imper-
fection.

(d) A vacancy is an example of a dislocation."
"A hypothetical metal alloy is loaded in tension to a stress of 740 MPa,
at which point the strain is observed to be 0.02. The sample is then
unloaded completely and the strain is found to be 0.01. What is the
Young's modulus of this alloy?
(a) 74.0 GPa
(b) 12210.0 GPa
(c) 37.0 GPa
(d) 7.4 GPa",Original,Medium,a,4,"A hypothetical metal alloy is loaded in tension to a stress of 740 MPa,
at which point the strain is observed to be 0.02. The sample is then
unloaded completely and the strain is found to be 0.01. What is the
Young's modulus of this alloy?
(a) 74000000000 Pa
(b) 12.210000 MPa
(c) 37000000 kPa
(d) 7400000000 Pa","A hypothetical metal alloy is loaded in tension to a stress of 740000 kPa,
at which point the strain is observed to be 0.02. The sample is then
unloaded completely and the strain is found to be 0.01. What is the
Young's modulus of this alloy?
(a) 74 GPa
(b) 12.210000 MPa
(c) 37 GPa
(d) 0.007400 MPa","A hypothetical metal alloy is loaded in tension to a stress of 740000 kPa,
at which point the strain is observed to be 0.02. The sample is then
unloaded completely and the strain is found to be 0.01. What is the
Young's modulus of this alloy?
(a) 74000000 kPa
(b) 12210000000000 Pa
(c) 37000000000 Pa
(d) 0.007400 MPa","What is the
Young's modulus of this alloy?
 The sample is then
unloaded completely and the strain is found to be 0.01. A hypothetical metal alloy is loaded in tension to a stress of 740 MPa,
at which point the strain is observed to be 0.02.(a) 74.0 GPa
(b) 12210.0 GPa
(c) 37.0 GPa
(d) 7.4 GPa","The sample is then
unloaded completely and the strain is found to be 0.01. What is the
Young's modulus of this alloy?
 A hypothetical metal alloy is loaded in tension to a stress of 740 MPa,
at which point the strain is observed to be 0.02.(a) 74.0 GPa
(b) 12210.0 GPa
(c) 37.0 GPa
(d) 7.4 GPa","What is the
Young's modulus of this alloy?
 A hypothetical metal alloy is loaded in tension to a stress of 740 MPa,
at which point the strain is observed to be 0.02. The sample is then
unloaded completely and the strain is found to be 0.01.(a) 74.0 GPa
(b) 12210.0 GPa
(c) 37.0 GPa
(d) 7.4 GPa","A theoretical metal sample is subjected to tensile loading to a stress of 740 MPa,
at which point the strain is observed to be 0.02. The sample is then
unloaded completely and the strain is found to be 0.01. What is the
Young's modulus of this alloy?
(a) 74.0 GPa
(b) 12210.0 GPa
(c) 37.0 GPa
(d) 7.4 GPa","One morning, the mothers and fathers were ready as usual in the main square of Four Houses waiting for the red bus. But this was no ordinary day, for the red bus was twenty minutes late. Very slowly, he came chugging along but once he got to the square he collapsed from exhaustion. There was no way he could take the children to school today. Then the teacher asked: A hypothetical metal alloy is loaded in tension to a stress of 740 MPa,
at which point the strain is observed to be 0.02. The sample is then
unloaded completely and the strain is found to be 0.01. What is the
Young's modulus of this alloy?
(a) 74.0 GPa
(b) 12210.0 GPa
(c) 37.0 GPa
(d) 7.4 GPa","A hypothetical metal alloy is loaded in tension to a stress of 740 MPa,
at which point the strain is observed to be 0.02. Increasing the extent of cross-linking within a polymer would
generally be expected to decrease the strength of that polymer.
2. The sample is then
unloaded completely and the strain is found to be 0.01. What is the
Young's modulus of this alloy?
 (a) 74.0 GPa
(b) 12210.0 GPa
(c) 37.0 GPa
(d) 7.4 GPa","A hypothetical metal alloy is loaded in tension to a stress of 740 MPa,
at which point the strain is observed to be 0.02. Increasing the dislocation density in a metal through plastic
deformation will increase the yield strength of the metal.
4. The sample is then
unloaded completely and the strain is found to be 0.01. What is the
Young's modulus of this alloy?
 (a) 74.0 GPa
(b) 12210.0 GPa
(c) 37.0 GPa
(d) 7.4 GPa","A hypothetical metal alloy is loaded in tension to a stress of 740 MPa,
at which point the strain is observed to be 0.02. The Boltzmann constant is 8.617*10^5 eV/K. The sample is then
unloaded completely and the strain is found to be 0.01. What is the
Young's modulus of this alloy?
 (a) 74.0 GPa
(b) 12210.0 GPa
(c) 37.0 GPa
(d) 7.4 GPa"
"A cylindrical cross-section tensile specimen is loaded such that the
stress in the reduced section is 461 MPa. If the diameter of the

reduced section and the grip region are 28.7 mm and 47.5 mm, re-
spectively, what is the stress in the grip region?

(a) 1262.8 MPa
(b) 7994.1 MPa
(c) 278.5 MPa
(d) 168.3 MPa",Original,Hard,d,4,"A cylindrical cross-section tensile specimen is loaded such that the
stress in the reduced section is 461000 kPa. If the diameter of the

reduced section and the grip region are 28.7 mm and 47500000 nm, re-
spectively, what is the stress in the grip region?

(a) 1263 MPa
(b) 7994 MPa
(c) 278500 kPa
(d) 168300000 Pa","A cylindrical cross-section tensile specimen is loaded such that the
stress in the reduced section is 461000 kPa. If the diameter of the

reduced section and the grip region are 0.0287 m and 47500000 nm, re-
spectively, what is the stress in the grip region?

(a) 1262800000 Pa
(b) 7994 MPa
(c) 278 MPa
(d) 168 MPa","A cylindrical cross-section tensile specimen is loaded such that the
stress in the reduced section is 461000 kPa. If the diameter of the

reduced section and the grip region are 2.87 cm and 0.0475 m, re-
spectively, what is the stress in the grip region?

(a) 1262800 kPa
(b) 7.994100 GPa
(c) 278500 kPa
(d) 168300 kPa","A cylindrical cross-section tensile specimen is loaded such that the
stress in the reduced section is 461 MPa. If the diameter of the

reduced section and the grip region are 28.7 mm and 47.5 mm, re-
spectively, what is the stress in the grip region?

(a) 1262.8 MPa
(b) 7994.1 MPa
(c) 278.5 MPa
(d) 168.3 MPa","If the diameter of the

reduced section and the grip region are 28.7 mm and 47.5 mm, re-
spectively, what is the stress in the grip region?

 A cylindrical cross-section tensile specimen is loaded such that the
stress in the reduced section is 461 MPa.(a) 1262.8 MPa
(b) 7994.1 MPa
(c) 278.5 MPa
(d) 168.3 MPa","If the diameter of the

reduced section and the grip region are 28.7 mm and 47.5 mm, re-
spectively, what is the stress in the grip region?

 A cylindrical cross-section tensile specimen is loaded such that the
stress in the reduced section is 461 MPa.(a) 1262.8 MPa
(b) 7994.1 MPa
(c) 278.5 MPa
(d) 168.3 MPa","A cylindrical cross-section tensile sample is loaded such that the
stress in the reduced section is 461 MPa. If the diameter of the

reduced section and the grip region are 28.7 mm and 47.5 mm, re-
spectively, what is the stress in the grip region?

(a) 1262.8 MPa
(b) 7994.1 MPa
(c) 278.5 MPa
(d) 168.3 MPa","One morning, the mothers and fathers were ready as usual in the main square of Four Houses waiting for the red bus. But this was no ordinary day, for the red bus was twenty minutes late. Very slowly, he came chugging along but once he got to the square he collapsed from exhaustion. There was no way he could take the children to school today. Then the teacher asked: A cylindrical cross-section tensile specimen is loaded such that the
stress in the reduced section is 461 MPa. If the diameter of the

reduced section and the grip region are 28.7 mm and 47.5 mm, re-
spectively, what is the stress in the grip region?

(a) 1262.8 MPa
(b) 7994.1 MPa
(c) 278.5 MPa
(d) 168.3 MPa","A cylindrical cross-section tensile specimen is loaded such that the
stress in the reduced section is 461 MPa. Increasing the extent of cross-linking within a polymer would
generally be expected to decrease the strength of that polymer.
2. If the diameter of the

reduced section and the grip region are 28.7 mm and 47.5 mm, re-
spectively, what is the stress in the grip region?

 (a) 1262.8 MPa
(b) 7994.1 MPa
(c) 278.5 MPa
(d) 168.3 MPa","A cylindrical cross-section tensile specimen is loaded such that the
stress in the reduced section is 461 MPa. A cylindrical cross-section tensile specimen is loaded such that the
stress in the reduced section is 461 MPa. If the diameter of the

reduced section and the grip region are 28.7 mm and 47.5 mm, re-
spectively, what is the stress in the grip region?

 (a) 1262.8 MPa
(b) 7994.1 MPa
(c) 278.5 MPa
(d) 168.3 MPa","A cylindrical cross-section tensile specimen is loaded such that the
stress in the reduced section is 461 MPa. A sample of a heavily cold worked 316L stainless steel is heated for several hours in a furnace at 1065 C. If the diameter of the

reduced section and the grip region are 28.7 mm and 47.5 mm, re-
spectively, what is the stress in the grip region?

 (a) 1262.8 MPa
(b) 7994.1 MPa
(c) 278.5 MPa
(d) 168.3 MPa"
"Assuming there exist more than two possible energy states for a hypothetical population of atoms, which of the following statements is true of the distributuon of atoms over possible energy states for this
population of atoms at infinitely high temperature?
(a) Only the highest and the lowest energy states will be populated.
(b) Only the lowest energy state will be populated.
(c) Only the highest energy state will be populated.
(d) All of the possible energy states will be equally populated.",Original,Hard,d,4,"Assuming there exist more than two possible energy states for a hypothetical population of atoms, which of the following statements is true of the distributuon of atoms over possible energy states for this
population of atoms at infinitely high temperature?
(a) Only the highest and the lowest energy states will be populated.
(b) Only the lowest energy state will be populated.
(c) Only the highest energy state will be populated.
(d) All of the possible energy states will be equally populated.","Assuming there exist more than two possible energy states for a hypothetical population of atoms, which of the following statements is true of the distributuon of atoms over possible energy states for this
population of atoms at infinitely high temperature?
(a) Only the highest and the lowest energy states will be populated.
(b) Only the lowest energy state will be populated.
(c) Only the highest energy state will be populated.
(d) All of the possible energy states will be equally populated.","Assuming there exist more than two possible energy states for a hypothetical population of atoms, which of the following statements is true of the distributuon of atoms over possible energy states for this
population of atoms at infinitely high temperature?
(a) Only the highest and the lowest energy states will be populated.
(b) Only the lowest energy state will be populated.
(c) Only the highest energy state will be populated.
(d) All of the possible energy states will be equally populated.","Assuming there exist more than two possible energy states for a hypothetical population of atoms, which of the following statements is true of the distributuon of atoms over possible energy states for this
population of atoms at infinitely high temperature?
(a) Only the highest and the lowest energy states will be populated.
(b) Only the lowest energy state will be populated.
(c) Only the highest energy state will be populated.
(d) All of the possible energy states will be equally populated.","Assuming there exist more than two possible energy states for a hypothetical population of atoms, which of the following statements is true of the distributuon of atoms over possible energy states for this
population of atoms at infinitely high temperature?
(a) Only the highest and the lowest energy states will be populated.
(b) Only the lowest energy state will be populated.
(c) Only the highest energy state will be populated.
(d) All of the possible energy states will be equally populated.","Assuming there exist more than two possible energy states for a hypothetical population of atoms, which of the following statements is true of the distributuon of atoms over possible energy states for this
population of atoms at infinitely high temperature?
(a) Only the highest and the lowest energy states will be populated.
(b) Only the lowest energy state will be populated.
(c) Only the highest energy state will be populated.
(d) All of the possible energy states will be equally populated.","Assuming there exist more than two possible energy levels for a hypothetical population of atoms, which of the following statements is true of the atom distributuon over possible energy levels for this
population of atoms at infinitely high temperature?
(a) Only the highest and the lowest energy states will be populated.
(b) Only the lowest energy state will be populated.
(c) Only the highest energy state will be populated.
(d) All of the possible energy states will be equally populated.","One morning, the mothers and fathers were ready as usual in the main square of Four Houses waiting for the red bus. But this was no ordinary day, for the red bus was twenty minutes late. Very slowly, he came chugging along but once he got to the square he collapsed from exhaustion. There was no way he could take the children to school today. Then the teacher asked: Assuming there exist more than two possible energy states for a hypothetical population of atoms, which of the following statements is true of the distributuon of atoms over possible energy states for this
population of atoms at infinitely high temperature?
(a) Only the highest and the lowest energy states will be populated.
(b) Only the lowest energy state will be populated.
(c) Only the highest energy state will be populated.
(d) All of the possible energy states will be equally populated.","Assuming there exist more than two possible energy states for a hypothetical population of atoms, which of the following statements is true of the distributuon of atoms over possible energy states for this
population of atoms at infinitely high temperature?
 Cations within the rock salt crystal structure occupy octahedral
interstitial sites.
4. (a) Only the highest and the lowest energy states will be populated.
(b) Only the lowest energy state will be populated.
(c) Only the highest energy state will be populated.
(d) All of the possible energy states will be equally populated.","Assuming there exist more than two possible energy states for a hypothetical population of atoms, which of the following statements is true of the distributuon of atoms over possible energy states for this
population of atoms at infinitely high temperature?
 In the iron carbon system, the maximum solid solubility of carbon in
ferrite occurs at 0.022 wt%C and 727 C, the eutectoid composition
is 0.76 wt%C, the eutectoid temperature is 727 C and the cementite
composition is 6.7 wt%C. (a) Only the highest and the lowest energy states will be populated.
(b) Only the lowest energy state will be populated.
(c) Only the highest energy state will be populated.
(d) All of the possible energy states will be equally populated.","Assuming there exist more than two possible energy states for a hypothetical population of atoms, which of the following statements is true of the distributuon of atoms over possible energy states for this
population of atoms at infinitely high temperature?
 The sample is then unloaded completely
and is found to have an unloaded length of 39300 mm. (a) Only the highest and the lowest energy states will be populated.
(b) Only the lowest energy state will be populated.
(c) Only the highest energy state will be populated.
(d) All of the possible energy states will be equally populated."
"A hypothetical metal tensile specimen with a Young's modulus of
110 GPa has an initial length of 37900 mm and is loaded in tension
beyond the yield strength. The sample is then unloaded completely
and is found to have an unloaded length of 39300 mm. The sample is
then loaded again until it's loaded length is 39500 mm. What is the
stress that the sample is loaded to on this second cycle?
(a) 6.04 MPa
(b) 754.62 MPa
(c) 5821.88 MPa
(d) 6036.94 MPa",Original,Hard,b,4,"A hypothetical metal tensile specimen with a Young's modulus of
110000000 kPa has an initial length of 37.9000 m and is loaded in tension
beyond the yield strength. The sample is then unloaded completely
and is found to have an unloaded length of 39300.0 mm. The sample is
then loaded again until it's loaded length is 39500000000000 pm. What is the
stress that the sample is loaded to on this second cycle?
(a) 6040000 Pa
(b) 755 MPa
(c) 5822 MPa
(d) 6036940000 Pa","A hypothetical metal tensile specimen with a Young's modulus of
0.110000 MPa has an initial length of 37900.0 mm and is loaded in tension
beyond the yield strength. The sample is then unloaded completely
and is found to have an unloaded length of 3930.00 cm. The sample is
then loaded again until it's loaded length is 39500000000000 pm. What is the
stress that the sample is loaded to on this second cycle?
(a) 6040 kPa
(b) 754620 kPa
(c) 5821880000 Pa
(d) 6037 MPa","A hypothetical metal tensile specimen with a Young's modulus of
0.110000 MPa has an initial length of 37900000000000 pm and is loaded in tension
beyond the yield strength. The sample is then unloaded completely
and is found to have an unloaded length of 39.3000 m. The sample is
then loaded again until it's loaded length is 39.5000 m. What is the
stress that the sample is loaded to on this second cycle?
(a) 6 MPa
(b) 755 MPa
(c) 5822 MPa
(d) 6036940000 Pa","What is the
stress that the sample is loaded to on this second cycle?
 The sample is then unloaded completely
and is found to have an unloaded length of 39300 mm. A hypothetical metal tensile specimen with a Young's modulus of
110 GPa has an initial length of 37900 mm and is loaded in tension
beyond the yield strength. The sample is
then loaded again until it's loaded length is 39500 mm.(a) 6.04 MPa
(b) 754.62 MPa
(c) 5821.88 MPa
(d) 6036.94 MPa","What is the
stress that the sample is loaded to on this second cycle?
 A hypothetical metal tensile specimen with a Young's modulus of
110 GPa has an initial length of 37900 mm and is loaded in tension
beyond the yield strength. The sample is then unloaded completely
and is found to have an unloaded length of 39300 mm. The sample is
then loaded again until it's loaded length is 39500 mm.(a) 6.04 MPa
(b) 754.62 MPa
(c) 5821.88 MPa
(d) 6036.94 MPa","The sample is
then loaded again until it's loaded length is 39500 mm. A hypothetical metal tensile specimen with a Young's modulus of
110 GPa has an initial length of 37900 mm and is loaded in tension
beyond the yield strength. The sample is then unloaded completely
and is found to have an unloaded length of 39300 mm. What is the
stress that the sample is loaded to on this second cycle?
(a) 6.04 MPa
(b) 754.62 MPa
(c) 5821.88 MPa
(d) 6036.94 MPa","A theoretical metal tensile specimen with a Young's modulus of
110 GPa has an initial length of 37900 mm and is loaded in tension
beyond the yield strength. The specimen is then unloaded completely
and is found to have an unloaded length of 39300 mm. The specimen is
then loaded again until it's loaded length is 39500 mm. What is the
stress that the specimen is loaded to on this second cycle?
(a) 6.04 MPa
(b) 754.62 MPa
(c) 5821.88 MPa
(d) 6036.94 MPa","One morning, the mothers and fathers were ready as usual in the main square of Four Houses waiting for the red bus. But this was no ordinary day, for the red bus was twenty minutes late. Very slowly, he came chugging along but once he got to the square he collapsed from exhaustion. There was no way he could take the children to school today. Then the teacher asked: A hypothetical metal tensile specimen with a Young's modulus of
110 GPa has an initial length of 37900 mm and is loaded in tension
beyond the yield strength. The sample is then unloaded completely
and is found to have an unloaded length of 39300 mm. The sample is
then loaded again until it's loaded length is 39500 mm. What is the
stress that the sample is loaded to on this second cycle?
(a) 6.04 MPa
(b) 754.62 MPa
(c) 5821.88 MPa
(d) 6036.94 MPa","A hypothetical metal tensile specimen with a Young's modulus of
110 GPa has an initial length of 37900 mm and is loaded in tension
beyond the yield strength. A cylindrical sample of stainless steel having a Young's modulus
of 202.2 GPa, and a diameter of 10.9 mm, is loaded to a stress of
498.6 MPa. The sample is then unloaded completely
and is found to have an unloaded length of 39300 mm. The sample is
then loaded again until it's loaded length is 39500 mm. What is the
stress that the sample is loaded to on this second cycle?
 (a) 6.04 MPa
(b) 754.62 MPa
(c) 5821.88 MPa
(d) 6036.94 MPa","A hypothetical metal tensile specimen with a Young's modulus of
110 GPa has an initial length of 37900 mm and is loaded in tension
beyond the yield strength. A photon with a wavelength of 300 nm is absorbed by an atom. The sample is then unloaded completely
and is found to have an unloaded length of 39300 mm. The sample is
then loaded again until it's loaded length is 39500 mm. What is the
stress that the sample is loaded to on this second cycle?
 (a) 6.04 MPa
(b) 754.62 MPa
(c) 5821.88 MPa
(d) 6036.94 MPa","A hypothetical metal tensile specimen with a Young's modulus of
110 GPa has an initial length of 37900 mm and is loaded in tension
beyond the yield strength. Assuming that the thermally
tempered glass is twenty times stronger in bending than the plate
glass and the chemically tempered glass is 20% stronger in bending
than the thermally tempered glass and you fracture each piece of glass
with the same impact energy which of the following would you expect
to correctly reflect the order of the number of pieces that the glass
breaks into, from smallest number to largest number?
 The sample is then unloaded completely
and is found to have an unloaded length of 39300 mm. The sample is
then loaded again until it's loaded length is 39500 mm. What is the
stress that the sample is loaded to on this second cycle?
 (a) 6.04 MPa
(b) 754.62 MPa
(c) 5821.88 MPa
(d) 6036.94 MPa"
"Two cylindrical cross-section tensile specimens are produced from the
same material. Sample A has a diameter of 16.9 mm while sample
B has a diameter of 40.6 mm. If both samples are loaded by a force
of 1600 N and sample A elongates by 535 mm, what will be the
elongation of sample B?
(a) 92.9 mm
(b) 222.9 mm
(c) 1284.0 mm
(d) 3081.6 mm",Original,Hard,a,4,"Two cylindrical cross-section tensile specimens are produced from the
same material. Sample A has a diameter of 0.0169 m while sample
B has a diameter of 0.0406 m. If both samples are loaded by a force
of 1600 N and sample A elongates by 0.5350 m, what will be the
elongation of sample B?
(a) 0.0929 m
(b) 0.2229 m
(c) 1.2840 m
(d) 3081.6 mm","Two cylindrical cross-section tensile specimens are produced from the
same material. Sample A has a diameter of 16.9 mm while sample
B has a diameter of 4.06 cm. If both samples are loaded by a force
of 1600 N and sample A elongates by 53.50 cm, what will be the
elongation of sample B?
(a) 92900000 nm
(b) 222.9 mm
(c) 1.2840 m
(d) 3.0816 m","Two cylindrical cross-section tensile specimens are produced from the
same material. Sample A has a diameter of 1.69 cm while sample
B has a diameter of 40600000000 pm. If both samples are loaded by a force
of 1600000 mN and sample A elongates by 0.5350 m, what will be the
elongation of sample B?
(a) 92.9 mm
(b) 222900000 nm
(c) 1.2840 m
(d) 3.0816 m","Sample A has a diameter of 16.9 mm while sample
B has a diameter of 40.6 mm. Two cylindrical cross-section tensile specimens are produced from the
same material. If both samples are loaded by a force
of 1600 N and sample A elongates by 535 mm, what will be the
elongation of sample B?
(a) 92.9 mm
(b) 222.9 mm
(c) 1284.0 mm
(d) 3081.6 mm","Sample A has a diameter of 16.9 mm while sample
B has a diameter of 40.6 mm. Two cylindrical cross-section tensile specimens are produced from the
same material. If both samples are loaded by a force
of 1600 N and sample A elongates by 535 mm, what will be the
elongation of sample B?
(a) 92.9 mm
(b) 222.9 mm
(c) 1284.0 mm
(d) 3081.6 mm","Sample A has a diameter of 16.9 mm while sample
B has a diameter of 40.6 mm. If both samples are loaded by a force
of 1600 N and sample A elongates by 535 mm, what will be the
elongation of sample B?
 Two cylindrical cross-section tensile specimens are produced from the
same material.(a) 92.9 mm
(b) 222.9 mm
(c) 1284.0 mm
(d) 3081.6 mm","Two tensile specimens with cylindrical cross-sections are produced from the
same material. Sample A has a diameter of 16.9 mm while sample
B has a diameter of 40.6 mm. If both samples are loaded by a force
of 1600 N and sample A elongates by 535 mm, what will be the
elongation of sample B?
(a) 92.9 mm
(b) 222.9 mm
(c) 1284.0 mm
(d) 3081.6 mm","One morning, the mothers and fathers were ready as usual in the main square of Four Houses waiting for the red bus. But this was no ordinary day, for the red bus was twenty minutes late. Very slowly, he came chugging along but once he got to the square he collapsed from exhaustion. There was no way he could take the children to school today. Then the teacher asked: Two cylindrical cross-section tensile specimens are produced from the
same material. Sample A has a diameter of 16.9 mm while sample
B has a diameter of 40.6 mm. If both samples are loaded by a force
of 1600 N and sample A elongates by 535 mm, what will be the
elongation of sample B?
(a) 92.9 mm
(b) 222.9 mm
(c) 1284.0 mm
(d) 3081.6 mm","Two cylindrical cross-section tensile specimens are produced from the
same material. The first beam has length 78 mm, height 9.1 mm,

and width 18 mm, while the second beam has length 51 mm, height
9.4 mm, and width 12 mm. Sample A has a diameter of 16.9 mm while sample
B has a diameter of 40.6 mm. If both samples are loaded by a force
of 1600 N and sample A elongates by 535 mm, what will be the
elongation of sample B?
 (a) 92.9 mm
(b) 222.9 mm
(c) 1284.0 mm
(d) 3081.6 mm","Two cylindrical cross-section tensile specimens are produced from the
same material. For a 652 g sample of 0.5118 wt%C steel
at 728 C, determine the mass of austenite present.
 Sample A has a diameter of 16.9 mm while sample
B has a diameter of 40.6 mm. If both samples are loaded by a force
of 1600 N and sample A elongates by 535 mm, what will be the
elongation of sample B?
 (a) 92.9 mm
(b) 222.9 mm
(c) 1284.0 mm
(d) 3081.6 mm","Two cylindrical cross-section tensile specimens are produced from the
same material. A non-metallic material has a bandgap of 2.1 eV. Sample A has a diameter of 16.9 mm while sample
B has a diameter of 40.6 mm. If both samples are loaded by a force
of 1600 N and sample A elongates by 535 mm, what will be the
elongation of sample B?
 (a) 92.9 mm
(b) 222.9 mm
(c) 1284.0 mm
(d) 3081.6 mm"
"Modern, high-efficiency furnaces are known as condensing furnaces,
meaning that the water vapour produced from combustion of the fuel
is condensed to reclaim the enthalpy of vaporization to contribute
to heating the air. Assuming 3582 g of water vapour per hour in the
furnace exhaust gases at 218 C is condensed and cooled to 26 C, how
much heating power is contributed through the condensation process?
The molar mass of water is 18.015 g/mol, the enthalpy of fusion is
6.01 kJ/mol, the enthalpy of vaporization is 40.7 kJ/mol, and the
molar heat capacity of the gas, liquid, and solid are 36.4 J/mol*K,
75.3 J/mol*K, and 37.7 J/mol*K, respectively. Note that 1 W = 1
J/s.
(a) 1.69 kW
(b) 2.8 kW
(c) 0.56 kW
(d) 2.64 kW",Original,Hard,b,4,"Modern, high-efficiency furnaces are known as condensing furnaces,
meaning that the water vapour produced from combustion of the fuel
is condensed to reclaim the enthalpy of vaporization to contribute
to heating the air. Assuming 3582000 mg of water vapour per hour in the
furnace exhaust gases at 218.00 C is condensed and cooled to 299.15 K, how
much heating power is contributed through the condensation process?
The molar mass of water is 0.018 kg/mol, the enthalpy of fusion is
6010 J/mol, the enthalpy of vaporization is 40700 J/mol, and the
molar heat capacity of the gas, liquid, and solid are 36.4 J/mol*K,
75.3 J/mol*K, and 37.7 J/mol*K, respectively. Note that 1 W = 1
J/s.
(a) 2 kW
(b) 2800000 mW
(c) 0.000560 MW
(d) 0.002640 MW","Modern, high-efficiency furnaces are known as condensing furnaces,
meaning that the water vapour produced from combustion of the fuel
is condensed to reclaim the enthalpy of vaporization to contribute
to heating the air. Assuming 3582000 mg of water vapour per hour in the
furnace exhaust gases at 424.40 F is condensed and cooled to 78.80 F, how
much heating power is contributed through the condensation process?
The molar mass of water is 18015 mg/mol, the enthalpy of fusion is
6 kJ/mol, the enthalpy of vaporization is 40700 J/mol, and the
molar heat capacity of the gas, liquid, and solid are 36.4 J/mol*K,
75.3 J/mol*K, and 37.7 J/mol*K, respectively. Note that 1 W = 1
J/s.
(a) 1690 W
(b) 0.002800 MW
(c) 560 W
(d) 2640 W","Modern, high-efficiency furnaces are known as condensing furnaces,
meaning that the water vapour produced from combustion of the fuel
is condensed to reclaim the enthalpy of vaporization to contribute
to heating the air. Assuming 3582000 mg of water vapour per hour in the
furnace exhaust gases at 491.15 K is condensed and cooled to 78.80 F, how
much heating power is contributed through the condensation process?
The molar mass of water is 0.040 lbs/mol, the enthalpy of fusion is
6010 J/mol, the enthalpy of vaporization is 40700 J/mol, and the
molar heat capacity of the gas, liquid, and solid are 36.4 J/mol*K,
75.3 J/mol*K, and 37.7 J/mol*K, respectively. Note that 1 W = 1
J/s.
(a) 2 kW
(b) 2800000 mW
(c) 0.000560 MW
(d) 2640000 mW","Note that 1 W = 1
J/s.
 Modern, high-efficiency furnaces are known as condensing furnaces,
meaning that the water vapour produced from combustion of the fuel
is condensed to reclaim the enthalpy of vaporization to contribute
to heating the air. Assuming 3582 g of water vapour per hour in the
furnace exhaust gases at 218 C is condensed and cooled to 26 C, how
much heating power is contributed through the condensation process?
The molar mass of water is 18.015 g/mol, the enthalpy of fusion is
6.01 kJ/mol, the enthalpy of vaporization is 40.7 kJ/mol, and the
molar heat capacity of the gas, liquid, and solid are 36.4 J/mol*K,
75.3 J/mol*K, and 37.7 J/mol*K, respectively.(a) 1.69 kW
(b) 2.8 kW
(c) 0.56 kW
(d) 2.64 kW","Assuming 3582 g of water vapour per hour in the
furnace exhaust gases at 218 C is condensed and cooled to 26 C, how
much heating power is contributed through the condensation process?
The molar mass of water is 18.015 g/mol, the enthalpy of fusion is
6.01 kJ/mol, the enthalpy of vaporization is 40.7 kJ/mol, and the
molar heat capacity of the gas, liquid, and solid are 36.4 J/mol*K,
75.3 J/mol*K, and 37.7 J/mol*K, respectively. Modern, high-efficiency furnaces are known as condensing furnaces,
meaning that the water vapour produced from combustion of the fuel
is condensed to reclaim the enthalpy of vaporization to contribute
to heating the air. Note that 1 W = 1
J/s.
(a) 1.69 kW
(b) 2.8 kW
(c) 0.56 kW
(d) 2.64 kW","Assuming 3582 g of water vapour per hour in the
furnace exhaust gases at 218 C is condensed and cooled to 26 C, how
much heating power is contributed through the condensation process?
The molar mass of water is 18.015 g/mol, the enthalpy of fusion is
6.01 kJ/mol, the enthalpy of vaporization is 40.7 kJ/mol, and the
molar heat capacity of the gas, liquid, and solid are 36.4 J/mol*K,
75.3 J/mol*K, and 37.7 J/mol*K, respectively. Modern, high-efficiency furnaces are known as condensing furnaces,
meaning that the water vapour produced from combustion of the fuel
is condensed to reclaim the enthalpy of vaporization to contribute
to heating the air. Note that 1 W = 1
J/s.
(a) 1.69 kW
(b) 2.8 kW
(c) 0.56 kW
(d) 2.64 kW","Modern, high-efficiency furnaces are known as condensing furnaces,
meaning that the gaseous H2O produced from burning the fuel
is condensed to reclaim the enthalpy of vaporization to contribute
to heating the air. Assuming 3582 g of gaseous H2O per hour in the
furnace exhaust gases at 218 C is condensed and cooled to 26 C, how
much heating power is contributed through the condensation process?
The molecular weight of water is 18.015 g/mol, the enthalpy of fusion is
6.01 kJ/mol, the enthalpy of vaporization is 40.7 kJ/mol, and the
molar heat capacity of the gas, liquid, and solid are 36.4 J/mol*K,
75.3 J/mol*K, and 37.7 J/mol*K, respectively. Note that 1 W = 1
J/s.
(a) 1.69 kW
(b) 2.8 kW
(c) 0.56 kW
(d) 2.64 kW","One morning, the mothers and fathers were ready as usual in the main square of Four Houses waiting for the red bus. But this was no ordinary day, for the red bus was twenty minutes late. Very slowly, he came chugging along but once he got to the square he collapsed from exhaustion. There was no way he could take the children to school today. Then the teacher asked: Modern, high-efficiency furnaces are known as condensing furnaces,
meaning that the water vapour produced from combustion of the fuel
is condensed to reclaim the enthalpy of vaporization to contribute
to heating the air. Assuming 3582 g of water vapour per hour in the
furnace exhaust gases at 218 C is condensed and cooled to 26 C, how
much heating power is contributed through the condensation process?
The molar mass of water is 18.015 g/mol, the enthalpy of fusion is
6.01 kJ/mol, the enthalpy of vaporization is 40.7 kJ/mol, and the
molar heat capacity of the gas, liquid, and solid are 36.4 J/mol*K,
75.3 J/mol*K, and 37.7 J/mol*K, respectively. Note that 1 W = 1
J/s.
(a) 1.69 kW
(b) 2.8 kW
(c) 0.56 kW
(d) 2.64 kW","Modern, high-efficiency furnaces are known as condensing furnaces,
meaning that the water vapour produced from combustion of the fuel
is condensed to reclaim the enthalpy of vaporization to contribute
to heating the air. A sample of a heavily cold worked 316L stainless steel is heated for several hours in a furnace at 1065 C. Assuming 3582 g of water vapour per hour in the
furnace exhaust gases at 218 C is condensed and cooled to 26 C, how
much heating power is contributed through the condensation process?
The molar mass of water is 18.015 g/mol, the enthalpy of fusion is
6.01 kJ/mol, the enthalpy of vaporization is 40.7 kJ/mol, and the
molar heat capacity of the gas, liquid, and solid are 36.4 J/mol*K,
75.3 J/mol*K, and 37.7 J/mol*K, respectively. Note that 1 W = 1
J/s.
 (a) 1.69 kW
(b) 2.8 kW
(c) 0.56 kW
(d) 2.64 kW","Modern, high-efficiency furnaces are known as condensing furnaces,
meaning that the water vapour produced from combustion of the fuel
is condensed to reclaim the enthalpy of vaporization to contribute
to heating the air. The temperature is then lowered to a temperature T1
and allowed to reach equilibrium. Assuming 3582 g of water vapour per hour in the
furnace exhaust gases at 218 C is condensed and cooled to 26 C, how
much heating power is contributed through the condensation process?
The molar mass of water is 18.015 g/mol, the enthalpy of fusion is
6.01 kJ/mol, the enthalpy of vaporization is 40.7 kJ/mol, and the
molar heat capacity of the gas, liquid, and solid are 36.4 J/mol*K,
75.3 J/mol*K, and 37.7 J/mol*K, respectively. Note that 1 W = 1
J/s.
 (a) 1.69 kW
(b) 2.8 kW
(c) 0.56 kW
(d) 2.64 kW","Modern, high-efficiency furnaces are known as condensing furnaces,
meaning that the water vapour produced from combustion of the fuel
is condensed to reclaim the enthalpy of vaporization to contribute
to heating the air. If the Young's
modulus of this alloy is known to be 115 GPa and the bar has an
initial length of 1 metre and an initial cross-sectional edge length of
10 mm, determine the Poisson's ratio of this alloy.
 Assuming 3582 g of water vapour per hour in the
furnace exhaust gases at 218 C is condensed and cooled to 26 C, how
much heating power is contributed through the condensation process?
The molar mass of water is 18.015 g/mol, the enthalpy of fusion is
6.01 kJ/mol, the enthalpy of vaporization is 40.7 kJ/mol, and the
molar heat capacity of the gas, liquid, and solid are 36.4 J/mol*K,
75.3 J/mol*K, and 37.7 J/mol*K, respectively. Note that 1 W = 1
J/s.
 (a) 1.69 kW
(b) 2.8 kW
(c) 0.56 kW
(d) 2.64 kW"
"A humidifier is used to add moisture to the air in a room to make
it more comfortable. A steam humidifier heats water until it boils to
humidify the air. How much power is required for the humidifier to
take 1883 g of water per hour at 19 C and boil all of it to vapour?
The molar mass of water is 18.015 g/mol, the enthalpy of fusion is
6.01 kJ/mol, the enthalpy of vaporization is 40.7 kJ/mol, and the
molar heat capacity of the gas, liquid, and solid are 36.4 J/mol*K,
75.3 J/mol*K, and 37.7 J/mol*K, respectively. Note that 1 W = 1
J/s.
(a) 1223 W
(b) 1359 W
(c) 1005 W
(d) 178 W",Original,Hard,b,4,"A humidifier is used to add moisture to the air in a room to make
it more comfortable. A steam humidifier heats water until it boils to
humidify the air. How much power is required for the humidifier to
take 4.151 lbs of water per hour at 19.00 C and boil all of it to vapour?
The molar mass of water is 0.040 lbs/mol, the enthalpy of fusion is
6 kJ/mol, the enthalpy of vaporization is 40700 J/mol, and the
molar heat capacity of the gas, liquid, and solid are 36.4 J/mol*K,
75.3 J/mol*K, and 37.7 J/mol*K, respectively. Note that 1 W = 1
J/s.
(a) 1223 W
(b) 1359 W
(c) 1005 W
(d) 178 W","A humidifier is used to add moisture to the air in a room to make
it more comfortable. A steam humidifier heats water until it boils to
humidify the air. How much power is required for the humidifier to
take 1883 g of water per hour at 292.15 K and boil all of it to vapour?
The molar mass of water is 0.018 kg/mol, the enthalpy of fusion is
6 kJ/mol, the enthalpy of vaporization is 40700 J/mol, and the
molar heat capacity of the gas, liquid, and solid are 36.4 J/mol*K,
75.3 J/mol*K, and 37.7 J/mol*K, respectively. Note that 1 W = 1
J/s.
(a) 1223 W
(b) 1359 W
(c) 1005 W
(d) 178 W","A humidifier is used to add moisture to the air in a room to make
it more comfortable. A steam humidifier heats water until it boils to
humidify the air. How much power is required for the humidifier to
take 1883 g of water per hour at 292.15 K and boil all of it to vapour?
The molar mass of water is 0.018 kg/mol, the enthalpy of fusion is
6 kJ/mol, the enthalpy of vaporization is 41 kJ/mol, and the
molar heat capacity of the gas, liquid, and solid are 36.4 J/mol*K,
75.3 J/mol*K, and 37.7 J/mol*K, respectively. Note that 1 W = 1
J/s.
(a) 1223 W
(b) 1359 W
(c) 1005 W
(d) 178 W","A humidifier is used to add moisture to the air in a room to make
it more comfortable. A steam humidifier heats water until it boils to
humidify the air. Note that 1 W = 1
J/s.
 How much power is required for the humidifier to
take 1883 g of water per hour at 19 C and boil all of it to vapour?
The molar mass of water is 18.015 g/mol, the enthalpy of fusion is
6.01 kJ/mol, the enthalpy of vaporization is 40.7 kJ/mol, and the
molar heat capacity of the gas, liquid, and solid are 36.4 J/mol*K,
75.3 J/mol*K, and 37.7 J/mol*K, respectively.(a) 1223 W
(b) 1359 W
(c) 1005 W
(d) 178 W","How much power is required for the humidifier to
take 1883 g of water per hour at 19 C and boil all of it to vapour?
The molar mass of water is 18.015 g/mol, the enthalpy of fusion is
6.01 kJ/mol, the enthalpy of vaporization is 40.7 kJ/mol, and the
molar heat capacity of the gas, liquid, and solid are 36.4 J/mol*K,
75.3 J/mol*K, and 37.7 J/mol*K, respectively. A steam humidifier heats water until it boils to
humidify the air. A humidifier is used to add moisture to the air in a room to make
it more comfortable. Note that 1 W = 1
J/s.
(a) 1223 W
(b) 1359 W
(c) 1005 W
(d) 178 W","Note that 1 W = 1
J/s.
 How much power is required for the humidifier to
take 1883 g of water per hour at 19 C and boil all of it to vapour?
The molar mass of water is 18.015 g/mol, the enthalpy of fusion is
6.01 kJ/mol, the enthalpy of vaporization is 40.7 kJ/mol, and the
molar heat capacity of the gas, liquid, and solid are 36.4 J/mol*K,
75.3 J/mol*K, and 37.7 J/mol*K, respectively. A steam humidifier heats water until it boils to
humidify the air. A humidifier is used to add moisture to the air in a room to make
it more comfortable.(a) 1223 W
(b) 1359 W
(c) 1005 W
(d) 178 W","A humidifier is used to add moisture to the air in a room to make
it more comfortable. A steam humidifier heats water until it evaporates to
humidify the air. How much power is required for the humidifier to
take 1883 g of water per hour at 19 C and boil all of it to vapour?
The molecular weight of water is 18.015 g/mol, the enthalpy of fusion is
6.01 kJ/mol, the enthalpy of vaporization is 40.7 kJ/mol, and the
molar heat capacity of the gas, liquid, and solid are 36.4 J/mol*K,
75.3 J/mol*K, and 37.7 J/mol*K, respectively. Note that 1 W = 1
J/s.
(a) 1223 W
(b) 1359 W
(c) 1005 W
(d) 178 W","One morning, the mothers and fathers were ready as usual in the main square of Four Houses waiting for the red bus. But this was no ordinary day, for the red bus was twenty minutes late. Very slowly, he came chugging along but once he got to the square he collapsed from exhaustion. There was no way he could take the children to school today. Then the teacher asked: A humidifier is used to add moisture to the air in a room to make
it more comfortable. A steam humidifier heats water until it boils to
humidify the air. How much power is required for the humidifier to
take 1883 g of water per hour at 19 C and boil all of it to vapour?
The molar mass of water is 18.015 g/mol, the enthalpy of fusion is
6.01 kJ/mol, the enthalpy of vaporization is 40.7 kJ/mol, and the
molar heat capacity of the gas, liquid, and solid are 36.4 J/mol*K,
75.3 J/mol*K, and 37.7 J/mol*K, respectively. Note that 1 W = 1
J/s.
(a) 1223 W
(b) 1359 W
(c) 1005 W
(d) 178 W","A humidifier is used to add moisture to the air in a room to make
it more comfortable. Note that 1 W = 1
J/s.
 A steam humidifier heats water until it boils to
humidify the air. How much power is required for the humidifier to
take 1883 g of water per hour at 19 C and boil all of it to vapour?
The molar mass of water is 18.015 g/mol, the enthalpy of fusion is
6.01 kJ/mol, the enthalpy of vaporization is 40.7 kJ/mol, and the
molar heat capacity of the gas, liquid, and solid are 36.4 J/mol*K,
75.3 J/mol*K, and 37.7 J/mol*K, respectively. Note that 1 W = 1
J/s.
 (a) 1223 W
(b) 1359 W
(c) 1005 W
(d) 178 W","A humidifier is used to add moisture to the air in a room to make
it more comfortable. Determine the approximate fraction of the plane that is covered by
atoms in the hard sphere model, with centres on the plane, for the
FCC (001), FCC (111) and BCC (011) planes. A steam humidifier heats water until it boils to
humidify the air. How much power is required for the humidifier to
take 1883 g of water per hour at 19 C and boil all of it to vapour?
The molar mass of water is 18.015 g/mol, the enthalpy of fusion is
6.01 kJ/mol, the enthalpy of vaporization is 40.7 kJ/mol, and the
molar heat capacity of the gas, liquid, and solid are 36.4 J/mol*K,
75.3 J/mol*K, and 37.7 J/mol*K, respectively. Note that 1 W = 1
J/s.
 (a) 1223 W
(b) 1359 W
(c) 1005 W
(d) 178 W","A humidifier is used to add moisture to the air in a room to make
it more comfortable. If the thermally tempered glass has a bending

strength of 100 MPa, which of the following is most likely to be close
to the bending strength of the chemically tempered glass?
 A steam humidifier heats water until it boils to
humidify the air. How much power is required for the humidifier to
take 1883 g of water per hour at 19 C and boil all of it to vapour?
The molar mass of water is 18.015 g/mol, the enthalpy of fusion is
6.01 kJ/mol, the enthalpy of vaporization is 40.7 kJ/mol, and the
molar heat capacity of the gas, liquid, and solid are 36.4 J/mol*K,
75.3 J/mol*K, and 37.7 J/mol*K, respectively. Note that 1 W = 1
J/s.
 (a) 1223 W
(b) 1359 W
(c) 1005 W
(d) 178 W"
"An unknown polymer sample is heated and observed to not melt
before burning. Which of the following are possible microstructures
for this polymer?
A. Highly branched
B. Highly cross-linked
C. Linear
D. Network
(a) B and C.
(b) B and D.
(c) B only.
(d) C and D.",Original,Medium,b,4,"An unknown polymer sample is heated and observed to not melt
before burning. Which of the following are possible microstructures
for this polymer?
A. Highly branched
B. Highly cross-linked
C. Linear
D. Network
(a) B and C.
(b) B and D.
(c) B only.
(d) C and D.","An unknown polymer sample is heated and observed to not melt
before burning. Which of the following are possible microstructures
for this polymer?
A. Highly branched
B. Highly cross-linked
C. Linear
D. Network
(a) B and C.
(b) B and D.
(c) B only.
(d) C and D.","An unknown polymer sample is heated and observed to not melt
before burning. Which of the following are possible microstructures
for this polymer?
A. Highly branched
B. Highly cross-linked
C. Linear
D. Network
(a) B and C.
(b) B and D.
(c) B only.
(d) C and D.","Which of the following are possible microstructures
for this polymer?
 An unknown polymer sample is heated and observed to not melt
before burning.A. Highly branched
B. Highly cross-linked
C. Linear
D. Network
(a) B and C.
(b) B and D.
(c) B only.
(d) C and D.","An unknown polymer sample is heated and observed to not melt
before burning. Which of the following are possible microstructures
for this polymer?
A. Highly branched
B. Highly cross-linked
C. Linear
D. Network
(a) B and C.
(b) B and D.
(c) B only.
(d) C and D.","Which of the following are possible microstructures
for this polymer?
 An unknown polymer sample is heated and observed to not melt
before burning.A. Highly branched
B. Highly cross-linked
C. Linear
D. Network
(a) B and C.
(b) B and D.
(c) B only.
(d) C and D.","An unknown polymer is heated and observed to not melt
before combustion. Which of the following are possible microstructures
for this polymer?
A. Highly branched
B. Highly cross-linked
C. Linear
D. Network
(a) B and C.
(b) B and D.
(c) B only.
(d) C and D.","One morning, the mothers and fathers were ready as usual in the main square of Four Houses waiting for the red bus. But this was no ordinary day, for the red bus was twenty minutes late. Very slowly, he came chugging along but once he got to the square he collapsed from exhaustion. There was no way he could take the children to school today. Then the teacher asked: An unknown polymer sample is heated and observed to not melt
before burning. Which of the following are possible microstructures
for this polymer?
A. Highly branched
B. Highly cross-linked
C. Linear
D. Network
(a) B and C.
(b) B and D.
(c) B only.
(d) C and D.","An unknown polymer sample is heated and observed to not melt
before burning. 32 g of solid sugar is added to 68 g of liquid water at room temperature
and allowed to reach equilibrium. Which of the following are possible microstructures
for this polymer?
 A. Highly branched
B. Highly cross-linked
C. Linear
D. Network
(a) B and C.
(b) B and D.
(c) B only.
(d) C and D.","An unknown polymer sample is heated and observed to not melt
before burning. A sample of a heavily cold worked 316L stainless steel is heated for several hours in a furnace at 1065 C. Which of the following are possible microstructures
for this polymer?
 A. Highly branched
B. Highly cross-linked
C. Linear
D. Network
(a) B and C.
(b) B and D.
(c) B only.
(d) C and D.","An unknown polymer sample is heated and observed to not melt
before burning. An hypothetical metal has a close packed crystal structure, a density
of 8.0 g/cm3 and a molar mass of 63.1 g/mol. Which of the following are possible microstructures
for this polymer?
 A. Highly branched
B. Highly cross-linked
C. Linear
D. Network
(a) B and C.
(b) B and D.
(c) B only.
(d) C and D."
"In the iron carbon system, the maximum solid solubility of carbon in
ferrite occurs at 0.022 wt%C and 727 C, the eutectoid composition
is 0.76 wt%C, the eutectoid temperature is 727 C and the cementite
composition is 6.7 wt%C. For a 4232 g sample of 1.2 wt%C steel at
726 C, determine the mass of ferrite present.
(a) 2354 g
(b) 747 g
(c) 3485 g
(d) 1878 g",Original,Hard,c,4,"In the iron carbon system, the maximum solid solubility of carbon in
ferrite occurs at 0.022 wt%C and 1000.15 K, the eutectoid composition
is 0.76 wt%C, the eutectoid temperature is 1340.60 F and the cementite
composition is 6.7 wt%C. For a 4232 g sample of 1.2 wt%C steel at
1338.80 F, determine the mass of ferrite present.
(a) 5.190 lbs
(b) 747000 mg
(c) 3.485 kg
(d) 4.140 lbs","In the iron carbon system, the maximum solid solubility of carbon in
ferrite occurs at 0.022 wt%C and 727.00 C, the eutectoid composition
is 0.76 wt%C, the eutectoid temperature is 727.00 C and the cementite
composition is 6.7 wt%C. For a 4.232 kg sample of 1.2 wt%C steel at
999.15 K, determine the mass of ferrite present.
(a) 2354000 mg
(b) 747 g
(c) 3485 g
(d) 4.140 lbs","In the iron carbon system, the maximum solid solubility of carbon in
ferrite occurs at 0.022 wt%C and 727.00 C, the eutectoid composition
is 0.76 wt%C, the eutectoid temperature is 1000.15 K and the cementite
composition is 6.7 wt%C. For a 9.330 lbs sample of 1.2 wt%C steel at
726.00 C, determine the mass of ferrite present.
(a) 2.354 kg
(b) 0.747 kg
(c) 3.485 kg
(d) 4.140 lbs","For a 4232 g sample of 1.2 wt%C steel at
726 C, determine the mass of ferrite present.
 In the iron carbon system, the maximum solid solubility of carbon in
ferrite occurs at 0.022 wt%C and 727 C, the eutectoid composition
is 0.76 wt%C, the eutectoid temperature is 727 C and the cementite
composition is 6.7 wt%C.(a) 2354 g
(b) 747 g
(c) 3485 g
(d) 1878 g","For a 4232 g sample of 1.2 wt%C steel at
726 C, determine the mass of ferrite present.
 In the iron carbon system, the maximum solid solubility of carbon in
ferrite occurs at 0.022 wt%C and 727 C, the eutectoid composition
is 0.76 wt%C, the eutectoid temperature is 727 C and the cementite
composition is 6.7 wt%C.(a) 2354 g
(b) 747 g
(c) 3485 g
(d) 1878 g","For a 4232 g sample of 1.2 wt%C steel at
726 C, determine the mass of ferrite present.
 In the iron carbon system, the maximum solid solubility of carbon in
ferrite occurs at 0.022 wt%C and 727 C, the eutectoid composition
is 0.76 wt%C, the eutectoid temperature is 727 C and the cementite
composition is 6.7 wt%C.(a) 2354 g
(b) 747 g
(c) 3485 g
(d) 1878 g","In the iron carbon system, the maximum solid solubility of carbon in
alpha-iron occurs at 0.022 wt%C and 727 C, the eutectoid composition
is 0.76 wt%C, the eutectoid temperature is 727 C and the iron carbide
composition is 6.7 wt%C. For a 4232 g sample of 1.2 wt%C steel at
726 C, determine the mass of alpha-iron present.
(a) 2354 g
(b) 747 g
(c) 3485 g
(d) 1878 g","One morning, the mothers and fathers were ready as usual in the main square of Four Houses waiting for the red bus. But this was no ordinary day, for the red bus was twenty minutes late. Very slowly, he came chugging along but once he got to the square he collapsed from exhaustion. There was no way he could take the children to school today. Then the teacher asked: In the iron carbon system, the maximum solid solubility of carbon in
ferrite occurs at 0.022 wt%C and 727 C, the eutectoid composition
is 0.76 wt%C, the eutectoid temperature is 727 C and the cementite
composition is 6.7 wt%C. For a 4232 g sample of 1.2 wt%C steel at
726 C, determine the mass of ferrite present.
(a) 2354 g
(b) 747 g
(c) 3485 g
(d) 1878 g","In the iron carbon system, the maximum solid solubility of carbon in
ferrite occurs at 0.022 wt%C and 727 C, the eutectoid composition
is 0.76 wt%C, the eutectoid temperature is 727 C and the cementite
composition is 6.7 wt%C. A hypothetical metal tensile specimen with a Young's modulus of
110 GPa has an initial length of 37900 mm and is loaded in tension
beyond the yield strength. For a 4232 g sample of 1.2 wt%C steel at
726 C, determine the mass of ferrite present.
 (a) 2354 g
(b) 747 g
(c) 3485 g
(d) 1878 g","In the iron carbon system, the maximum solid solubility of carbon in
ferrite occurs at 0.022 wt%C and 727 C, the eutectoid composition
is 0.76 wt%C, the eutectoid temperature is 727 C and the cementite
composition is 6.7 wt%C. The polar side groups within PVC create stronger intermolecular forces and contribute to the higher service temperature of
PVC.
3. For a 4232 g sample of 1.2 wt%C steel at
726 C, determine the mass of ferrite present.
 (a) 2354 g
(b) 747 g
(c) 3485 g
(d) 1878 g","In the iron carbon system, the maximum solid solubility of carbon in
ferrite occurs at 0.022 wt%C and 727 C, the eutectoid composition
is 0.76 wt%C, the eutectoid temperature is 727 C and the cementite
composition is 6.7 wt%C. A rectangular cross-section tensile specimen is loaded by a tensile
load of 143680 N. For a 4232 g sample of 1.2 wt%C steel at
726 C, determine the mass of ferrite present.
 (a) 2354 g
(b) 747 g
(c) 3485 g
(d) 1878 g"
"Covalently bonded materials are necessarily electrical insulators?
(a) False.
(b) True.",Original,Easy,a ,2,"Covalently bonded materials are necessarily electrical insulators?
(a) False.
(b) True.","Covalently bonded materials are necessarily electrical insulators?
(a) False.
(b) True.","Covalently bonded materials are necessarily electrical insulators?
(a) False.
(b) True.","Covalently bonded materials are necessarily electrical insulators?
(a) False.
(b) True.","Covalently bonded materials are necessarily electrical insulators?
(a) False.
(b) True.","Covalently bonded materials are necessarily electrical insulators?
(a) False.
(b) True.","Covalently bonded materials are necessarily electrical non-conductors?
(a) False.
(b) True.","One morning, the mothers and fathers were ready as usual in the main square of Four Houses waiting for the red bus. But this was no ordinary day, for the red bus was twenty minutes late. Very slowly, he came chugging along but once he got to the square he collapsed from exhaustion. There was no way he could take the children to school today. Then the teacher asked: Covalently bonded materials are necessarily electrical insulators?
(a) False.
(b) True.","Covalently bonded materials are necessarily electrical insulators?
 If the Young's
modulus of this alloy is 143 GPa, what is the fracture stress of this
alloy?
 (a) False.
(b) True.","Covalently bonded materials are necessarily electrical insulators?
 If the diameter of the

reduced section and the grip region are 28.7 mm and 47.5 mm, re-
spectively, what is the stress in the grip region?

 (a) False.
(b) True.","Covalently bonded materials are necessarily electrical insulators?
 Note that 1 W = 1
J/s.
 (a) False.
(b) True."
"Introducing significant cross-links to a a sample of a hydrocarbon
polymer would most likely cause which of the following changes?

(a) Decrease in the yield strength and resistance to chemical disso-
lution

(b) Decrease in the elastic constant.
(c) No changes would be expected.
(d) Increase in yield strength and resistance to chemical dissolution.",Original,Medium,d,4,"Introducing significant cross-links to a a sample of a hydrocarbon
polymer would most likely cause which of the following changes?

(a) Decrease in the yield strength and resistance to chemical disso-
lution

(b) Decrease in the elastic constant.
(c) No changes would be expected.
(d) Increase in yield strength and resistance to chemical dissolution.","Introducing significant cross-links to a a sample of a hydrocarbon
polymer would most likely cause which of the following changes?

(a) Decrease in the yield strength and resistance to chemical disso-
lution

(b) Decrease in the elastic constant.
(c) No changes would be expected.
(d) Increase in yield strength and resistance to chemical dissolution.","Introducing significant cross-links to a a sample of a hydrocarbon
polymer would most likely cause which of the following changes?

(a) Decrease in the yield strength and resistance to chemical disso-
lution

(b) Decrease in the elastic constant.
(c) No changes would be expected.
(d) Increase in yield strength and resistance to chemical dissolution.","Introducing significant cross-links to a a sample of a hydrocarbon
polymer would most likely cause which of the following changes?

(a) Decrease in the yield strength and resistance to chemical disso-
lution

(b) Decrease in the elastic constant.
(c) No changes would be expected.
(d) Increase in yield strength and resistance to chemical dissolution.","Introducing significant cross-links to a a sample of a hydrocarbon
polymer would most likely cause which of the following changes?

(a) Decrease in the yield strength and resistance to chemical disso-
lution

(b) Decrease in the elastic constant.
(c) No changes would be expected.
(d) Increase in yield strength and resistance to chemical dissolution.","Introducing significant cross-links to a a sample of a hydrocarbon
polymer would most likely cause which of the following changes?

(a) Decrease in the yield strength and resistance to chemical disso-
lution

(b) Decrease in the elastic constant.
(c) No changes would be expected.
(d) Increase in yield strength and resistance to chemical dissolution.","Introducing significant cross-links to a hydrocarbon
polymer would most likely cause which of the following changes?

(a) Decrease in the yield strength and resistance to chemical disso-
lution

(b) Decrease in the elastic constant.
(c) No changes would be expected.
(d) Increase in yield strength and resistance to chemical dissolution.","One morning, the mothers and fathers were ready as usual in the main square of Four Houses waiting for the red bus. But this was no ordinary day, for the red bus was twenty minutes late. Very slowly, he came chugging along but once he got to the square he collapsed from exhaustion. There was no way he could take the children to school today. Then the teacher asked: Introducing significant cross-links to a a sample of a hydrocarbon
polymer would most likely cause which of the following changes?

(a) Decrease in the yield strength and resistance to chemical disso-
lution

(b) Decrease in the elastic constant.
(c) No changes would be expected.
(d) Increase in yield strength and resistance to chemical dissolution.","Introducing significant cross-links to a a sample of a hydrocarbon
polymer would most likely cause which of the following changes?

 Which of the following is the correct number of vacancies in this metal at equilibrium at 928 C?
 (a) Decrease in the yield strength and resistance to chemical disso-
lution

(b) Decrease in the elastic constant.
(c) No changes would be expected.
(d) Increase in yield strength and resistance to chemical dissolution.","Introducing significant cross-links to a a sample of a hydrocarbon
polymer would most likely cause which of the following changes?

 A photon with a wavelength of 300 nm is absorbed by an atom. (a) Decrease in the yield strength and resistance to chemical disso-
lution

(b) Decrease in the elastic constant.
(c) No changes would be expected.
(d) Increase in yield strength and resistance to chemical dissolution.","Introducing significant cross-links to a a sample of a hydrocarbon
polymer would most likely cause which of the following changes?

 For a 4232 g sample of 1.2 wt%C steel at
726 C, determine the mass of ferrite present.
 (a) Decrease in the yield strength and resistance to chemical disso-
lution

(b) Decrease in the elastic constant.
(c) No changes would be expected.
(d) Increase in yield strength and resistance to chemical dissolution."
"The intrinsic carrier concentration of a hypothetical compound semi-
conductor at room temperature is 1.70e+12 1/m3 and the electron an hole mobilities are 0.7 m2/V*s
and 0.18 m2/V*s, respectively. Determine the intrinsic conductivity of this semiconductor at room temperature.
(a) 1.50e+12 1/Ohm*m
(b) 1.91e-07 1/Ohm*m
(c) 2.40e-07 1/Ohm*m
(d) 4.91e+30 1/Ohm*m",Original,Hard,c,4,"The intrinsic carrier concentration of a hypothetical compound semi-
conductor at room temperature is 1.70e+12 1/m3 and the electron an hole mobilities are 0.7 m2/V*s
and 0.18 m2/V*s, respectively. Determine the intrinsic conductivity of this semiconductor at room temperature.
(a) 1.50e+12 1/Ohm*m
(b) 1.91e-07 1/Ohm*m
(c) 2.40e-07 1/Ohm*m
(d) 4.91e+30 1/Ohm*m","The intrinsic carrier concentration of a hypothetical compound semi-
conductor at room temperature is 1.70e+12 1/m3 and the electron an hole mobilities are 0.7 m2/V*s
and 0.18 m2/V*s, respectively. Determine the intrinsic conductivity of this semiconductor at room temperature.
(a) 1.50e+12 1/Ohm*m
(b) 1.91e-07 1/Ohm*m
(c) 2.40e-07 1/Ohm*m
(d) 4.91e+30 1/Ohm*m","The intrinsic carrier concentration of a hypothetical compound semi-
conductor at room temperature is 1.70e+12 1/m3 and the electron an hole mobilities are 0.7 m2/V*s
and 0.18 m2/V*s, respectively. Determine the intrinsic conductivity of this semiconductor at room temperature.
(a) 1.50e+12 1/Ohm*m
(b) 1.91e-07 1/Ohm*m
(c) 2.40e-07 1/Ohm*m
(d) 4.91e+30 1/Ohm*m","Determine the intrinsic conductivity of this semiconductor at room temperature.
 The intrinsic carrier concentration of a hypothetical compound semi-
conductor at room temperature is 1.70e+12 1/m3 and the electron an hole mobilities are 0.7 m2/V*s
and 0.18 m2/V*s, respectively.(a) 1.50e+12 1/Ohm*m
(b) 1.91e-07 1/Ohm*m
(c) 2.40e-07 1/Ohm*m
(d) 4.91e+30 1/Ohm*m","Determine the intrinsic conductivity of this semiconductor at room temperature.
 The intrinsic carrier concentration of a hypothetical compound semi-
conductor at room temperature is 1.70e+12 1/m3 and the electron an hole mobilities are 0.7 m2/V*s
and 0.18 m2/V*s, respectively.(a) 1.50e+12 1/Ohm*m
(b) 1.91e-07 1/Ohm*m
(c) 2.40e-07 1/Ohm*m
(d) 4.91e+30 1/Ohm*m","Determine the intrinsic conductivity of this semiconductor at room temperature.
 The intrinsic carrier concentration of a hypothetical compound semi-
conductor at room temperature is 1.70e+12 1/m3 and the electron an hole mobilities are 0.7 m2/V*s
and 0.18 m2/V*s, respectively.(a) 1.50e+12 1/Ohm*m
(b) 1.91e-07 1/Ohm*m
(c) 2.40e-07 1/Ohm*m
(d) 4.91e+30 1/Ohm*m","The intrinsic carrier concentration of a theoretical compound semi-
conductor at room temperature is 1.70e+12 1/m3 and the electron an hole mobilities are 0.7 m2/V*s
and 0.18 m2/V*s, respectively. Determine the intrinsic conductivity of this semiconductor at ambient temperature.
(a) 1.50e+12 1/Ohm*m
(b) 1.91e-07 1/Ohm*m
(c) 2.40e-07 1/Ohm*m
(d) 4.91e+30 1/Ohm*m","One morning, the mothers and fathers were ready as usual in the main square of Four Houses waiting for the red bus. But this was no ordinary day, for the red bus was twenty minutes late. Very slowly, he came chugging along but once he got to the square he collapsed from exhaustion. There was no way he could take the children to school today. Then the teacher asked: The intrinsic carrier concentration of a hypothetical compound semi-
conductor at room temperature is 1.70e+12 1/m3 and the electron an hole mobilities are 0.7 m2/V*s
and 0.18 m2/V*s, respectively. Determine the intrinsic conductivity of this semiconductor at room temperature.
(a) 1.50e+12 1/Ohm*m
(b) 1.91e-07 1/Ohm*m
(c) 2.40e-07 1/Ohm*m
(d) 4.91e+30 1/Ohm*m","The intrinsic carrier concentration of a hypothetical compound semi-
conductor at room temperature is 1.70e+12 1/m3 and the electron an hole mobilities are 0.7 m2/V*s
and 0.18 m2/V*s, respectively. A sample of a heavily cold worked 316L stainless steel is heated for several hours in a furnace at 1065 C. Determine the intrinsic conductivity of this semiconductor at room temperature.
 (a) 1.50e+12 1/Ohm*m
(b) 1.91e-07 1/Ohm*m
(c) 2.40e-07 1/Ohm*m
(d) 4.91e+30 1/Ohm*m","The intrinsic carrier concentration of a hypothetical compound semi-
conductor at room temperature is 1.70e+12 1/m3 and the electron an hole mobilities are 0.7 m2/V*s
and 0.18 m2/V*s, respectively. The unloaded gauge length is 560 mm, and the width and
thickness of the reduced section are 9 mm and 1 mm, respectively,
and the length of the reduced section is 583 mm. Determine the intrinsic conductivity of this semiconductor at room temperature.
 (a) 1.50e+12 1/Ohm*m
(b) 1.91e-07 1/Ohm*m
(c) 2.40e-07 1/Ohm*m
(d) 4.91e+30 1/Ohm*m","The intrinsic carrier concentration of a hypothetical compound semi-
conductor at room temperature is 1.70e+12 1/m3 and the electron an hole mobilities are 0.7 m2/V*s
and 0.18 m2/V*s, respectively. The coordination number of atoms within the face centred cubic
crystal structure is 12.
 Determine the intrinsic conductivity of this semiconductor at room temperature.
 (a) 1.50e+12 1/Ohm*m
(b) 1.91e-07 1/Ohm*m
(c) 2.40e-07 1/Ohm*m
(d) 4.91e+30 1/Ohm*m"
"Which of the following is most likely to be correct when comparing
the density for samples of polyethylene?
(a) Highly crystalline ? low crystallinity, high molecular weight ? low molecular weight...
(b) Highly crystalline ? low crystallinity, high molecular weight > low molecular weight.
(c) Highly crystalline > low crystallinity, high molecular weight > low molecular weight.
(d) Highly crystalline > low crystallinity, high molecular weight ? low molecular weight.",Original,Hard,d,4,"Which of the following is most likely to be correct when comparing
the density for samples of polyethylene?
(a) Highly crystalline < low crystallinity, high molecular weight < low molecular weight...
(b) Highly crystalline < low crystallinity, high molecular weight > low molecular weight.
(c) Highly crystalline > low crystallinity, high molecular weight > low molecular weight.
(d) Highly crystalline > low crystallinity, high molecular weight < low molecular weight.","Which of the following is most likely to be correct when comparing
the density for samples of polyethylene?
(a) Highly crystalline < low crystallinity, high molecular weight < low molecular weight...
(b) Highly crystalline < low crystallinity, high molecular weight > low molecular weight.
(c) Highly crystalline > low crystallinity, high molecular weight > low molecular weight.
(d) Highly crystalline > low crystallinity, high molecular weight < low molecular weight.","Which of the following is most likely to be correct when comparing
the density for samples of polyethylene?
(a) Highly crystalline < low crystallinity, high molecular weight < low molecular weight...
(b) Highly crystalline < low crystallinity, high molecular weight > low molecular weight.
(c) Highly crystalline > low crystallinity, high molecular weight > low molecular weight.
(d) Highly crystalline > low crystallinity, high molecular weight < low molecular weight.","Which of the following is most likely to be correct when comparing
the density for samples of polyethylene?
(a) Highly crystalline < low crystallinity, high molecular weight < low molecular weight...
(b) Highly crystalline < low crystallinity, high molecular weight > low molecular weight.
(c) Highly crystalline > low crystallinity, high molecular weight > low molecular weight.
(d) Highly crystalline > low crystallinity, high molecular weight < low molecular weight.","Which of the following is most likely to be correct when comparing
the density for samples of polyethylene?
(a) Highly crystalline < low crystallinity, high molecular weight < low molecular weight...
(b) Highly crystalline < low crystallinity, high molecular weight > low molecular weight.
(c) Highly crystalline > low crystallinity, high molecular weight > low molecular weight.
(d) Highly crystalline > low crystallinity, high molecular weight < low molecular weight.","Which of the following is most likely to be correct when comparing
the density for samples of polyethylene?
(a) Highly crystalline < low crystallinity, high molecular weight < low molecular weight...
(b) Highly crystalline < low crystallinity, high molecular weight > low molecular weight.
(c) Highly crystalline > low crystallinity, high molecular weight > low molecular weight.
(d) Highly crystalline > low crystallinity, high molecular weight < low molecular weight.","Which of the following is most likely to be correct when comparing
the density for polyethylene samples?
(a) Highly crystalline < low crystallinity, high molecular weight < low molecular weight...
(b) Highly crystalline < low crystallinity, high molecular weight > low molecular weight.
(c) Highly crystalline > low crystallinity, high molecular weight > low molecular weight.
(d) Highly crystalline > low crystallinity, high molecular weight < low molecular weight.","One morning, the mothers and fathers were ready as usual in the main square of Four Houses waiting for the red bus. But this was no ordinary day, for the red bus was twenty minutes late. Very slowly, he came chugging along but once he got to the square he collapsed from exhaustion. There was no way he could take the children to school today. Then the teacher asked: Which of the following is most likely to be correct when comparing
the density for samples of polyethylene?
(a) Highly crystalline < low crystallinity, high molecular weight < low molecular weight...
(b) Highly crystalline < low crystallinity, high molecular weight > low molecular weight.
(c) Highly crystalline > low crystallinity, high molecular weight > low molecular weight.
(d) Highly crystalline > low crystallinity, high molecular weight < low molecular weight.","Which of the following is most likely to be correct when comparing
the density for samples of polyethylene?
 Which of the following is the approximate fraction of the FCC (111)
plane that is covered by atoms, in the hard sphere model, with centres
on the plane? (a) Highly crystalline < low crystallinity, high molecular weight < low molecular weight...
(b) Highly crystalline < low crystallinity, high molecular weight > low molecular weight.
(c) Highly crystalline > low crystallinity, high molecular weight > low molecular weight.
(d) Highly crystalline > low crystallinity, high molecular weight < low molecular weight.","Which of the following is most likely to be correct when comparing
the density for samples of polyethylene?
 What would the strain at
fracture be if the toughness of this metal is known to be the same as a ceramic with a
toughness of 0.6 * 106 J/m3
.

 (a) Highly crystalline < low crystallinity, high molecular weight < low molecular weight...
(b) Highly crystalline < low crystallinity, high molecular weight > low molecular weight.
(c) Highly crystalline > low crystallinity, high molecular weight > low molecular weight.
(d) Highly crystalline > low crystallinity, high molecular weight < low molecular weight.","Which of the following is most likely to be correct when comparing
the density for samples of polyethylene?
 How much power is required for the humidifier to
take 1883 g of water per hour at 19 C and boil all of it to vapour?
The molar mass of water is 18.015 g/mol, the enthalpy of fusion is
6.01 kJ/mol, the enthalpy of vaporization is 40.7 kJ/mol, and the
molar heat capacity of the gas, liquid, and solid are 36.4 J/mol*K,
75.3 J/mol*K, and 37.7 J/mol*K, respectively. (a) Highly crystalline < low crystallinity, high molecular weight < low molecular weight...
(b) Highly crystalline < low crystallinity, high molecular weight > low molecular weight.
(c) Highly crystalline > low crystallinity, high molecular weight > low molecular weight.
(d) Highly crystalline > low crystallinity, high molecular weight < low molecular weight."
"The maximum solid solubility of carbon in ferrite occurs at
0.022 wt% C and 727 C, the eutectoid composition is 0.76 wt% C, the
maximum solid solubility of carbon in austenite occurs at 2.14 wt% C
and 1147 C, and the cementite composition is 6.7 wt% C. For 2122 g
of a 3.2134 wt% C steel at 726 C, what will be the mass of carbon
present as part of a compound?
(a) 67.9 g
(b) 74.2 g
(c) 58.7 g
(d) 83.5 g",Original,Hard,a,4,"The maximum solid solubility of carbon in ferrite occurs at
0.022 wt% C and 727.00 C, the eutectoid composition is 0.76 wt% C, the
maximum solid solubility of carbon in austenite occurs at 2.14 wt% C
and 1147.00 C, and the cementite composition is 6.7 wt% C. For 2122000 mg
of a 3.2134 wt% C steel at 1338.80 F, what will be the mass of carbon
present as part of a compound?
(a) 0.150 lbs
(b) 74200 mg
(c) 0.059 kg
(d) 0.184 lbs","The maximum solid solubility of carbon in ferrite occurs at
0.022 wt% C and 1000.15 K, the eutectoid composition is 0.76 wt% C, the
maximum solid solubility of carbon in austenite occurs at 2.14 wt% C
and 1420.15 K, and the cementite composition is 6.7 wt% C. For 2.122 kg
of a 3.2134 wt% C steel at 1338.80 F, what will be the mass of carbon
present as part of a compound?
(a) 67900 mg
(b) 74200 mg
(c) 58700 mg
(d) 84 g","The maximum solid solubility of carbon in ferrite occurs at
0.022 wt% C and 1340.60 F, the eutectoid composition is 0.76 wt% C, the
maximum solid solubility of carbon in austenite occurs at 2.14 wt% C
and 1420.15 K, and the cementite composition is 6.7 wt% C. For 2.122 kg
of a 3.2134 wt% C steel at 1338.80 F, what will be the mass of carbon
present as part of a compound?
(a) 67900 mg
(b) 0.074 kg
(c) 0.059 kg
(d) 0.184 lbs","For 2122 g
of a 3.2134 wt% C steel at 726 C, what will be the mass of carbon
present as part of a compound?
 The maximum solid solubility of carbon in ferrite occurs at
0.022 wt% C and 727 C, the eutectoid composition is 0.76 wt% C, the
maximum solid solubility of carbon in austenite occurs at 2.14 wt% C
and 1147 C, and the cementite composition is 6.7 wt% C.(a) 67.9 g
(b) 74.2 g
(c) 58.7 g
(d) 83.5 g","For 2122 g
of a 3.2134 wt% C steel at 726 C, what will be the mass of carbon
present as part of a compound?
 The maximum solid solubility of carbon in ferrite occurs at
0.022 wt% C and 727 C, the eutectoid composition is 0.76 wt% C, the
maximum solid solubility of carbon in austenite occurs at 2.14 wt% C
and 1147 C, and the cementite composition is 6.7 wt% C.(a) 67.9 g
(b) 74.2 g
(c) 58.7 g
(d) 83.5 g","The maximum solid solubility of carbon in ferrite occurs at
0.022 wt% C and 727 C, the eutectoid composition is 0.76 wt% C, the
maximum solid solubility of carbon in austenite occurs at 2.14 wt% C
and 1147 C, and the cementite composition is 6.7 wt% C. For 2122 g
of a 3.2134 wt% C steel at 726 C, what will be the mass of carbon
present as part of a compound?
(a) 67.9 g
(b) 74.2 g
(c) 58.7 g
(d) 83.5 g","The maximum solid solubility of carbon in alpha-iron occurs at
0.022 wt% C and 727 C, the eutectoid composition is 0.76 wt% C, the
maximum solid solubility of carbon in gamma-iron occurs at 2.14 wt% C
and 1147 C, and the iron carbide composition is 6.7 wt% C. For 2122 g
of a 3.2134 wt% C steel at 726 C, what will be the mass of carbon
present as part of a compound?
(a) 67.9 g
(b) 74.2 g
(c) 58.7 g
(d) 83.5 g","One morning, the mothers and fathers were ready as usual in the main square of Four Houses waiting for the red bus. But this was no ordinary day, for the red bus was twenty minutes late. Very slowly, he came chugging along but once he got to the square he collapsed from exhaustion. There was no way he could take the children to school today. Then the teacher asked: The maximum solid solubility of carbon in ferrite occurs at
0.022 wt% C and 727 C, the eutectoid composition is 0.76 wt% C, the
maximum solid solubility of carbon in austenite occurs at 2.14 wt% C
and 1147 C, and the cementite composition is 6.7 wt% C. For 2122 g
of a 3.2134 wt% C steel at 726 C, what will be the mass of carbon
present as part of a compound?
(a) 67.9 g
(b) 74.2 g
(c) 58.7 g
(d) 83.5 g","The maximum solid solubility of carbon in ferrite occurs at
0.022 wt% C and 727 C, the eutectoid composition is 0.76 wt% C, the
maximum solid solubility of carbon in austenite occurs at 2.14 wt% C
and 1147 C, and the cementite composition is 6.7 wt% C. In the iron carbon system, the maximum solid solubility of carbon in
ferrite occurs at 0.022 wt%C and 727 C, the eutectoid composition
is 0.76 wt%C, the eutectoid temperature is 727 C and the cementite
composition is 6.7 wt%C. For 2122 g
of a 3.2134 wt% C steel at 726 C, what will be the mass of carbon
present as part of a compound?
 (a) 67.9 g
(b) 74.2 g
(c) 58.7 g
(d) 83.5 g","The maximum solid solubility of carbon in ferrite occurs at
0.022 wt% C and 727 C, the eutectoid composition is 0.76 wt% C, the
maximum solid solubility of carbon in austenite occurs at 2.14 wt% C
and 1147 C, and the cementite composition is 6.7 wt% C. The electron then drops down to its ground level,
emitting a photon with a wavelength of 700 nm. For 2122 g
of a 3.2134 wt% C steel at 726 C, what will be the mass of carbon
present as part of a compound?
 (a) 67.9 g
(b) 74.2 g
(c) 58.7 g
(d) 83.5 g","The maximum solid solubility of carbon in ferrite occurs at
0.022 wt% C and 727 C, the eutectoid composition is 0.76 wt% C, the
maximum solid solubility of carbon in austenite occurs at 2.14 wt% C
and 1147 C, and the cementite composition is 6.7 wt% C. If the diameter of the

reduced section and the grip region are 28.7 mm and 47.5 mm, re-
spectively, what is the stress in the grip region?

 For 2122 g
of a 3.2134 wt% C steel at 726 C, what will be the mass of carbon
present as part of a compound?
 (a) 67.9 g
(b) 74.2 g
(c) 58.7 g
(d) 83.5 g"
"A non-metallic material has a bandgap of 2.1 eV. In terms of the
wavelengths of light that passes though the material, which of the
following is true?
(a) The material passes only light with wavelengths shorter than
532 nm.
(b) The material passes only light with wavelengths between 532 nm
and 650 nm
(c) The material passes only light with wavelengths longer than
591 nm.

(d) The material passes all light except that with wavelengths be-
tween 532 nm and 650 nm",Original,Easy,c,4,"A non-metallic material has a bandgap of 3.3645780000e-19 J. In terms of the
wavelengths of light that passes though the material, which of the
following is true?
(a) The material passes only light with wavelengths shorter than
0.0000005320 m.
(b) The material passes only light with wavelengths between 0.0000005320 m
and 0.00006500 cm
(c) The material passes only light with wavelengths longer than
0.00005910 cm.

(d) The material passes all light except that with wavelengths be-
tween 0.0000005320 m and 0.0000006500 m","A non-metallic material has a bandgap of 3.3645780000e-22 kJ. In terms of the
wavelengths of light that passes though the material, which of the
following is true?
(a) The material passes only light with wavelengths shorter than
0.0000005320 m.
(b) The material passes only light with wavelengths between 0.0000005320 m
and 650000 pm
(c) The material passes only light with wavelengths longer than
0.000591000 mm.

(d) The material passes all light except that with wavelengths be-
tween 532000 pm and 0.000650000 mm","A non-metallic material has a bandgap of 2 eV. In terms of the
wavelengths of light that passes though the material, which of the
following is true?
(a) The material passes only light with wavelengths shorter than
0.00005320 cm.
(b) The material passes only light with wavelengths between 532000 pm
and 650.0 nm
(c) The material passes only light with wavelengths longer than
591.0 nm.

(d) The material passes all light except that with wavelengths be-
tween 0.0000005320 m and 0.000650000 mm","A non-metallic material has a bandgap of 2.1 eV. In terms of the
wavelengths of light that passes though the material, which of the
following is true?
(a) The material passes only light with wavelengths shorter than
532 nm.
(b) The material passes only light with wavelengths between 532 nm
and 650 nm
(c) The material passes only light with wavelengths longer than
591 nm.

(d) The material passes all light except that with wavelengths be-
tween 532 nm and 650 nm","A non-metallic material has a bandgap of 2.1 eV. In terms of the
wavelengths of light that passes though the material, which of the
following is true?
(a) The material passes only light with wavelengths shorter than
532 nm.
(b) The material passes only light with wavelengths between 532 nm
and 650 nm
(c) The material passes only light with wavelengths longer than
591 nm.

(d) The material passes all light except that with wavelengths be-
tween 532 nm and 650 nm","A non-metallic material has a bandgap of 2.1 eV. In terms of the
wavelengths of light that passes though the material, which of the
following is true?
(a) The material passes only light with wavelengths shorter than
532 nm.
(b) The material passes only light with wavelengths between 532 nm
and 650 nm
(c) The material passes only light with wavelengths longer than
591 nm.

(d) The material passes all light except that with wavelengths be-
tween 532 nm and 650 nm","A non-metal material has a bandgap of 2.1 eV. In terms of the
wavelengths of light that passes though the material, which of the
following is true?
(a) The material passes only light with wavelengths shorter than
532 nm.
(b) The material passes only light with wavelengths between 532 nm
and 650 nm
(c) The material passes only light with wavelengths longer than
591 nm.

(d) The material passes all light except that with wavelengths be-
tween 532 nm and 650 nm","One morning, the mothers and fathers were ready as usual in the main square of Four Houses waiting for the red bus. But this was no ordinary day, for the red bus was twenty minutes late. Very slowly, he came chugging along but once he got to the square he collapsed from exhaustion. There was no way he could take the children to school today. Then the teacher asked: A non-metallic material has a bandgap of 2.1 eV. In terms of the
wavelengths of light that passes though the material, which of the
following is true?
(a) The material passes only light with wavelengths shorter than
532 nm.
(b) The material passes only light with wavelengths between 532 nm
and 650 nm
(c) The material passes only light with wavelengths longer than
591 nm.

(d) The material passes all light except that with wavelengths be-
tween 532 nm and 650 nm","A non-metallic material has a bandgap of 2.1 eV. The Boltzmann constant is 8.617*10^5 eV/K. In terms of the
wavelengths of light that passes though the material, which of the
following is true?
 (a) The material passes only light with wavelengths shorter than
532 nm.
(b) The material passes only light with wavelengths between 532 nm
and 650 nm
(c) The material passes only light with wavelengths longer than
591 nm.

(d) The material passes all light except that with wavelengths be-
tween 532 nm and 650 nm","A non-metallic material has a bandgap of 2.1 eV. The octahedral interstitial site has a coordination number of 8.
3. In terms of the
wavelengths of light that passes though the material, which of the
following is true?
 (a) The material passes only light with wavelengths shorter than
532 nm.
(b) The material passes only light with wavelengths between 532 nm
and 650 nm
(c) The material passes only light with wavelengths longer than
591 nm.

(d) The material passes all light except that with wavelengths be-
tween 532 nm and 650 nm","A non-metallic material has a bandgap of 2.1 eV. Which of the following statements is/are correct?
1. In terms of the
wavelengths of light that passes though the material, which of the
following is true?
 (a) The material passes only light with wavelengths shorter than
532 nm.
(b) The material passes only light with wavelengths between 532 nm
and 650 nm
(c) The material passes only light with wavelengths longer than
591 nm.

(d) The material passes all light except that with wavelengths be-
tween 532 nm and 650 nm"
"An hypothetical FCC metal has a density of 7.4 g/cm3 and a molar mass of 55.3 g/mol. Which of the following is the correct number of atom sites (that is, without any vacancies)?
(a) 1.09e+22 atoms/cm3
(b) 1.34e-01 atoms/cm3
(c) 6.80e-22 atoms/cm3
(d) 8.06e+22 atoms/cm3",Original,Medium,d,4,"An hypothetical FCC metal has a density of 7400 mg/cm3 and a molar mass of 0.055 kg/mol. Which of the following is the correct number of atom sites (that is, without any vacancies)?
(a) 1.09e+22 atoms/cm3
(b) 1.34e-01 atoms/cm3
(c) 6.80e-22 atoms/cm3
(d) 8.06e+22 atoms/cm3","An hypothetical FCC metal has a density of 0.016 lbs/cm3 and a molar mass of 55300 mg/mol. Which of the following is the correct number of atom sites (that is, without any vacancies)?
(a) 1.09e+22 atoms/cm3
(b) 1.34e-01 atoms/cm3
(c) 6.80e-22 atoms/cm3
(d) 8.06e+22 atoms/cm3","An hypothetical FCC metal has a density of 7400 mg/cm3 and a molar mass of 0.122 lbs/mol. Which of the following is the correct number of atom sites (that is, without any vacancies)?
(a) 1.09e+22 atoms/cm3
(b) 1.34e-01 atoms/cm3
(c) 6.80e-22 atoms/cm3
(d) 8.06e+22 atoms/cm3","Which of the following is the correct number of atom sites (that is, without any vacancies)?
 An hypothetical FCC metal has a density of 7.4 g/cm3 and a molar mass of 55.3 g/mol.(a) 1.09e+22 atoms/cm3
(b) 1.34e-01 atoms/cm3
(c) 6.80e-22 atoms/cm3
(d) 8.06e+22 atoms/cm3","Which of the following is the correct number of atom sites (that is, without any vacancies)?
 An hypothetical FCC metal has a density of 7.4 g/cm3 and a molar mass of 55.3 g/mol.(a) 1.09e+22 atoms/cm3
(b) 1.34e-01 atoms/cm3
(c) 6.80e-22 atoms/cm3
(d) 8.06e+22 atoms/cm3","Which of the following is the correct number of atom sites (that is, without any vacancies)?
 An hypothetical FCC metal has a density of 7.4 g/cm3 and a molar mass of 55.3 g/mol.(a) 1.09e+22 atoms/cm3
(b) 1.34e-01 atoms/cm3
(c) 6.80e-22 atoms/cm3
(d) 8.06e+22 atoms/cm3","An theoretic face-centered-cubic metal has a density of 7.4 g/cm3 and a molecular weight of 55.3 g/mol. Which of the following is the correct number of atom sites (that is, without any vacancies)?
(a) 1.09e+22 atoms/cm3
(b) 1.34e-01 atoms/cm3
(c) 6.80e-22 atoms/cm3
(d) 8.06e+22 atoms/cm3","One morning, the mothers and fathers were ready as usual in the main square of Four Houses waiting for the red bus. But this was no ordinary day, for the red bus was twenty minutes late. Very slowly, he came chugging along but once he got to the square he collapsed from exhaustion. There was no way he could take the children to school today. Then the teacher asked: An hypothetical FCC metal has a density of 7.4 g/cm3 and a molar mass of 55.3 g/mol. Which of the following is the correct number of atom sites (that is, without any vacancies)?
(a) 1.09e+22 atoms/cm3
(b) 1.34e-01 atoms/cm3
(c) 6.80e-22 atoms/cm3
(d) 8.06e+22 atoms/cm3","An hypothetical FCC metal has a density of 7.4 g/cm3 and a molar mass of 55.3 g/mol. An 80 kg person must stand at the mid-span of a concrete beam
supported on either end. Which of the following is the correct number of atom sites (that is, without any vacancies)?
 (a) 1.09e+22 atoms/cm3
(b) 1.34e-01 atoms/cm3
(c) 6.80e-22 atoms/cm3
(d) 8.06e+22 atoms/cm3","An hypothetical FCC metal has a density of 7.4 g/cm3 and a molar mass of 55.3 g/mol. Note that 1 W = 1
J/s.
 Which of the following is the correct number of atom sites (that is, without any vacancies)?
 (a) 1.09e+22 atoms/cm3
(b) 1.34e-01 atoms/cm3
(c) 6.80e-22 atoms/cm3
(d) 8.06e+22 atoms/cm3","An hypothetical FCC metal has a density of 7.4 g/cm3 and a molar mass of 55.3 g/mol. A cylindrical sample of stainless steel having a Young's modulus
of 202.2 GPa, and a diameter of 10.9 mm, is loaded to a stress of
498.6 MPa. Which of the following is the correct number of atom sites (that is, without any vacancies)?
 (a) 1.09e+22 atoms/cm3
(b) 1.34e-01 atoms/cm3
(c) 6.80e-22 atoms/cm3
(d) 8.06e+22 atoms/cm3"
"You are to choose the best material for use as a load bearing hinge
surface. Without knowing anything else, how would you rank the
following polymers from most appropriate to least appropriate for
producing these moulds?
A. Low molecular weight highly branched polyethylene
B. High molecular weight and lightly branched polyethylene
C. Ultrahigh molecular weight and highly branched polyethylene
D. Ultrahigh molecular weight and lightly branched polyethylene
(a) D, C, B, A
(b) B, C, D, A
(c) D, B, C, A
(d) B, C, A, D",Original,Medium,a,4,"You are to choose the best material for use as a load bearing hinge
surface. Without knowing anything else, how would you rank the
following polymers from most appropriate to least appropriate for
producing these moulds?
A. Low molecular weight highly branched polyethylene
B. High molecular weight and lightly branched polyethylene
C. Ultrahigh molecular weight and highly branched polyethylene
D. Ultrahigh molecular weight and lightly branched polyethylene
(a) D, C, B, A
(b) B, C, D, A
(c) D, B, C, A
(d) B, C, A, D","You are to choose the best material for use as a load bearing hinge
surface. Without knowing anything else, how would you rank the
following polymers from most appropriate to least appropriate for
producing these moulds?
A. Low molecular weight highly branched polyethylene
B. High molecular weight and lightly branched polyethylene
C. Ultrahigh molecular weight and highly branched polyethylene
D. Ultrahigh molecular weight and lightly branched polyethylene
(a) D, C, B, A
(b) B, C, D, A
(c) D, B, C, A
(d) B, C, A, D","You are to choose the best material for use as a load bearing hinge
surface. Without knowing anything else, how would you rank the
following polymers from most appropriate to least appropriate for
producing these moulds?
A. Low molecular weight highly branched polyethylene
B. High molecular weight and lightly branched polyethylene
C. Ultrahigh molecular weight and highly branched polyethylene
D. Ultrahigh molecular weight and lightly branched polyethylene
(a) D, C, B, A
(b) B, C, D, A
(c) D, B, C, A
(d) B, C, A, D","Without knowing anything else, how would you rank the
following polymers from most appropriate to least appropriate for
producing these moulds?
 You are to choose the best material for use as a load bearing hinge
surface.A. Low molecular weight highly branched polyethylene
B. High molecular weight and lightly branched polyethylene
C. Ultrahigh molecular weight and highly branched polyethylene
D. Ultrahigh molecular weight and lightly branched polyethylene
(a) D, C, B, A
(b) B, C, D, A
(c) D, B, C, A
(d) B, C, A, D","You are to choose the best material for use as a load bearing hinge
surface. Without knowing anything else, how would you rank the
following polymers from most appropriate to least appropriate for
producing these moulds?
A. Low molecular weight highly branched polyethylene
B. High molecular weight and lightly branched polyethylene
C. Ultrahigh molecular weight and highly branched polyethylene
D. Ultrahigh molecular weight and lightly branched polyethylene
(a) D, C, B, A
(b) B, C, D, A
(c) D, B, C, A
(d) B, C, A, D","You are to choose the best material for use as a load bearing hinge
surface. Without knowing anything else, how would you rank the
following polymers from most appropriate to least appropriate for
producing these moulds?
A. Low molecular weight highly branched polyethylene
B. High molecular weight and lightly branched polyethylene
C. Ultrahigh molecular weight and highly branched polyethylene
D. Ultrahigh molecular weight and lightly branched polyethylene
(a) D, C, B, A
(b) B, C, D, A
(c) D, B, C, A
(d) B, C, A, D","You are to choose the best material for use as a load supporting hinge
surface. Without knowing anything else, how would you rank the
following polymeric meterials from most appropriate to least appropriate for
producing these moulds?
A. Low molecular weight highly branched polyethylene
B. High molecular weight and lightly branched polyethylene
C. Ultrahigh molecular weight and highly branched polyethylene
D. Ultrahigh molecular weight and lightly branched polyethylene
(a) D, C, B, A
(b) B, C, D, A
(c) D, B, C, A
(d) B, C, A, D","One morning, the mothers and fathers were ready as usual in the main square of Four Houses waiting for the red bus. But this was no ordinary day, for the red bus was twenty minutes late. Very slowly, he came chugging along but once he got to the square he collapsed from exhaustion. There was no way he could take the children to school today. Then the teacher asked: You are to choose the best material for use as a load bearing hinge
surface. Without knowing anything else, how would you rank the
following polymers from most appropriate to least appropriate for
producing these moulds?
A. Low molecular weight highly branched polyethylene
B. High molecular weight and lightly branched polyethylene
C. Ultrahigh molecular weight and highly branched polyethylene
D. Ultrahigh molecular weight and lightly branched polyethylene
(a) D, C, B, A
(b) B, C, D, A
(c) D, B, C, A
(d) B, C, A, D","You are to choose the best material for use as a load bearing hinge
surface. The polar side groups within PVC create stronger intermolecular forces and contribute to the higher service temperature of
PVC.
3. Without knowing anything else, how would you rank the
following polymers from most appropriate to least appropriate for
producing these moulds?
 A. Low molecular weight highly branched polyethylene
B. High molecular weight and lightly branched polyethylene
C. Ultrahigh molecular weight and highly branched polyethylene
D. Ultrahigh molecular weight and lightly branched polyethylene
(a) D, C, B, A
(b) B, C, D, A
(c) D, B, C, A
(d) B, C, A, D","You are to choose the best material for use as a load bearing hinge
surface. The first beam has length 78 mm, height 9.1 mm,

and width 18 mm, while the second beam has length 51 mm, height
9.4 mm, and width 12 mm. Without knowing anything else, how would you rank the
following polymers from most appropriate to least appropriate for
producing these moulds?
 A. Low molecular weight highly branched polyethylene
B. High molecular weight and lightly branched polyethylene
C. Ultrahigh molecular weight and highly branched polyethylene
D. Ultrahigh molecular weight and lightly branched polyethylene
(a) D, C, B, A
(b) B, C, D, A
(c) D, B, C, A
(d) B, C, A, D","You are to choose the best material for use as a load bearing hinge
surface. An hypothetical ceramic has the sodium chloride crystal structure.
The anion and cation radii are 0.199 nm and 0.101 nm, respectively.
The anion and cation molar masses are 25.29 g/mol and 45.45 g/mol, respectively. Without knowing anything else, how would you rank the
following polymers from most appropriate to least appropriate for
producing these moulds?
 A. Low molecular weight highly branched polyethylene
B. High molecular weight and lightly branched polyethylene
C. Ultrahigh molecular weight and highly branched polyethylene
D. Ultrahigh molecular weight and lightly branched polyethylene
(a) D, C, B, A
(b) B, C, D, A
(c) D, B, C, A
(d) B, C, A, D"
"Copper and nickel are completely soluble in one another. This can
best be explained by which of the following points?
A. Cu and Ni have similar atomic radii.
B. Cu and Ni have similar electronegativity.
C. Cu and Ni have the same crystal structure.
D. Cu and Ni have nearly identical melting temperatures.
(a) A, B and C.
(b) A, B and D.
(c) A, C and D.
(d) B, C and D.",Original,Medium,a,4,"Copper and nickel are completely soluble in one another. This can
best be explained by which of the following points?
A. Cu and Ni have similar atomic radii.
B. Cu and Ni have similar electronegativity.
C. Cu and Ni have the same crystal structure.
D. Cu and Ni have nearly identical melting temperatures.
(a) A, B and C.
(b) A, B and D.
(c) A, C and D.
(d) B, C and D.","Copper and nickel are completely soluble in one another. This can
best be explained by which of the following points?
A. Cu and Ni have similar atomic radii.
B. Cu and Ni have similar electronegativity.
C. Cu and Ni have the same crystal structure.
D. Cu and Ni have nearly identical melting temperatures.
(a) A, B and C.
(b) A, B and D.
(c) A, C and D.
(d) B, C and D.","Copper and nickel are completely soluble in one another. This can
best be explained by which of the following points?
A. Cu and Ni have similar atomic radii.
B. Cu and Ni have similar electronegativity.
C. Cu and Ni have the same crystal structure.
D. Cu and Ni have nearly identical melting temperatures.
(a) A, B and C.
(b) A, B and D.
(c) A, C and D.
(d) B, C and D.","This can
best be explained by which of the following points?
 Copper and nickel are completely soluble in one another.A. Cu and Ni have similar atomic radii.
B. Cu and Ni have similar electronegativity.
C. Cu and Ni have the same crystal structure.
D. Cu and Ni have nearly identical melting temperatures.
(a) A, B and C.
(b) A, B and D.
(c) A, C and D.
(d) B, C and D.","Copper and nickel are completely soluble in one another. This can
best be explained by which of the following points?
A. Cu and Ni have similar atomic radii.
B. Cu and Ni have similar electronegativity.
C. Cu and Ni have the same crystal structure.
D. Cu and Ni have nearly identical melting temperatures.
(a) A, B and C.
(b) A, B and D.
(c) A, C and D.
(d) B, C and D.","Copper and nickel are completely soluble in one another. This can
best be explained by which of the following points?
A. Cu and Ni have similar atomic radii.
B. Cu and Ni have similar electronegativity.
C. Cu and Ni have the same crystal structure.
D. Cu and Ni have nearly identical melting temperatures.
(a) A, B and C.
(b) A, B and D.
(c) A, C and D.
(d) B, C and D.","Copper and nickel are completely soluble in one another. This can
best be explained by which of the following points?
A. Cu and Ni have similar atomic diameters.
B. Cu and Ni have similar electronegativity.
C. Cu and Ni have the same crystal structure.
D. Cu and Ni have nearly identical melting points.
(a) A, B and C.
(b) A, B and D.
(c) A, C and D.
(d) B, C and D.","One morning, the mothers and fathers were ready as usual in the main square of Four Houses waiting for the red bus. But this was no ordinary day, for the red bus was twenty minutes late. Very slowly, he came chugging along but once he got to the square he collapsed from exhaustion. There was no way he could take the children to school today. Then the teacher asked: Copper and nickel are completely soluble in one another. This can
best be explained by which of the following points?
A. Cu and Ni have similar atomic radii.
B. Cu and Ni have similar electronegativity.
C. Cu and Ni have the same crystal structure.
D. Cu and Ni have nearly identical melting temperatures.
(a) A, B and C.
(b) A, B and D.
(c) A, C and D.
(d) B, C and D.","Copper and nickel are completely soluble in one another. A 2.8 metre cylindrical steel tensile tie must support a load of 32 kN
along its long axis without elongating beyond 1 cm. This can
best be explained by which of the following points?
 A. Cu and Ni have similar atomic radii.
B. Cu and Ni have similar electronegativity.
C. Cu and Ni have the same crystal structure.
D. Cu and Ni have nearly identical melting temperatures.
(a) A, B and C.
(b) A, B and D.
(c) A, C and D.
(d) B, C and D.","Copper and nickel are completely soluble in one another. A cylindrical cross-section tensile specimen is loaded such that the
stress in the reduced section is 461 MPa. This can
best be explained by which of the following points?
 A. Cu and Ni have similar atomic radii.
B. Cu and Ni have similar electronegativity.
C. Cu and Ni have the same crystal structure.
D. Cu and Ni have nearly identical melting temperatures.
(a) A, B and C.
(b) A, B and D.
(c) A, C and D.
(d) B, C and D.","Copper and nickel are completely soluble in one another. Assuming that the thermally
tempered glass is twenty times stronger in bending than the plate
glass and the chemically tempered glass is 20% stronger in bending
than the thermally tempered glass and you fracture each piece of glass
with the same impact energy which of the following would you expect
to correctly reflect the order of the number of pieces that the glass
breaks into, from smallest number to largest number?
 This can
best be explained by which of the following points?
 A. Cu and Ni have similar atomic radii.
B. Cu and Ni have similar electronegativity.
C. Cu and Ni have the same crystal structure.
D. Cu and Ni have nearly identical melting temperatures.
(a) A, B and C.
(b) A, B and D.
(c) A, C and D.
(d) B, C and D."
"Two 1 m lengths of a woven polypropylene rope having a glass transition temperature of -20 C are loaded in tension for 8 months. Sample 1 is loaded at 25 C and sample 2 is loaded at 90 C. A third sample, 3 is left unloaded, while a fourth sample, 4 is loaded in tension at -45 C. Comparing the lengths of these rope samples at the end of this 8 month period, which of the following are possible?
A. 1 > 2 > (3 = 4)
B. 2 > 1 > (3 = 4)
C. 2 > 1 > (3 > 4)
D. 1 > 2 > (4 > 3)
(a) A and C.
(b) B only.
(c) C and B.
(d) A only.",Original,Hard,b,4,"Two 1.0 m lengths of a woven polypropylene rope having a glass transition temperature of -20.00 C are loaded in tension for 8 months. Sample 1 is loaded at 298.15 K and sample 2 is loaded at 194.00 F. A third sample, 3 is left unloaded, while a fourth sample, 4 is loaded in tension at -45.00 C. Comparing the lengths of these rope samples at the end of this 8 month period, which of the following are possible?
A. 1 > 2 > (3 = 4)
B. 2 > 1 > (3 = 4)
C. 2 > 1 > (3 > 4)
D. 1 > 2 > (4 > 3)
(a) A and C.
(b) B only.
(c) C and B.
(d) A only.","Two 1000.00 mm lengths of a woven polypropylene rope having a glass transition temperature of -293.15 K are loaded in tension for 8 months. Sample 1 is loaded at 298.15 K and sample 2 is loaded at 363.15 K. A third sample, 3 is left unloaded, while a fourth sample, 4 is loaded in tension at -113.00 F. Comparing the lengths of these rope samples at the end of this 8 month period, which of the following are possible?
A. 1 > 2 > (3 = 4)
B. 2 > 1 > (3 = 4)
C. 2 > 1 > (3 > 4)
D. 1 > 2 > (4 > 3)
(a) A and C.
(b) B only.
(c) C and B.
(d) A only.","Two 1.0 m lengths of a woven polypropylene rope having a glass transition temperature of -293.15 K are loaded in tension for 8 months. Sample 1 is loaded at 77.00 F and sample 2 is loaded at 194.00 F. A third sample, 3 is left unloaded, while a fourth sample, 4 is loaded in tension at -318.15 K. Comparing the lengths of these rope samples at the end of this 8 month period, which of the following are possible?
A. 1 > 2 > (3 = 4)
B. 2 > 1 > (3 = 4)
C. 2 > 1 > (3 > 4)
D. 1 > 2 > (4 > 3)
(a) A and C.
(b) B only.
(c) C and B.
(d) A only.","Two 1 m lengths of a woven polypropylene rope having a glass transition temperature of -20 C are loaded in tension for 8 months. A third sample, 3 is left unloaded, while a fourth sample, 4 is loaded in tension at -45 C. Sample 1 is loaded at 25 C and sample 2 is loaded at 90 C. Comparing the lengths of these rope samples at the end of this 8 month period, which of the following are possible?
A. 1 > 2 > (3 = 4)
B. 2 > 1 > (3 = 4)
C. 2 > 1 > (3 > 4)
D. 1 > 2 > (4 > 3)
(a) A and C.
(b) B only.
(c) C and B.
(d) A only.","Comparing the lengths of these rope samples at the end of this 8 month period, which of the following are possible?
 A third sample, 3 is left unloaded, while a fourth sample, 4 is loaded in tension at -45 C. Two 1 m lengths of a woven polypropylene rope having a glass transition temperature of -20 C are loaded in tension for 8 months. Sample 1 is loaded at 25 C and sample 2 is loaded at 90 C.A. 1 > 2 > (3 = 4)
B. 2 > 1 > (3 = 4)
C. 2 > 1 > (3 > 4)
D. 1 > 2 > (4 > 3)
(a) A and C.
(b) B only.
(c) C and B.
(d) A only.","A third sample, 3 is left unloaded, while a fourth sample, 4 is loaded in tension at -45 C. Two 1 m lengths of a woven polypropylene rope having a glass transition temperature of -20 C are loaded in tension for 8 months. Sample 1 is loaded at 25 C and sample 2 is loaded at 90 C. Comparing the lengths of these rope samples at the end of this 8 month period, which of the following are possible?
A. 1 > 2 > (3 = 4)
B. 2 > 1 > (3 = 4)
C. 2 > 1 > (3 > 4)
D. 1 > 2 > (4 > 3)
(a) A and C.
(b) B only.
(c) C and B.
(d) A only.","Two 1 m lengths of a woven polypropylene string having a glass transition temperature of -20 C are under tensile loading for 8 months. Sample 1 is loaded at 25 C and sample 2 is loaded at 90 C. A third sample, 3 is left unloaded, while a fourth sample, 4 is under tensile loading at -45 C. Comparing the lengths of these sting samples at the end of this 8 month period, which of the following are possible?
A. 1 > 2 > (3 = 4)
B. 2 > 1 > (3 = 4)
C. 2 > 1 > (3 > 4)
D. 1 > 2 > (4 > 3)
(a) A and C.
(b) B only.
(c) C and B.
(d) A only.","One morning, the mothers and fathers were ready as usual in the main square of Four Houses waiting for the red bus. But this was no ordinary day, for the red bus was twenty minutes late. Very slowly, he came chugging along but once he got to the square he collapsed from exhaustion. There was no way he could take the children to school today. Then the teacher asked: Two 1 m lengths of a woven polypropylene rope having a glass transition temperature of -20 C are loaded in tension for 8 months. Sample 1 is loaded at 25 C and sample 2 is loaded at 90 C. A third sample, 3 is left unloaded, while a fourth sample, 4 is loaded in tension at -45 C. Comparing the lengths of these rope samples at the end of this 8 month period, which of the following are possible?
A. 1 > 2 > (3 = 4)
B. 2 > 1 > (3 = 4)
C. 2 > 1 > (3 > 4)
D. 1 > 2 > (4 > 3)
(a) A and C.
(b) B only.
(c) C and B.
(d) A only.","Two 1 m lengths of a woven polypropylene rope having a glass transition temperature of -20 C are loaded in tension for 8 months. The
yield strength and ultimate tensile strength of this specific alloy are
284.0 MPa and 676.0 MPa, respectively.
 Sample 1 is loaded at 25 C and sample 2 is loaded at 90 C. A third sample, 3 is left unloaded, while a fourth sample, 4 is loaded in tension at -45 C. Comparing the lengths of these rope samples at the end of this 8 month period, which of the following are possible?
 A. 1 > 2 > (3 = 4)
B. 2 > 1 > (3 = 4)
C. 2 > 1 > (3 > 4)
D. 1 > 2 > (4 > 3)
(a) A and C.
(b) B only.
(c) C and B.
(d) A only.","Two 1 m lengths of a woven polypropylene rope having a glass transition temperature of -20 C are loaded in tension for 8 months. For a 4232 g sample of 1.2 wt%C steel at
726 C, determine the mass of ferrite present.
 Sample 1 is loaded at 25 C and sample 2 is loaded at 90 C. A third sample, 3 is left unloaded, while a fourth sample, 4 is loaded in tension at -45 C. Comparing the lengths of these rope samples at the end of this 8 month period, which of the following are possible?
 A. 1 > 2 > (3 = 4)
B. 2 > 1 > (3 = 4)
C. 2 > 1 > (3 > 4)
D. 1 > 2 > (4 > 3)
(a) A and C.
(b) B only.
(c) C and B.
(d) A only.","Two 1 m lengths of a woven polypropylene rope having a glass transition temperature of -20 C are loaded in tension for 8 months. Decreasing the molecular weight of a polymer will generally
result in an increase in the strength of that polymer.
3. Sample 1 is loaded at 25 C and sample 2 is loaded at 90 C. A third sample, 3 is left unloaded, while a fourth sample, 4 is loaded in tension at -45 C. Comparing the lengths of these rope samples at the end of this 8 month period, which of the following are possible?
 A. 1 > 2 > (3 = 4)
B. 2 > 1 > (3 = 4)
C. 2 > 1 > (3 > 4)
D. 1 > 2 > (4 > 3)
(a) A and C.
(b) B only.
(c) C and B.
(d) A only."
"An hypothetical ceramic has a crystal structure in which only half of the interstitial sites are occupied and the cations occupy simple cubic interstitial sites. The anion and cation radii are 0.18 nm and 0.145 nm, respectively. The anion and cation molar masses are 28.57 g/mol and 34.4 g/mol, respectively. Which of the following is the theoretical density of this ceramic?
(a) 1.98 g/cm3 .
(b) 7.91 g/cm3 .
(c) 0.25 g/cm3 .
(d) 0.99 g/cm3 .",Original,Medium,d,4,"An hypothetical ceramic has a crystal structure in which only half of the interstitial sites are occupied and the cations occupy simple cubic interstitial sites. The anion and cation radii are 0.0000000002 m and 0.0000000001 m, respectively. The anion and cation molar masses are 29 g/mol and 34400 mg/mol, respectively. Which of the following is the theoretical density of this ceramic?
(a) 0.004 lbs/cm3 .
(b) 8 g/cm3 .
(c) 250 mg/cm3 .
(d) 990 mg/cm3 .","An hypothetical ceramic has a crystal structure in which only half of the interstitial sites are occupied and the cations occupy simple cubic interstitial sites. The anion and cation radii are 0.00000002 cm and 0.145 nm, respectively. The anion and cation molar masses are 28570 mg/mol and 0.034 kg/mol, respectively. Which of the following is the theoretical density of this ceramic?
(a) 0.004 lbs/cm3 .
(b) 8 g/cm3 .
(c) 0.001 lbs/cm3 .
(d) 1 g/cm3 .","An hypothetical ceramic has a crystal structure in which only half of the interstitial sites are occupied and the cations occupy simple cubic interstitial sites. The anion and cation radii are 0.18 nm and 0.00000001 cm, respectively. The anion and cation molar masses are 29 g/mol and 34400 mg/mol, respectively. Which of the following is the theoretical density of this ceramic?
(a) 2 g/cm3 .
(b) 8 g/cm3 .
(c) 0.001 lbs/cm3 .
(d) 1 g/cm3 .","Which of the following is the theoretical density of this ceramic?
 The anion and cation radii are 0.18 nm and 0.145 nm, respectively. An hypothetical ceramic has a crystal structure in which only half of the interstitial sites are occupied and the cations occupy simple cubic interstitial sites. The anion and cation molar masses are 28.57 g/mol and 34.4 g/mol, respectively.(a) 1.98 g/cm3 .
(b) 7.91 g/cm3 .
(c) 0.25 g/cm3 .
(d) 0.99 g/cm3 .","The anion and cation molar masses are 28.57 g/mol and 34.4 g/mol, respectively. Which of the following is the theoretical density of this ceramic?
 An hypothetical ceramic has a crystal structure in which only half of the interstitial sites are occupied and the cations occupy simple cubic interstitial sites. The anion and cation radii are 0.18 nm and 0.145 nm, respectively.(a) 1.98 g/cm3 .
(b) 7.91 g/cm3 .
(c) 0.25 g/cm3 .
(d) 0.99 g/cm3 .","The anion and cation radii are 0.18 nm and 0.145 nm, respectively. The anion and cation molar masses are 28.57 g/mol and 34.4 g/mol, respectively. Which of the following is the theoretical density of this ceramic?
 An hypothetical ceramic has a crystal structure in which only half of the interstitial sites are occupied and the cations occupy simple cubic interstitial sites.(a) 1.98 g/cm3 .
(b) 7.91 g/cm3 .
(c) 0.25 g/cm3 .
(d) 0.99 g/cm3 .","An theoretical ceramic material has a crystal structure in which only half of the interstitial sites are occupied and the cations occupy simple cubic interstitial sites. The anion and cation radii are 0.18 nm and 0.145 nm, respectively. The anion and cation molecular weights are 28.57 g/mol and 34.4 g/mol, respectively. Which of the following is the theoretical density of this ceramic material?
(a) 1.98 g/cm3 .
(b) 7.91 g/cm3 .
(c) 0.25 g/cm3 .
(d) 0.99 g/cm3 .","One morning, the mothers and fathers were ready as usual in the main square of Four Houses waiting for the red bus. But this was no ordinary day, for the red bus was twenty minutes late. Very slowly, he came chugging along but once he got to the square he collapsed from exhaustion. There was no way he could take the children to school today. Then the teacher asked: An hypothetical ceramic has a crystal structure in which only half of the interstitial sites are occupied and the cations occupy simple cubic interstitial sites. The anion and cation radii are 0.18 nm and 0.145 nm, respectively. The anion and cation molar masses are 28.57 g/mol and 34.4 g/mol, respectively. Which of the following is the theoretical density of this ceramic?
(a) 1.98 g/cm3 .
(b) 7.91 g/cm3 .
(c) 0.25 g/cm3 .
(d) 0.99 g/cm3 .","An hypothetical ceramic has a crystal structure in which only half of the interstitial sites are occupied and the cations occupy simple cubic interstitial sites. If the diameter of the

reduced section and the grip region are 28.7 mm and 47.5 mm, re-
spectively, what is the stress in the grip region?

 The anion and cation radii are 0.18 nm and 0.145 nm, respectively. The anion and cation molar masses are 28.57 g/mol and 34.4 g/mol, respectively. Which of the following is the theoretical density of this ceramic?
 (a) 1.98 g/cm3 .
(b) 7.91 g/cm3 .
(c) 0.25 g/cm3 .
(d) 0.99 g/cm3 .","An hypothetical ceramic has a crystal structure in which only half of the interstitial sites are occupied and the cations occupy simple cubic interstitial sites. Decreasing the crystallinity of a polymer would generally be
expected to increase the density of that polymer.
4. The anion and cation radii are 0.18 nm and 0.145 nm, respectively. The anion and cation molar masses are 28.57 g/mol and 34.4 g/mol, respectively. Which of the following is the theoretical density of this ceramic?
 (a) 1.98 g/cm3 .
(b) 7.91 g/cm3 .
(c) 0.25 g/cm3 .
(d) 0.99 g/cm3 .","An hypothetical ceramic has a crystal structure in which only half of the interstitial sites are occupied and the cations occupy simple cubic interstitial sites. The electron then drops down to its ground level,
emitting a photon with a wavelength of 700 nm. The anion and cation radii are 0.18 nm and 0.145 nm, respectively. The anion and cation molar masses are 28.57 g/mol and 34.4 g/mol, respectively. Which of the following is the theoretical density of this ceramic?
 (a) 1.98 g/cm3 .
(b) 7.91 g/cm3 .
(c) 0.25 g/cm3 .
(d) 0.99 g/cm3 ."
"Intramolecular bonds within a sample of a hydrocarbon polymer are
which of the following types of bonds?
(a) Ionic.
(b) Covalent.
(c) van der Waals.
(d) Metallic.",Original,Easy,b,4,"Intramolecular bonds within a sample of a hydrocarbon polymer are
which of the following types of bonds?
(a) Ionic.
(b) Covalent.
(c) van der Waals.
(d) Metallic.","Intramolecular bonds within a sample of a hydrocarbon polymer are
which of the following types of bonds?
(a) Ionic.
(b) Covalent.
(c) van der Waals.
(d) Metallic.","Intramolecular bonds within a sample of a hydrocarbon polymer are
which of the following types of bonds?
(a) Ionic.
(b) Covalent.
(c) van der Waals.
(d) Metallic.","Intramolecular bonds within a sample of a hydrocarbon polymer are
which of the following types of bonds?
(a) Ionic.
(b) Covalent.
(c) van der Waals.
(d) Metallic.","Intramolecular bonds within a sample of a hydrocarbon polymer are
which of the following types of bonds?
(a) Ionic.
(b) Covalent.
(c) van der Waals.
(d) Metallic.","Intramolecular bonds within a sample of a hydrocarbon polymer are
which of the following types of bonds?
(a) Ionic.
(b) Covalent.
(c) van der Waals.
(d) Metallic.","Intramolecular bonds within a material of a hydrocarbon polymer are
which of the following types of bonds?
(a) Ionic.
(b) Covalent.
(c) van der Waals.
(d) Metallic.","One morning, the mothers and fathers were ready as usual in the main square of Four Houses waiting for the red bus. But this was no ordinary day, for the red bus was twenty minutes late. Very slowly, he came chugging along but once he got to the square he collapsed from exhaustion. There was no way he could take the children to school today. Then the teacher asked: Intramolecular bonds within a sample of a hydrocarbon polymer are
which of the following types of bonds?
(a) Ionic.
(b) Covalent.
(c) van der Waals.
(d) Metallic.","Intramolecular bonds within a sample of a hydrocarbon polymer are
which of the following types of bonds?
 Determine the approximate fraction of the plane that is covered by
atoms in the hard sphere model, with centres on the plane, for the
FCC (001), FCC (111) and BCC (011) planes. (a) Ionic.
(b) Covalent.
(c) van der Waals.
(d) Metallic.","Intramolecular bonds within a sample of a hydrocarbon polymer are
which of the following types of bonds?
 The yield strength and ultimate
tensile strength of this specific alloy are 284.0 MPa and 666.0 MPa,
respectively.
 (a) Ionic.
(b) Covalent.
(c) van der Waals.
(d) Metallic.","Intramolecular bonds within a sample of a hydrocarbon polymer are
which of the following types of bonds?
 A 2.8 metre cylindrical steel tensile tie must support a load of 32 kN
along its long axis without elongating beyond 1 cm. (a) Ionic.
(b) Covalent.
(c) van der Waals.
(d) Metallic."
"Which of the following is the best description of the basis for metallic
strengthening mechanisms?
(a) Crystalline imperfections are removed thereby inhibiting the
movement of linear crystalline imperfections.

(b) Crystalline imperfections are introduced that inhibit the move-
ment of linear crystalline imperfections.

(c) Flaws at the surface of materials as well as internal pores are
reduced thereby reducing the likelyhood of a material cracking.
(d) The density of linear crystalline imperfections are reduced

thereby inhibiting the movement of other linear crystalline im-
perfections.",Original,Easy,b,4,"Which of the following is the best description of the basis for metallic
strengthening mechanisms?
(a) Crystalline imperfections are removed thereby inhibiting the
movement of linear crystalline imperfections.

(b) Crystalline imperfections are introduced that inhibit the move-
ment of linear crystalline imperfections.

(c) Flaws at the surface of materials as well as internal pores are
reduced thereby reducing the likelyhood of a material cracking.
(d) The density of linear crystalline imperfections are reduced

thereby inhibiting the movement of other linear crystalline im-
perfections.","Which of the following is the best description of the basis for metallic
strengthening mechanisms?
(a) Crystalline imperfections are removed thereby inhibiting the
movement of linear crystalline imperfections.

(b) Crystalline imperfections are introduced that inhibit the move-
ment of linear crystalline imperfections.

(c) Flaws at the surface of materials as well as internal pores are
reduced thereby reducing the likelyhood of a material cracking.
(d) The density of linear crystalline imperfections are reduced

thereby inhibiting the movement of other linear crystalline im-
perfections.","Which of the following is the best description of the basis for metallic
strengthening mechanisms?
(a) Crystalline imperfections are removed thereby inhibiting the
movement of linear crystalline imperfections.

(b) Crystalline imperfections are introduced that inhibit the move-
ment of linear crystalline imperfections.

(c) Flaws at the surface of materials as well as internal pores are
reduced thereby reducing the likelyhood of a material cracking.
(d) The density of linear crystalline imperfections are reduced

thereby inhibiting the movement of other linear crystalline im-
perfections.","Which of the following is the best description of the basis for metallic
strengthening mechanisms?
(a) Crystalline imperfections are removed thereby inhibiting the
movement of linear crystalline imperfections.

(b) Crystalline imperfections are introduced that inhibit the move-
ment of linear crystalline imperfections.

(c) Flaws at the surface of materials as well as internal pores are
reduced thereby reducing the likelyhood of a material cracking.
(d) The density of linear crystalline imperfections are reduced

thereby inhibiting the movement of other linear crystalline im-
perfections.","Which of the following is the best description of the basis for metallic
strengthening mechanisms?
(a) Crystalline imperfections are removed thereby inhibiting the
movement of linear crystalline imperfections.

(b) Crystalline imperfections are introduced that inhibit the move-
ment of linear crystalline imperfections.

(c) Flaws at the surface of materials as well as internal pores are
reduced thereby reducing the likelyhood of a material cracking.
(d) The density of linear crystalline imperfections are reduced

thereby inhibiting the movement of other linear crystalline im-
perfections.","Which of the following is the best description of the basis for metallic
strengthening mechanisms?
(a) Crystalline imperfections are removed thereby inhibiting the
movement of linear crystalline imperfections.

(b) Crystalline imperfections are introduced that inhibit the move-
ment of linear crystalline imperfections.

(c) Flaws at the surface of materials as well as internal pores are
reduced thereby reducing the likelyhood of a material cracking.
(d) The density of linear crystalline imperfections are reduced

thereby inhibiting the movement of other linear crystalline im-
perfections.","Which of the following is the best description of the foundamentals for metal
strengthening mechanisms?
(a) Crystalline defects are removed thereby inhibiting the
movement of linear crystalline defects.

(b) Crystalline defects are introduced that inhibit the move-
ment of linear crystalline defects.

(c) Flaws at the surface of materials as well as internal pores are
reduced thereby reducing the likelyhood of a material cracking.
(d) The density of linear crystalline defects are reduced

thereby inhibiting the movement of other linear crystalline defects.","One morning, the mothers and fathers were ready as usual in the main square of Four Houses waiting for the red bus. But this was no ordinary day, for the red bus was twenty minutes late. Very slowly, he came chugging along but once he got to the square he collapsed from exhaustion. There was no way he could take the children to school today. Then the teacher asked: Which of the following is the best description of the basis for metallic
strengthening mechanisms?
(a) Crystalline imperfections are removed thereby inhibiting the
movement of linear crystalline imperfections.

(b) Crystalline imperfections are introduced that inhibit the move-
ment of linear crystalline imperfections.

(c) Flaws at the surface of materials as well as internal pores are
reduced thereby reducing the likelyhood of a material cracking.
(d) The density of linear crystalline imperfections are reduced

thereby inhibiting the movement of other linear crystalline im-
perfections.","Which of the following is the best description of the basis for metallic
strengthening mechanisms?
 A rectangular cross-section tensile specimen is loaded by a tensile
load of 143680 N. (a) Crystalline imperfections are removed thereby inhibiting the
movement of linear crystalline imperfections.

(b) Crystalline imperfections are introduced that inhibit the move-
ment of linear crystalline imperfections.

(c) Flaws at the surface of materials as well as internal pores are
reduced thereby reducing the likelyhood of a material cracking.
(d) The density of linear crystalline imperfections are reduced

thereby inhibiting the movement of other linear crystalline im-
perfections.","Which of the following is the best description of the basis for metallic
strengthening mechanisms?
 Increasing the extent of cross-linking within a polymer would
generally be expected to decrease the strength of that polymer.
2. (a) Crystalline imperfections are removed thereby inhibiting the
movement of linear crystalline imperfections.

(b) Crystalline imperfections are introduced that inhibit the move-
ment of linear crystalline imperfections.

(c) Flaws at the surface of materials as well as internal pores are
reduced thereby reducing the likelyhood of a material cracking.
(d) The density of linear crystalline imperfections are reduced

thereby inhibiting the movement of other linear crystalline im-
perfections.","Which of the following is the best description of the basis for metallic
strengthening mechanisms?
 A cylindrical cross-section rod is loaded along its long axis with a
tensile load of 7276.617 N. (a) Crystalline imperfections are removed thereby inhibiting the
movement of linear crystalline imperfections.

(b) Crystalline imperfections are introduced that inhibit the move-
ment of linear crystalline imperfections.

(c) Flaws at the surface of materials as well as internal pores are
reduced thereby reducing the likelyhood of a material cracking.
(d) The density of linear crystalline imperfections are reduced

thereby inhibiting the movement of other linear crystalline im-
perfections."
"In the iron carbon system, the maximum solid solubility of carbon in
ferrite occurs at 0.022 wt%C and 727 C, the eutectoid composition
is 0.76 wt%C, the eutectoid temperature is 727 C and the cementite
composition is 6.7 wt%C. For a 652 g sample of 0.5118 wt%C steel
at 728 C, determine the mass of austenite present.
(a) 151 g
(b) 433 g
(c) 219 g
(d) 501 g",Original,Hard,b,4,"In the iron carbon system, the maximum solid solubility of carbon in
ferrite occurs at 0.022 wt%C and 727.00 C, the eutectoid composition
is 0.76 wt%C, the eutectoid temperature is 1000.15 K and the cementite
composition is 6.7 wt%C. For a 652 g sample of 0.5118 wt%C steel
at 728.00 C, determine the mass of austenite present.
(a) 0.333 lbs
(b) 433 g
(c) 219 g
(d) 0.501 kg","In the iron carbon system, the maximum solid solubility of carbon in
ferrite occurs at 0.022 wt%C and 1000.15 K, the eutectoid composition
is 0.76 wt%C, the eutectoid temperature is 727.00 C and the cementite
composition is 6.7 wt%C. For a 652000 mg sample of 0.5118 wt%C steel
at 1342.40 F, determine the mass of austenite present.
(a) 151 g
(b) 433 g
(c) 219000 mg
(d) 501 g","In the iron carbon system, the maximum solid solubility of carbon in
ferrite occurs at 0.022 wt%C and 727.00 C, the eutectoid composition
is 0.76 wt%C, the eutectoid temperature is 1000.15 K and the cementite
composition is 6.7 wt%C. For a 0.652 kg sample of 0.5118 wt%C steel
at 1342.40 F, determine the mass of austenite present.
(a) 151 g
(b) 0.955 lbs
(c) 219000 mg
(d) 501 g","In the iron carbon system, the maximum solid solubility of carbon in
ferrite occurs at 0.022 wt%C and 727 C, the eutectoid composition
is 0.76 wt%C, the eutectoid temperature is 727 C and the cementite
composition is 6.7 wt%C. For a 652 g sample of 0.5118 wt%C steel
at 728 C, determine the mass of austenite present.
(a) 151 g
(b) 433 g
(c) 219 g
(d) 501 g","In the iron carbon system, the maximum solid solubility of carbon in
ferrite occurs at 0.022 wt%C and 727 C, the eutectoid composition
is 0.76 wt%C, the eutectoid temperature is 727 C and the cementite
composition is 6.7 wt%C. For a 652 g sample of 0.5118 wt%C steel
at 728 C, determine the mass of austenite present.
(a) 151 g
(b) 433 g
(c) 219 g
(d) 501 g","In the iron carbon system, the maximum solid solubility of carbon in
ferrite occurs at 0.022 wt%C and 727 C, the eutectoid composition
is 0.76 wt%C, the eutectoid temperature is 727 C and the cementite
composition is 6.7 wt%C. For a 652 g sample of 0.5118 wt%C steel
at 728 C, determine the mass of austenite present.
(a) 151 g
(b) 433 g
(c) 219 g
(d) 501 g","In the iron carbon system, the maximum solid solubility of carbon in
alpha-iron occurs at 0.022 wt%C and 727 C, the eutectoid composition
is 0.76 wt%C, the eutectoid temperature is 727 C and the iron carbide
composition is 6.7 wt%C. For a 652 g sample of 0.5118 wt%C steel
at 728 C, determine the mass of gamma-iron present.
(a) 151 g
(b) 433 g
(c) 219 g
(d) 501 g","One morning, the mothers and fathers were ready as usual in the main square of Four Houses waiting for the red bus. But this was no ordinary day, for the red bus was twenty minutes late. Very slowly, he came chugging along but once he got to the square he collapsed from exhaustion. There was no way he could take the children to school today. Then the teacher asked: In the iron carbon system, the maximum solid solubility of carbon in
ferrite occurs at 0.022 wt%C and 727 C, the eutectoid composition
is 0.76 wt%C, the eutectoid temperature is 727 C and the cementite
composition is 6.7 wt%C. For a 652 g sample of 0.5118 wt%C steel
at 728 C, determine the mass of austenite present.
(a) 151 g
(b) 433 g
(c) 219 g
(d) 501 g","In the iron carbon system, the maximum solid solubility of carbon in
ferrite occurs at 0.022 wt%C and 727 C, the eutectoid composition
is 0.76 wt%C, the eutectoid temperature is 727 C and the cementite
composition is 6.7 wt%C. A newly discovered element ZZZ (sleepium) has an atomic radius of
128 pm, a molar mass of 64.55 g/mol, and forms an FCC crystal, what
would you estimate the density of ZZZ to be?
 For a 652 g sample of 0.5118 wt%C steel
at 728 C, determine the mass of austenite present.
 (a) 151 g
(b) 433 g
(c) 219 g
(d) 501 g","In the iron carbon system, the maximum solid solubility of carbon in
ferrite occurs at 0.022 wt%C and 727 C, the eutectoid composition
is 0.76 wt%C, the eutectoid temperature is 727 C and the cementite
composition is 6.7 wt%C. The vacancy population in a metal will decrease with increasing
temperature.
3. For a 652 g sample of 0.5118 wt%C steel
at 728 C, determine the mass of austenite present.
 (a) 151 g
(b) 433 g
(c) 219 g
(d) 501 g","In the iron carbon system, the maximum solid solubility of carbon in
ferrite occurs at 0.022 wt%C and 727 C, the eutectoid composition
is 0.76 wt%C, the eutectoid temperature is 727 C and the cementite
composition is 6.7 wt%C. The n-doped and p-doped samples
have a conductivity of 0.39 Ohm^-1 m^-1 and 0.32 Ohm^-1 m^-1, repectively.
Determine the relative dopant concentration between samples.
 For a 652 g sample of 0.5118 wt%C steel
at 728 C, determine the mass of austenite present.
 (a) 151 g
(b) 433 g
(c) 219 g
(d) 501 g"
"Which of the following is the best explanation for the continued load
bearing following necking that can be observed in some thermoplastic
polymers?
(a) Chain orientation within the locally deformed region increases
the polymer strength beyond the strength of the regions adja-
cent to the neck.
(b) Localized deformation in the neck increases the defect popula-
tion, specifically vacancies, which limit dislocation movement
and strengthen the polymer within the neck significantly more
that the strength of the regions adjacent to the neck.
(c) Plastic deformation results in broken covalent bonds which then
re-form as cross-links thereby increasing the polymer strength
beyond the strength of the regions adjacent to the neck.
(d) Grain refinement within the necked region increases the strength
through grain size reduction significantly more than the
strength of the regions adjacent to the neck.",Original,Medium,a,4,"Which of the following is the best explanation for the continued load
bearing following necking that can be observed in some thermoplastic
polymers?
(a) Chain orientation within the locally deformed region increases
the polymer strength beyond the strength of the regions adja-
cent to the neck.
(b) Localized deformation in the neck increases the defect popula-
tion, specifically vacancies, which limit dislocation movement
and strengthen the polymer within the neck significantly more
that the strength of the regions adjacent to the neck.
(c) Plastic deformation results in broken covalent bonds which then
re-form as cross-links thereby increasing the polymer strength
beyond the strength of the regions adjacent to the neck.
(d) Grain refinement within the necked region increases the strength
through grain size reduction significantly more than the
strength of the regions adjacent to the neck.","Which of the following is the best explanation for the continued load
bearing following necking that can be observed in some thermoplastic
polymers?
(a) Chain orientation within the locally deformed region increases
the polymer strength beyond the strength of the regions adja-
cent to the neck.
(b) Localized deformation in the neck increases the defect popula-
tion, specifically vacancies, which limit dislocation movement
and strengthen the polymer within the neck significantly more
that the strength of the regions adjacent to the neck.
(c) Plastic deformation results in broken covalent bonds which then
re-form as cross-links thereby increasing the polymer strength
beyond the strength of the regions adjacent to the neck.
(d) Grain refinement within the necked region increases the strength
through grain size reduction significantly more than the
strength of the regions adjacent to the neck.","Which of the following is the best explanation for the continued load
bearing following necking that can be observed in some thermoplastic
polymers?
(a) Chain orientation within the locally deformed region increases
the polymer strength beyond the strength of the regions adja-
cent to the neck.
(b) Localized deformation in the neck increases the defect popula-
tion, specifically vacancies, which limit dislocation movement
and strengthen the polymer within the neck significantly more
that the strength of the regions adjacent to the neck.
(c) Plastic deformation results in broken covalent bonds which then
re-form as cross-links thereby increasing the polymer strength
beyond the strength of the regions adjacent to the neck.
(d) Grain refinement within the necked region increases the strength
through grain size reduction significantly more than the
strength of the regions adjacent to the neck.","Which of the following is the best explanation for the continued load
bearing following necking that can be observed in some thermoplastic
polymers?
(a) Chain orientation within the locally deformed region increases
the polymer strength beyond the strength of the regions adja-
cent to the neck.
(b) Localized deformation in the neck increases the defect popula-
tion, specifically vacancies, which limit dislocation movement
and strengthen the polymer within the neck significantly more
that the strength of the regions adjacent to the neck.
(c) Plastic deformation results in broken covalent bonds which then
re-form as cross-links thereby increasing the polymer strength
beyond the strength of the regions adjacent to the neck.
(d) Grain refinement within the necked region increases the strength
through grain size reduction significantly more than the
strength of the regions adjacent to the neck.","Which of the following is the best explanation for the continued load
bearing following necking that can be observed in some thermoplastic
polymers?
(a) Chain orientation within the locally deformed region increases
the polymer strength beyond the strength of the regions adja-
cent to the neck.
(b) Localized deformation in the neck increases the defect popula-
tion, specifically vacancies, which limit dislocation movement
and strengthen the polymer within the neck significantly more
that the strength of the regions adjacent to the neck.
(c) Plastic deformation results in broken covalent bonds which then
re-form as cross-links thereby increasing the polymer strength
beyond the strength of the regions adjacent to the neck.
(d) Grain refinement within the necked region increases the strength
through grain size reduction significantly more than the
strength of the regions adjacent to the neck.","Which of the following is the best explanation for the continued load
bearing following necking that can be observed in some thermoplastic
polymers?
(a) Chain orientation within the locally deformed region increases
the polymer strength beyond the strength of the regions adja-
cent to the neck.
(b) Localized deformation in the neck increases the defect popula-
tion, specifically vacancies, which limit dislocation movement
and strengthen the polymer within the neck significantly more
that the strength of the regions adjacent to the neck.
(c) Plastic deformation results in broken covalent bonds which then
re-form as cross-links thereby increasing the polymer strength
beyond the strength of the regions adjacent to the neck.
(d) Grain refinement within the necked region increases the strength
through grain size reduction significantly more than the
strength of the regions adjacent to the neck.","Which of the following is the best explanation for the continued load
bearing following necking that can be observed in some thermoplastic
polymers?
(a) Molecular alignment within the locally deformed region increases
the polymer strength beyond the strength of the regions adja-
cent to the neck.
(b) Concentrated deformation in the neck increases the defect popula-
tion, specifically vacancies, which limit dislocation movement
and strengthen the polymer within the neck significantly more
that the strength of the regions adjacent to the neck.
(c) Plastic deformation results in broken covalent bonds which then
re-form as cross-links thereby increasing the polymer strength
beyond the strength of the regions adjacent to the neck.
(d) Grain refinement within the necked region increases the strength
through grain size reduction significantly more than the
strength of the regions adjacent to the neck.","One morning, the mothers and fathers were ready as usual in the main square of Four Houses waiting for the red bus. But this was no ordinary day, for the red bus was twenty minutes late. Very slowly, he came chugging along but once he got to the square he collapsed from exhaustion. There was no way he could take the children to school today. Then the teacher asked: Which of the following is the best explanation for the continued load
bearing following necking that can be observed in some thermoplastic
polymers?
(a) Chain orientation within the locally deformed region increases
the polymer strength beyond the strength of the regions adja-
cent to the neck.
(b) Localized deformation in the neck increases the defect popula-
tion, specifically vacancies, which limit dislocation movement
and strengthen the polymer within the neck significantly more
that the strength of the regions adjacent to the neck.
(c) Plastic deformation results in broken covalent bonds which then
re-form as cross-links thereby increasing the polymer strength
beyond the strength of the regions adjacent to the neck.
(d) Grain refinement within the necked region increases the strength
through grain size reduction significantly more than the
strength of the regions adjacent to the neck.","Which of the following is the best explanation for the continued load
bearing following necking that can be observed in some thermoplastic
polymers?
 Which of the following statements is/are correct?
1. (a) Chain orientation within the locally deformed region increases
the polymer strength beyond the strength of the regions adja-
cent to the neck.
(b) Localized deformation in the neck increases the defect popula-
tion, specifically vacancies, which limit dislocation movement
and strengthen the polymer within the neck significantly more
that the strength of the regions adjacent to the neck.
(c) Plastic deformation results in broken covalent bonds which then
re-form as cross-links thereby increasing the polymer strength
beyond the strength of the regions adjacent to the neck.
(d) Grain refinement within the necked region increases the strength
through grain size reduction significantly more than the
strength of the regions adjacent to the neck.","Which of the following is the best explanation for the continued load
bearing following necking that can be observed in some thermoplastic
polymers?
 An hypothetical ceramic has the sodium chloride crystal structure.
The anion and cation radii are 0.199 nm and 0.101 nm, respectively.
The anion and cation molar masses are 25.29 g/mol and 45.45 g/mol, respectively. (a) Chain orientation within the locally deformed region increases
the polymer strength beyond the strength of the regions adja-
cent to the neck.
(b) Localized deformation in the neck increases the defect popula-
tion, specifically vacancies, which limit dislocation movement
and strengthen the polymer within the neck significantly more
that the strength of the regions adjacent to the neck.
(c) Plastic deformation results in broken covalent bonds which then
re-form as cross-links thereby increasing the polymer strength
beyond the strength of the regions adjacent to the neck.
(d) Grain refinement within the necked region increases the strength
through grain size reduction significantly more than the
strength of the regions adjacent to the neck.","Which of the following is the best explanation for the continued load
bearing following necking that can be observed in some thermoplastic
polymers?
 Which of the following statements is/are correct?
1. (a) Chain orientation within the locally deformed region increases
the polymer strength beyond the strength of the regions adja-
cent to the neck.
(b) Localized deformation in the neck increases the defect popula-
tion, specifically vacancies, which limit dislocation movement
and strengthen the polymer within the neck significantly more
that the strength of the regions adjacent to the neck.
(c) Plastic deformation results in broken covalent bonds which then
re-form as cross-links thereby increasing the polymer strength
beyond the strength of the regions adjacent to the neck.
(d) Grain refinement within the necked region increases the strength
through grain size reduction significantly more than the
strength of the regions adjacent to the neck."
"A rectangular cross-section tensile specimen is loaded by a tensile
load of 143680 N. The unloaded gauge length is 573 mm, and the
width and thickness of the reduced section are 12 mm and 6 mm,
respectively, and the length of the reduced section is 600 mm. Under
this load the guage length elongates elastically by 24 mm. Which of
the following is the correct Young's modulus for this material?
(a) 0.0 GPa
(b) 95287.8 GPa
(c) 47.6 GPa
(d) 49.9 GPa",Original,Hard,c,4,"A rectangular cross-section tensile specimen is loaded by a tensile
load of 143680000 mN. The unloaded gauge length is 0.5730 m, and the
width and thickness of the reduced section are 0.0120 m and 0.60 cm,
respectively, and the length of the reduced section is 0.6000 m. Under
this load the guage length elongates elastically by 24000000000 pm. Which of
the following is the correct Young's modulus for this material?
(a) 0 kPa
(b) 95287800000 kPa
(c) 0.047600 MPa
(d) 0.049900 MPa","A rectangular cross-section tensile specimen is loaded by a tensile
load of 143680000 mN. The unloaded gauge length is 573000000 nm, and the
width and thickness of the reduced section are 1.20 cm and 0.0060 m,
respectively, and the length of the reduced section is 0.6000 m. Under
this load the guage length elongates elastically by 24000000 nm. Which of
the following is the correct Young's modulus for this material?
(a) 0 GPa
(b) 95288 GPa
(c) 0.047600 MPa
(d) 0.049900 MPa","A rectangular cross-section tensile specimen is loaded by a tensile
load of 143680 N. The unloaded gauge length is 0.5730 m, and the
width and thickness of the reduced section are 12000000000 pm and 0.0060 m,
respectively, and the length of the reduced section is 600000000000 pm. Under
this load the guage length elongates elastically by 0.0240 m. Which of
the following is the correct Young's modulus for this material?
(a) 0.000000 MPa
(b) 95287800000 kPa
(c) 47600000000 Pa
(d) 0.049900 MPa","A rectangular cross-section tensile specimen is loaded by a tensile
load of 143680 N. Which of
the following is the correct Young's modulus for this material?
 Under
this load the guage length elongates elastically by 24 mm. The unloaded gauge length is 573 mm, and the
width and thickness of the reduced section are 12 mm and 6 mm,
respectively, and the length of the reduced section is 600 mm.(a) 0.0 GPa
(b) 95287.8 GPa
(c) 47.6 GPa
(d) 49.9 GPa","A rectangular cross-section tensile specimen is loaded by a tensile
load of 143680 N. The unloaded gauge length is 573 mm, and the
width and thickness of the reduced section are 12 mm and 6 mm,
respectively, and the length of the reduced section is 600 mm. Under
this load the guage length elongates elastically by 24 mm. Which of
the following is the correct Young's modulus for this material?
(a) 0.0 GPa
(b) 95287.8 GPa
(c) 47.6 GPa
(d) 49.9 GPa","A rectangular cross-section tensile specimen is loaded by a tensile
load of 143680 N. Which of
the following is the correct Young's modulus for this material?
 Under
this load the guage length elongates elastically by 24 mm. The unloaded gauge length is 573 mm, and the
width and thickness of the reduced section are 12 mm and 6 mm,
respectively, and the length of the reduced section is 600 mm.(a) 0.0 GPa
(b) 95287.8 GPa
(c) 47.6 GPa
(d) 49.9 GPa","A rectangular cross-section tensile specimen is loadedin tension of 143680 N. The unloaded gauge length is 573 mm, and the
width and thickness of the reduced section are 12 mm and 6 mm,
respectively, and the length of the reduced section is 600 mm. Under
this load the guage length elongates elastically by 24 mm. Which of
the following is the correct Young's modulus for this material?
(a) 0.0 GPa
(b) 95287.8 GPa
(c) 47.6 GPa
(d) 49.9 GPa","One morning, the mothers and fathers were ready as usual in the main square of Four Houses waiting for the red bus. But this was no ordinary day, for the red bus was twenty minutes late. Very slowly, he came chugging along but once he got to the square he collapsed from exhaustion. There was no way he could take the children to school today. Then the teacher asked: A rectangular cross-section tensile specimen is loaded by a tensile
load of 143680 N. The unloaded gauge length is 573 mm, and the
width and thickness of the reduced section are 12 mm and 6 mm,
respectively, and the length of the reduced section is 600 mm. Under
this load the guage length elongates elastically by 24 mm. Which of
the following is the correct Young's modulus for this material?
(a) 0.0 GPa
(b) 95287.8 GPa
(c) 47.6 GPa
(d) 49.9 GPa","A rectangular cross-section tensile specimen is loaded by a tensile
load of 143680 N. Two 1 m lengths of a woven polypropylene rope having a glass transition temperature of -20 C are loaded in tension for 8 months. The unloaded gauge length is 573 mm, and the
width and thickness of the reduced section are 12 mm and 6 mm,
respectively, and the length of the reduced section is 600 mm. Under
this load the guage length elongates elastically by 24 mm. Which of
the following is the correct Young's modulus for this material?
 (a) 0.0 GPa
(b) 95287.8 GPa
(c) 47.6 GPa
(d) 49.9 GPa","A rectangular cross-section tensile specimen is loaded by a tensile
load of 143680 N. The unloaded gauge length is 573 mm, and the
width and thickness of the reduced section are 12 mm and 6 mm,
respectively, and the length of the reduced section is 600 mm. The unloaded gauge length is 573 mm, and the
width and thickness of the reduced section are 12 mm and 6 mm,
respectively, and the length of the reduced section is 600 mm. Under
this load the guage length elongates elastically by 24 mm. Which of
the following is the correct Young's modulus for this material?
 (a) 0.0 GPa
(b) 95287.8 GPa
(c) 47.6 GPa
(d) 49.9 GPa","A rectangular cross-section tensile specimen is loaded by a tensile
load of 143680 N. Assuming 3582 g of water vapour per hour in the
furnace exhaust gases at 218 C is condensed and cooled to 26 C, how
much heating power is contributed through the condensation process?
The molar mass of water is 18.015 g/mol, the enthalpy of fusion is
6.01 kJ/mol, the enthalpy of vaporization is 40.7 kJ/mol, and the
molar heat capacity of the gas, liquid, and solid are 36.4 J/mol*K,
75.3 J/mol*K, and 37.7 J/mol*K, respectively. The unloaded gauge length is 573 mm, and the
width and thickness of the reduced section are 12 mm and 6 mm,
respectively, and the length of the reduced section is 600 mm. Under
this load the guage length elongates elastically by 24 mm. Which of
the following is the correct Young's modulus for this material?
 (a) 0.0 GPa
(b) 95287.8 GPa
(c) 47.6 GPa
(d) 49.9 GPa"
"Which of the following is the correct coordination number for the
octahedral interstitial sites within the HCP crystal structure?
(a) 12
(b) 4
(c) 6
(d) 8",Original,Easy,c,4,"Which of the following is the correct coordination number for the
octahedral interstitial sites within the HCP crystal structure?
(a) 12
(b) 4
(c) 6
(d) 8","Which of the following is the correct coordination number for the
octahedral interstitial sites within the HCP crystal structure?
(a) 12
(b) 4
(c) 6
(d) 8","Which of the following is the correct coordination number for the
octahedral interstitial sites within the HCP crystal structure?
(a) 12
(b) 4
(c) 6
(d) 8","Which of the following is the correct coordination number for the
octahedral interstitial sites within the HCP crystal structure?
(a) 12
(b) 4
(c) 6
(d) 8","Which of the following is the correct coordination number for the
octahedral interstitial sites within the HCP crystal structure?
(a) 12
(b) 4
(c) 6
(d) 8","Which of the following is the correct coordination number for the
octahedral interstitial sites within the HCP crystal structure?
(a) 12
(b) 4
(c) 6
(d) 8","Which of the following is the correct coordination number for the
octahedral interstitial sites within the Hexagonal tightly packed crystal structure?
(a) 12
(b) 4
(c) 6
(d) 8","One morning, the mothers and fathers were ready as usual in the main square of Four Houses waiting for the red bus. But this was no ordinary day, for the red bus was twenty minutes late. Very slowly, he came chugging along but once he got to the square he collapsed from exhaustion. There was no way he could take the children to school today. Then the teacher asked: Which of the following is the correct coordination number for the
octahedral interstitial sites within the HCP crystal structure?
(a) 12
(b) 4
(c) 6
(d) 8","Which of the following is the correct coordination number for the
octahedral interstitial sites within the HCP crystal structure?
 If both samples are loaded by a force
of 1600 N and sample A elongates by 535 mm, what will be the
elongation of sample B?
 (a) 12
(b) 4
(c) 6
(d) 8","Which of the following is the correct coordination number for the
octahedral interstitial sites within the HCP crystal structure?
 Which of the following is a reasonable justification for the use of the
0.2% offset yield strength?
 (a) 12
(b) 4
(c) 6
(d) 8","Which of the following is the correct coordination number for the
octahedral interstitial sites within the HCP crystal structure?
 The sample is then completely unloaded and is observed
to recover elastically by 0.89 mm. (a) 12
(b) 4
(c) 6
(d) 8"
"An hypothetical metal having the BCC crystal structure is being
studied. What is the coordination number of an atom at the surface
of an exposed close-packed plane?
(a) There are no close-packed planes within BCC
(b) 8
(c) 7
(d) 6",Original,Easy,a,4,"An hypothetical metal having the BCC crystal structure is being
studied. What is the coordination number of an atom at the surface
of an exposed close-packed plane?
(a) There are no close-packed planes within BCC
(b) 8
(c) 7
(d) 6","An hypothetical metal having the BCC crystal structure is being
studied. What is the coordination number of an atom at the surface
of an exposed close-packed plane?
(a) There are no close-packed planes within BCC
(b) 8
(c) 7
(d) 6","An hypothetical metal having the BCC crystal structure is being
studied. What is the coordination number of an atom at the surface
of an exposed close-packed plane?
(a) There are no close-packed planes within BCC
(b) 8
(c) 7
(d) 6","What is the coordination number of an atom at the surface
of an exposed close-packed plane?
 An hypothetical metal having the BCC crystal structure is being
studied.(a) There are no close-packed planes within BCC
(b) 8
(c) 7
(d) 6","What is the coordination number of an atom at the surface
of an exposed close-packed plane?
 An hypothetical metal having the BCC crystal structure is being
studied.(a) There are no close-packed planes within BCC
(b) 8
(c) 7
(d) 6","What is the coordination number of an atom at the surface
of an exposed close-packed plane?
 An hypothetical metal having the BCC crystal structure is being
studied.(a) There are no close-packed planes within BCC
(b) 8
(c) 7
(d) 6","An hypothetical metal having the body-centered-cubic crystal structure is being
studied. What is the coordination number of an atom at the surface
of an exposed close-packed plane?
(a) There are no close-packed planes within body-centered-cubic
(b) 8
(c) 7
(d) 6","One morning, the mothers and fathers were ready as usual in the main square of Four Houses waiting for the red bus. But this was no ordinary day, for the red bus was twenty minutes late. Very slowly, he came chugging along but once he got to the square he collapsed from exhaustion. There was no way he could take the children to school today. Then the teacher asked: An hypothetical metal having the BCC crystal structure is being
studied. What is the coordination number of an atom at the surface
of an exposed close-packed plane?
(a) There are no close-packed planes within BCC
(b) 8
(c) 7
(d) 6","An hypothetical metal having the BCC crystal structure is being
studied. An 80 kg person must stand at the mid-span of a concrete beam
supported on either end. What is the coordination number of an atom at the surface
of an exposed close-packed plane?
 (a) There are no close-packed planes within BCC
(b) 8
(c) 7
(d) 6","An hypothetical metal having the BCC crystal structure is being
studied. Increasing the dislocation density in a metal through plastic
deformation will increase the yield strength of the metal.
4. What is the coordination number of an atom at the surface
of an exposed close-packed plane?
 (a) There are no close-packed planes within BCC
(b) 8
(c) 7
(d) 6","An hypothetical metal having the BCC crystal structure is being
studied. Increasing the dislocation density in a metal through plastic
deformation will increase the yield strength of the metal.
4. What is the coordination number of an atom at the surface
of an exposed close-packed plane?
 (a) There are no close-packed planes within BCC
(b) 8
(c) 7
(d) 6"
"A rectangular cross-section ceramic beam is loaded in 3-point bending
by a force of 19.203 kN, resulting in a peak stress on the lower surface
of the beam of 145 MPa. The beam has a width of 118 mm and a
thickness of 35 mm. Which of the following is the span of this beam?
(a) 727.655 m
(b) 1637.225 m
(c) 2453.238 m
(d) 1091.483 m",Original,Hard,a,4,"A rectangular cross-section ceramic beam is loaded in 3-point bending
by a force of 0.019203 MN, resulting in a peak stress on the lower surface
of the beam of 145000 kPa. The beam has a width of 0.1180 m and a
thickness of 0.0350 m. Which of the following is the span of this beam?
(a) 72765.50 cm
(b) 1637.225 m
(c) 2453238000000000 pm
(d) 1091.483 m","A rectangular cross-section ceramic beam is loaded in 3-point bending
by a force of 19203 N, resulting in a peak stress on the lower surface
of the beam of 145 MPa. The beam has a width of 118000000 nm and a
thickness of 3.50 cm. Which of the following is the span of this beam?
(a) 72765.50 cm
(b) 1637225000000000 pm
(c) 2453.238 m
(d) 1091483000000 nm","A rectangular cross-section ceramic beam is loaded in 3-point bending
by a force of 19203 N, resulting in a peak stress on the lower surface
of the beam of 145000000 Pa. The beam has a width of 118000000 nm and a
thickness of 35000000000 pm. Which of the following is the span of this beam?
(a) 72765.50 cm
(b) 1637.225 m
(c) 2453.238 m
(d) 1091483000000000 pm","The beam has a width of 118 mm and a
thickness of 35 mm. A rectangular cross-section ceramic beam is loaded in 3-point bending
by a force of 19.203 kN, resulting in a peak stress on the lower surface
of the beam of 145 MPa. Which of the following is the span of this beam?
(a) 727.655 m
(b) 1637.225 m
(c) 2453.238 m
(d) 1091.483 m","Which of the following is the span of this beam?
 The beam has a width of 118 mm and a
thickness of 35 mm. A rectangular cross-section ceramic beam is loaded in 3-point bending
by a force of 19.203 kN, resulting in a peak stress on the lower surface
of the beam of 145 MPa.(a) 727.655 m
(b) 1637.225 m
(c) 2453.238 m
(d) 1091.483 m","A rectangular cross-section ceramic beam is loaded in 3-point bending
by a force of 19.203 kN, resulting in a peak stress on the lower surface
of the beam of 145 MPa. The beam has a width of 118 mm and a
thickness of 35 mm. Which of the following is the span of this beam?
(a) 727.655 m
(b) 1637.225 m
(c) 2453.238 m
(d) 1091.483 m","A rectangular cross-section ceramic beam is loaded in 3-point bending
by a load of 19.203 kN, resulting in a peak stress on the lower surface
of the beam of 145 MPa. The beam has a width of 118 mm and a
thickness of 35 mm. Which of the following is the length of this beam?
(a) 727.655 m
(b) 1637.225 m
(c) 2453.238 m
(d) 1091.483 m","One morning, the mothers and fathers were ready as usual in the main square of Four Houses waiting for the red bus. But this was no ordinary day, for the red bus was twenty minutes late. Very slowly, he came chugging along but once he got to the square he collapsed from exhaustion. There was no way he could take the children to school today. Then the teacher asked: A rectangular cross-section ceramic beam is loaded in 3-point bending
by a force of 19.203 kN, resulting in a peak stress on the lower surface
of the beam of 145 MPa. The beam has a width of 118 mm and a
thickness of 35 mm. Which of the following is the span of this beam?
(a) 727.655 m
(b) 1637.225 m
(c) 2453.238 m
(d) 1091.483 m","A rectangular cross-section ceramic beam is loaded in 3-point bending
by a force of 19.203 kN, resulting in a peak stress on the lower surface
of the beam of 145 MPa. The thermal energy within a polymer near room temperature is
comparable to the intermolecular bonding energy and therefore
the strength of a polymer tends to change significantly with
small chagnes in temperature near room temperature.
4. The beam has a width of 118 mm and a
thickness of 35 mm. Which of the following is the span of this beam?
 (a) 727.655 m
(b) 1637.225 m
(c) 2453.238 m
(d) 1091.483 m","A rectangular cross-section ceramic beam is loaded in 3-point bending
by a force of 19.203 kN, resulting in a peak stress on the lower surface
of the beam of 145 MPa. The yield strength and ultimate tensile strength of this
specific alloy are 292.0 MPa and 688.0 MPa, respectively.
 The beam has a width of 118 mm and a
thickness of 35 mm. Which of the following is the span of this beam?
 (a) 727.655 m
(b) 1637.225 m
(c) 2453.238 m
(d) 1091.483 m","A rectangular cross-section ceramic beam is loaded in 3-point bending
by a force of 19.203 kN, resulting in a peak stress on the lower surface
of the beam of 145 MPa. Increasing the extent of cross-linking within a polymer would
generally be expected to decrease the strength of that polymer.
2. The beam has a width of 118 mm and a
thickness of 35 mm. Which of the following is the span of this beam?
 (a) 727.655 m
(b) 1637.225 m
(c) 2453.238 m
(d) 1091.483 m"
"An hypothetical ceramic having the rock salt crystal structure is being
studied. A close-packed plane of anions is exposed along a surface.
What is the ratio of cations having centres residing on this plane to
anions having centres residing on this plane?
(a) 0.5
(b) 0
(c) 2
(d) 1",Original,Medium,b,4,"An hypothetical ceramic having the rock salt crystal structure is being
studied. A close-packed plane of anions is exposed along a surface.
What is the ratio of cations having centres residing on this plane to
anions having centres residing on this plane?
(a) 0.5
(b) 0
(c) 2
(d) 1","An hypothetical ceramic having the rock salt crystal structure is being
studied. A close-packed plane of anions is exposed along a surface.
What is the ratio of cations having centres residing on this plane to
anions having centres residing on this plane?
(a) 0.5
(b) 0
(c) 2
(d) 1","An hypothetical ceramic having the rock salt crystal structure is being
studied. A close-packed plane of anions is exposed along a surface.
What is the ratio of cations having centres residing on this plane to
anions having centres residing on this plane?
(a) 0.5
(b) 0
(c) 2
(d) 1","A close-packed plane of anions is exposed along a surface.
What is the ratio of cations having centres residing on this plane to
anions having centres residing on this plane?
 An hypothetical ceramic having the rock salt crystal structure is being
studied.(a) 0.5
(b) 0
(c) 2
(d) 1","An hypothetical ceramic having the rock salt crystal structure is being
studied. A close-packed plane of anions is exposed along a surface.
What is the ratio of cations having centres residing on this plane to
anions having centres residing on this plane?
(a) 0.5
(b) 0
(c) 2
(d) 1","A close-packed plane of anions is exposed along a surface.
What is the ratio of cations having centres residing on this plane to
anions having centres residing on this plane?
 An hypothetical ceramic having the rock salt crystal structure is being
studied.(a) 0.5
(b) 0
(c) 2
(d) 1","An theoretical ceramic material having the NaCl crystal structure is being
studied. A close-packed plane of anions is exposed along a surface.
What is the ratio of cations having centres residing on this plane to
anions having centres residing on this plane?
(a) 0.5
(b) 0
(c) 2
(d) 1","One morning, the mothers and fathers were ready as usual in the main square of Four Houses waiting for the red bus. But this was no ordinary day, for the red bus was twenty minutes late. Very slowly, he came chugging along but once he got to the square he collapsed from exhaustion. There was no way he could take the children to school today. Then the teacher asked: An hypothetical ceramic having the rock salt crystal structure is being
studied. A close-packed plane of anions is exposed along a surface.
What is the ratio of cations having centres residing on this plane to
anions having centres residing on this plane?
(a) 0.5
(b) 0
(c) 2
(d) 1","An hypothetical ceramic having the rock salt crystal structure is being
studied. The beam has a width of 118 mm and a
thickness of 35 mm. A close-packed plane of anions is exposed along a surface.
What is the ratio of cations having centres residing on this plane to
anions having centres residing on this plane?
 (a) 0.5
(b) 0
(c) 2
(d) 1","An hypothetical ceramic having the rock salt crystal structure is being
studied. An 80 kg person must stand at the mid-span of a concrete beam
supported on either end. A close-packed plane of anions is exposed along a surface.
What is the ratio of cations having centres residing on this plane to
anions having centres residing on this plane?
 (a) 0.5
(b) 0
(c) 2
(d) 1","An hypothetical ceramic having the rock salt crystal structure is being
studied. Which of the following statements is/are correct?
1. A close-packed plane of anions is exposed along a surface.
What is the ratio of cations having centres residing on this plane to
anions having centres residing on this plane?
 (a) 0.5
(b) 0
(c) 2
(d) 1"
"Which general class of material has a Young's modulus that is roughly
one hundred times less than that of the metals?
(a) Polymers
(b) None of these
(c) Ceramics
(d) Composites",Original,Easy,a,4,"Which general class of material has a Young's modulus that is roughly
one hundred times less than that of the metals?
(a) Polymers
(b) None of these
(c) Ceramics
(d) Composites","Which general class of material has a Young's modulus that is roughly
one hundred times less than that of the metals?
(a) Polymers
(b) None of these
(c) Ceramics
(d) Composites","Which general class of material has a Young's modulus that is roughly
one hundred times less than that of the metals?
(a) Polymers
(b) None of these
(c) Ceramics
(d) Composites","Which general class of material has a Young's modulus that is roughly
one hundred times less than that of the metals?
(a) Polymers
(b) None of these
(c) Ceramics
(d) Composites","Which general class of material has a Young's modulus that is roughly
one hundred times less than that of the metals?
(a) Polymers
(b) None of these
(c) Ceramics
(d) Composites","Which general class of material has a Young's modulus that is roughly
one hundred times less than that of the metals?
(a) Polymers
(b) None of these
(c) Ceramics
(d) Composites","Which general type of material has a Young's modulus that is roughly
100 times less than that of the metals?
(a) Polymers
(b) None of these
(c) Ceramics
(d) Composites","One morning, the mothers and fathers were ready as usual in the main square of Four Houses waiting for the red bus. But this was no ordinary day, for the red bus was twenty minutes late. Very slowly, he came chugging along but once he got to the square he collapsed from exhaustion. There was no way he could take the children to school today. Then the teacher asked: Which general class of material has a Young's modulus that is roughly
one hundred times less than that of the metals?
(a) Polymers
(b) None of these
(c) Ceramics
(d) Composites","Which general class of material has a Young's modulus that is roughly
one hundred times less than that of the metals?
 The anion and cation molar masses are 28.57 g/mol and 34.4 g/mol, respectively. (a) Polymers
(b) None of these
(c) Ceramics
(d) Composites","Which general class of material has a Young's modulus that is roughly
one hundred times less than that of the metals?
 Two 1 m lengths of a woven polypropylene rope having a glass transition temperature of -20 C are loaded in tension for 8 months. (a) Polymers
(b) None of these
(c) Ceramics
(d) Composites","Which general class of material has a Young's modulus that is roughly
one hundred times less than that of the metals?
 The yield strength and ultimate tensile strength of this
specific alloy are 292.0 MPa and 688.0 MPa, respectively.
 (a) Polymers
(b) None of these
(c) Ceramics
(d) Composites"
"An hypothetical metal having the HCP crystal structure is being
studied. What is the coordination number of an atom at the surface
of an exposed close-packed plane?
(a) Eleven
(b) Nine
(c) Five
(d) Twelve",Original,Medium,b,4,"An hypothetical metal having the HCP crystal structure is being
studied. What is the coordination number of an atom at the surface
of an exposed close-packed plane?
(a) Eleven
(b) Nine
(c) Five
(d) Twelve","An hypothetical metal having the HCP crystal structure is being
studied. What is the coordination number of an atom at the surface
of an exposed close-packed plane?
(a) Eleven
(b) Nine
(c) Five
(d) Twelve","An hypothetical metal having the HCP crystal structure is being
studied. What is the coordination number of an atom at the surface
of an exposed close-packed plane?
(a) Eleven
(b) Nine
(c) Five
(d) Twelve","What is the coordination number of an atom at the surface
of an exposed close-packed plane?
 An hypothetical metal having the HCP crystal structure is being
studied.(a) Eleven
(b) Nine
(c) Five
(d) Twelve","What is the coordination number of an atom at the surface
of an exposed close-packed plane?
 An hypothetical metal having the HCP crystal structure is being
studied.(a) Eleven
(b) Nine
(c) Five
(d) Twelve","What is the coordination number of an atom at the surface
of an exposed close-packed plane?
 An hypothetical metal having the HCP crystal structure is being
studied.(a) Eleven
(b) Nine
(c) Five
(d) Twelve","An hypothetical metal having the Hexagonal tightly packed crystal structure is being
studied. What is the coordination number of an atom at the surface
of an exposed close-packed plane?
(a) Eleven
(b) Nine
(c) Five
(d) Twelve","One morning, the mothers and fathers were ready as usual in the main square of Four Houses waiting for the red bus. But this was no ordinary day, for the red bus was twenty minutes late. Very slowly, he came chugging along but once he got to the square he collapsed from exhaustion. There was no way he could take the children to school today. Then the teacher asked: An hypothetical metal having the HCP crystal structure is being
studied. What is the coordination number of an atom at the surface
of an exposed close-packed plane?
(a) Eleven
(b) Nine
(c) Five
(d) Twelve","An hypothetical metal having the HCP crystal structure is being
studied. An 80 kg person must stand at the mid-span of a concrete beam
supported on either end. What is the coordination number of an atom at the surface
of an exposed close-packed plane?
 (a) Eleven
(b) Nine
(c) Five
(d) Twelve","An hypothetical metal having the HCP crystal structure is being
studied. An hypothetical metal has an atomic radius of 323 nm and has the
HCP crystal structure with c/a = 1.624. What is the coordination number of an atom at the surface
of an exposed close-packed plane?
 (a) Eleven
(b) Nine
(c) Five
(d) Twelve","An hypothetical metal having the HCP crystal structure is being
studied. A theoretical (non-degenerate) system at absolute zero of temperature would have all particles existing in the lowest possible
energy states.
2. What is the coordination number of an atom at the surface
of an exposed close-packed plane?
 (a) Eleven
(b) Nine
(c) Five
(d) Twelve"
"The temperature of a sample of an HCP metal is changed, resulting
in a transformation of the crystal structure to FCC. Which of the
following is the volume change that accompanies this phase change?
(a) 9% increase in volume
(b) No change
(c) 6% increase in volume
(d) 6% decrease in volume",Original,Medium,b,4,"The temperature of a sample of an HCP metal is changed, resulting
in a transformation of the crystal structure to FCC. Which of the
following is the volume change that accompanies this phase change?
(a) 9% increase in volume
(b) No change
(c) 6% increase in volume
(d) 6% decrease in volume","The temperature of a sample of an HCP metal is changed, resulting
in a transformation of the crystal structure to FCC. Which of the
following is the volume change that accompanies this phase change?
(a) 9% increase in volume
(b) No change
(c) 6% increase in volume
(d) 6% decrease in volume","The temperature of a sample of an HCP metal is changed, resulting
in a transformation of the crystal structure to FCC. Which of the
following is the volume change that accompanies this phase change?
(a) 9% increase in volume
(b) No change
(c) 6% increase in volume
(d) 6% decrease in volume","The temperature of a sample of an HCP metal is changed, resulting
in a transformation of the crystal structure to FCC. Which of the
following is the volume change that accompanies this phase change?
(a) 9% increase in volume
(b) No change
(c) 6% increase in volume
(d) 6% decrease in volume","Which of the
following is the volume change that accompanies this phase change?
 The temperature of a sample of an HCP metal is changed, resulting
in a transformation of the crystal structure to FCC.(a) 9% increase in volume
(b) No change
(c) 6% increase in volume
(d) 6% decrease in volume","The temperature of a sample of an HCP metal is changed, resulting
in a transformation of the crystal structure to FCC. Which of the
following is the volume change that accompanies this phase change?
(a) 9% increase in volume
(b) No change
(c) 6% increase in volume
(d) 6% decrease in volume","The temperature of a sample of an Hexagonal tightly packed metal is changed, resulting
in a transformation of the crystal structure to face-centered-cubic. Which of the
following is the volume change that accompanies this phase change?
(a) 9% increase in volume
(b) No change
(c) 6% increase in volume
(d) 6% decrease in volume","One morning, the mothers and fathers were ready as usual in the main square of Four Houses waiting for the red bus. But this was no ordinary day, for the red bus was twenty minutes late. Very slowly, he came chugging along but once he got to the square he collapsed from exhaustion. There was no way he could take the children to school today. Then the teacher asked: The temperature of a sample of an HCP metal is changed, resulting
in a transformation of the crystal structure to FCC. Which of the
following is the volume change that accompanies this phase change?
(a) 9% increase in volume
(b) No change
(c) 6% increase in volume
(d) 6% decrease in volume","The temperature of a sample of an HCP metal is changed, resulting
in a transformation of the crystal structure to FCC. A paper you are reading states that a newly developed ceramic material was determined to
have strengths of 450 MPa and 1020 MPa. Which of the
following is the volume change that accompanies this phase change?
 (a) 9% increase in volume
(b) No change
(c) 6% increase in volume
(d) 6% decrease in volume","The temperature of a sample of an HCP metal is changed, resulting
in a transformation of the crystal structure to FCC. The tetrahedral interstitial site has a coordination number of 4.
2. Which of the
following is the volume change that accompanies this phase change?
 (a) 9% increase in volume
(b) No change
(c) 6% increase in volume
(d) 6% decrease in volume","The temperature of a sample of an HCP metal is changed, resulting
in a transformation of the crystal structure to FCC. The change in length
from the loaded length to the final unloaded length is measured to be
0.33 mm. Which of the
following is the volume change that accompanies this phase change?
 (a) 9% increase in volume
(b) No change
(c) 6% increase in volume
(d) 6% decrease in volume"
"A cylindrical cross-section rod is loaded along its long axis with a
tensile load of 7276.617 N. The rod has an initial length of 389 cm,
a radius of 21 cm and is made from a hypothetical metal having a
Young's modulus of 178 GPa. Which of the following is the correct
elongation for these conditions, assuming only elastic deformation?
(a) 1.148 mm
(b) 0.0 m
(c) 0.001 mm
(d) 11.484 mm",Original,Hard,c,4,"A cylindrical cross-section rod is loaded along its long axis with a
tensile load of 0.007277 MN. The rod has an initial length of 3890.00 mm,
a radius of 210000000 nm and is made from a hypothetical metal having a
Young's modulus of 178000000 kPa. Which of the following is the correct
elongation for these conditions, assuming only elastic deformation?
(a) 1148000000 pm
(b) 0.0 m
(c) 0.001 mm
(d) 11484000000 pm","A cylindrical cross-section rod is loaded along its long axis with a
tensile load of 7.276617 kN. The rod has an initial length of 3.8900 m,
a radius of 0.2100 m and is made from a hypothetical metal having a
Young's modulus of 178 GPa. Which of the following is the correct
elongation for these conditions, assuming only elastic deformation?
(a) 0.0011 m
(b) 0.0 m
(c) 0.001 mm
(d) 11484000000 pm","A cylindrical cross-section rod is loaded along its long axis with a
tensile load of 7.276617 kN. The rod has an initial length of 3.8900 m,
a radius of 0.2100 m and is made from a hypothetical metal having a
Young's modulus of 178 GPa. Which of the following is the correct
elongation for these conditions, assuming only elastic deformation?
(a) 1.148 mm
(b) 0 pm
(c) 0.0000 m
(d) 11.484 mm","A cylindrical cross-section rod is loaded along its long axis with a
tensile load of 7276.617 N. Which of the following is the correct
elongation for these conditions, assuming only elastic deformation?
 The rod has an initial length of 389 cm,
a radius of 21 cm and is made from a hypothetical metal having a
Young's modulus of 178 GPa.(a) 1.148 mm
(b) 0.0 m
(c) 0.001 mm
(d) 11.484 mm","The rod has an initial length of 389 cm,
a radius of 21 cm and is made from a hypothetical metal having a
Young's modulus of 178 GPa. Which of the following is the correct
elongation for these conditions, assuming only elastic deformation?
 A cylindrical cross-section rod is loaded along its long axis with a
tensile load of 7276.617 N.(a) 1.148 mm
(b) 0.0 m
(c) 0.001 mm
(d) 11.484 mm","Which of the following is the correct
elongation for these conditions, assuming only elastic deformation?
 A cylindrical cross-section rod is loaded along its long axis with a
tensile load of 7276.617 N. The rod has an initial length of 389 cm,
a radius of 21 cm and is made from a hypothetical metal having a
Young's modulus of 178 GPa.(a) 1.148 mm
(b) 0.0 m
(c) 0.001 mm
(d) 11.484 mm","A cylindrical cross-section bar is loaded along its long axis with 7276.617 N of tension. The rod has an initial length of 389 cm,
a radius of 21 cm and is made from a hypothetical metallic material having a
Young's modulus of 178 GPa. Which of the following is the correct
elongation for these conditions, assuming only elastic deformation?
(a) 1.148 mm
(b) 0.0 m
(c) 0.001 mm
(d) 11.484 mm","One morning, the mothers and fathers were ready as usual in the main square of Four Houses waiting for the red bus. But this was no ordinary day, for the red bus was twenty minutes late. Very slowly, he came chugging along but once he got to the square he collapsed from exhaustion. There was no way he could take the children to school today. Then the teacher asked: A cylindrical cross-section rod is loaded along its long axis with a
tensile load of 7276.617 N. The rod has an initial length of 389 cm,
a radius of 21 cm and is made from a hypothetical metal having a
Young's modulus of 178 GPa. Which of the following is the correct
elongation for these conditions, assuming only elastic deformation?
(a) 1.148 mm
(b) 0.0 m
(c) 0.001 mm
(d) 11.484 mm","A cylindrical cross-section rod is loaded along its long axis with a
tensile load of 7276.617 N. Sample A has a diameter of 16.9 mm while sample
B has a diameter of 40.6 mm. The rod has an initial length of 389 cm,
a radius of 21 cm and is made from a hypothetical metal having a
Young's modulus of 178 GPa. Which of the following is the correct
elongation for these conditions, assuming only elastic deformation?
 (a) 1.148 mm
(b) 0.0 m
(c) 0.001 mm
(d) 11.484 mm","A cylindrical cross-section rod is loaded along its long axis with a
tensile load of 7276.617 N. In the iron carbon system, the maximum solid solubility of carbon in
ferrite occurs at 0.022 wt%C and 727 C, the eutectoid composition
is 0.76 wt%C, the eutectoid temperature is 727 C and the cementite
composition is 6.7 wt%C. The rod has an initial length of 389 cm,
a radius of 21 cm and is made from a hypothetical metal having a
Young's modulus of 178 GPa. Which of the following is the correct
elongation for these conditions, assuming only elastic deformation?
 (a) 1.148 mm
(b) 0.0 m
(c) 0.001 mm
(d) 11.484 mm","A cylindrical cross-section rod is loaded along its long axis with a
tensile load of 7276.617 N. A cylindrical sample of stainless steel having a Young's modulus of
204.3 GPa, a diameter of 12.0 mm, and initial length of 237.8 mm
is loaded to a stress of 411.5 MPa. The rod has an initial length of 389 cm,
a radius of 21 cm and is made from a hypothetical metal having a
Young's modulus of 178 GPa. Which of the following is the correct
elongation for these conditions, assuming only elastic deformation?
 (a) 1.148 mm
(b) 0.0 m
(c) 0.001 mm
(d) 11.484 mm"
"Two identically sized panels of glass are produced, one thermally
tempered and one chemically tempered. The ion replacement process
in the chemically tempered glass results in three times the residual

compressive stresses on the outer surfaces compared with the ther-
mally tempered glass. If the thermally tempered glass has a bending

strength of 100 MPa, which of the following is most likely to be close
to the bending strength of the chemically tempered glass?
(a) 300 MPa
(b) 30 MPa
(c) 10 MPa
(d) 100 MPa",Original,Medium,a,4,"Two identically sized panels of glass are produced, one thermally
tempered and one chemically tempered. The ion replacement process
in the chemically tempered glass results in three times the residual

compressive stresses on the outer surfaces compared with the ther-
mally tempered glass. If the thermally tempered glass has a bending

strength of 100000 kPa, which of the following is most likely to be close
to the bending strength of the chemically tempered glass?
(a) 300000 kPa
(b) 30 MPa
(c) 10 MPa
(d) 100 MPa","Two identically sized panels of glass are produced, one thermally
tempered and one chemically tempered. The ion replacement process
in the chemically tempered glass results in three times the residual

compressive stresses on the outer surfaces compared with the ther-
mally tempered glass. If the thermally tempered glass has a bending

strength of 0.100000 GPa, which of the following is most likely to be close
to the bending strength of the chemically tempered glass?
(a) 0.300000 GPa
(b) 30000 kPa
(c) 10000000 Pa
(d) 100 MPa","Two identically sized panels of glass are produced, one thermally
tempered and one chemically tempered. The ion replacement process
in the chemically tempered glass results in three times the residual

compressive stresses on the outer surfaces compared with the ther-
mally tempered glass. If the thermally tempered glass has a bending

strength of 0.100000 GPa, which of the following is most likely to be close
to the bending strength of the chemically tempered glass?
(a) 300000 kPa
(b) 30 MPa
(c) 10 MPa
(d) 0.100000 GPa","The ion replacement process
in the chemically tempered glass results in three times the residual

compressive stresses on the outer surfaces compared with the ther-
mally tempered glass. Two identically sized panels of glass are produced, one thermally
tempered and one chemically tempered. If the thermally tempered glass has a bending

strength of 100 MPa, which of the following is most likely to be close
to the bending strength of the chemically tempered glass?
(a) 300 MPa
(b) 30 MPa
(c) 10 MPa
(d) 100 MPa","The ion replacement process
in the chemically tempered glass results in three times the residual

compressive stresses on the outer surfaces compared with the ther-
mally tempered glass. Two identically sized panels of glass are produced, one thermally
tempered and one chemically tempered. If the thermally tempered glass has a bending

strength of 100 MPa, which of the following is most likely to be close
to the bending strength of the chemically tempered glass?
(a) 300 MPa
(b) 30 MPa
(c) 10 MPa
(d) 100 MPa","If the thermally tempered glass has a bending

strength of 100 MPa, which of the following is most likely to be close
to the bending strength of the chemically tempered glass?
 The ion replacement process
in the chemically tempered glass results in three times the residual

compressive stresses on the outer surfaces compared with the ther-
mally tempered glass. Two identically sized panels of glass are produced, one thermally
tempered and one chemically tempered.(a) 300 MPa
(b) 30 MPa
(c) 10 MPa
(d) 100 MPa","Two identically sized sheets of glass are produced, one thermally
tempered and one chemically tempered. The ion replacement process
in the chemically tempered glass results in 3 times the residual

compressive stresses on the outer surfaces compared with the ther-
mally tempered glass. If the thermally tempered glass has a bending

strength of 100 MPa, which of the following is most likely to be close
to the bending strength of the chemically tempered glass?
(a) 300 MPa
(b) 30 MPa
(c) 10 MPa
(d) 100 MPa","One morning, the mothers and fathers were ready as usual in the main square of Four Houses waiting for the red bus. But this was no ordinary day, for the red bus was twenty minutes late. Very slowly, he came chugging along but once he got to the square he collapsed from exhaustion. There was no way he could take the children to school today. Then the teacher asked: Two identically sized panels of glass are produced, one thermally
tempered and one chemically tempered. The ion replacement process
in the chemically tempered glass results in three times the residual

compressive stresses on the outer surfaces compared with the ther-
mally tempered glass. If the thermally tempered glass has a bending

strength of 100 MPa, which of the following is most likely to be close
to the bending strength of the chemically tempered glass?
(a) 300 MPa
(b) 30 MPa
(c) 10 MPa
(d) 100 MPa","Two identically sized panels of glass are produced, one thermally
tempered and one chemically tempered. If the Young's
modulus of this alloy is known to be 115 GPa and the bar has an
initial length of 1 metre and an initial cross-sectional edge length of
10 mm, determine the Poisson's ratio of this alloy.
 The ion replacement process
in the chemically tempered glass results in three times the residual

compressive stresses on the outer surfaces compared with the ther-
mally tempered glass. If the thermally tempered glass has a bending

strength of 100 MPa, which of the following is most likely to be close
to the bending strength of the chemically tempered glass?
 (a) 300 MPa
(b) 30 MPa
(c) 10 MPa
(d) 100 MPa","Two identically sized panels of glass are produced, one thermally
tempered and one chemically tempered. The temperature is then lowered to a temperature T1
and allowed to reach equilibrium. The ion replacement process
in the chemically tempered glass results in three times the residual

compressive stresses on the outer surfaces compared with the ther-
mally tempered glass. If the thermally tempered glass has a bending

strength of 100 MPa, which of the following is most likely to be close
to the bending strength of the chemically tempered glass?
 (a) 300 MPa
(b) 30 MPa
(c) 10 MPa
(d) 100 MPa","Two identically sized panels of glass are produced, one thermally
tempered and one chemically tempered. The sample is then
unloaded completely and the strain is found to be 0.02. The ion replacement process
in the chemically tempered glass results in three times the residual

compressive stresses on the outer surfaces compared with the ther-
mally tempered glass. If the thermally tempered glass has a bending

strength of 100 MPa, which of the following is most likely to be close
to the bending strength of the chemically tempered glass?
 (a) 300 MPa
(b) 30 MPa
(c) 10 MPa
(d) 100 MPa"
"A rectangular cross-section tensile specimen is loaded by a tensile load
of 91290 N. The unloaded gauge length is 560 mm, and the width and
thickness of the reduced section are 9 mm and 1 mm, respectively,
and the length of the reduced section is 583 mm. Under this load the
guage length elongates elastically by 46 mm. Which of the following
is the correct Young's modulus for this material?
(a) 123.5 GPa
(b) 128.6 GPa
(c) 0.0 GPa
(d) 1111356.5 GPa",Original,Hard,a,4,"A rectangular cross-section tensile specimen is loaded by a tensile load
of 91.290000 kN. The unloaded gauge length is 0.5600 m, and the width and
thickness of the reduced section are 9.0 mm and 1000000 nm, respectively,
and the length of the reduced section is 58.30 cm. Under this load the
guage length elongates elastically by 46000000 nm. Which of the following
is the correct Young's modulus for this material?
(a) 124 GPa
(b) 129 GPa
(c) 0.000000 MPa
(d) 1111.356500 MPa","A rectangular cross-section tensile specimen is loaded by a tensile load
of 91290000 mN. The unloaded gauge length is 560000000 nm, and the width and
thickness of the reduced section are 9.0 mm and 0.0010 m, respectively,
and the length of the reduced section is 0.5830 m. Under this load the
guage length elongates elastically by 46000000000 pm. Which of the following
is the correct Young's modulus for this material?
(a) 123500000000 Pa
(b) 128600000 kPa
(c) 0 GPa
(d) 1111.356500 MPa","A rectangular cross-section tensile specimen is loaded by a tensile load
of 91.290000 kN. The unloaded gauge length is 0.5600 m, and the width and
thickness of the reduced section are 0.90 cm and 0.10 cm, respectively,
and the length of the reduced section is 0.5830 m. Under this load the
guage length elongates elastically by 0.0460 m. Which of the following
is the correct Young's modulus for this material?
(a) 124 GPa
(b) 128600000000 Pa
(c) 0 kPa
(d) 1111356 GPa","The unloaded gauge length is 560 mm, and the width and
thickness of the reduced section are 9 mm and 1 mm, respectively,
and the length of the reduced section is 583 mm. Which of the following
is the correct Young's modulus for this material?
 A rectangular cross-section tensile specimen is loaded by a tensile load
of 91290 N. Under this load the
guage length elongates elastically by 46 mm.(a) 123.5 GPa
(b) 128.6 GPa
(c) 0.0 GPa
(d) 1111356.5 GPa","Under this load the
guage length elongates elastically by 46 mm. A rectangular cross-section tensile specimen is loaded by a tensile load
of 91290 N. Which of the following
is the correct Young's modulus for this material?
 The unloaded gauge length is 560 mm, and the width and
thickness of the reduced section are 9 mm and 1 mm, respectively,
and the length of the reduced section is 583 mm.(a) 123.5 GPa
(b) 128.6 GPa
(c) 0.0 GPa
(d) 1111356.5 GPa","Which of the following
is the correct Young's modulus for this material?
 Under this load the
guage length elongates elastically by 46 mm. A rectangular cross-section tensile specimen is loaded by a tensile load
of 91290 N. The unloaded gauge length is 560 mm, and the width and
thickness of the reduced section are 9 mm and 1 mm, respectively,
and the length of the reduced section is 583 mm.(a) 123.5 GPa
(b) 128.6 GPa
(c) 0.0 GPa
(d) 1111356.5 GPa","A rectangular cross-section tensile specimen is under a tensile loading
of 91290 N. The unloaded gauge length is 560 mm, and the width and
thickness of the reduced section are 9 mm and 1 mm, respectively,
and the length of the reduced section is 583 mm. Under this force the
guage length elongates elastically by 46 mm. Which of the following
is the correct Young's modulus for this material?
(a) 123.5 GPa
(b) 128.6 GPa
(c) 0.0 GPa
(d) 1111356.5 GPa","One morning, the mothers and fathers were ready as usual in the main square of Four Houses waiting for the red bus. But this was no ordinary day, for the red bus was twenty minutes late. Very slowly, he came chugging along but once he got to the square he collapsed from exhaustion. There was no way he could take the children to school today. Then the teacher asked: A rectangular cross-section tensile specimen is loaded by a tensile load
of 91290 N. The unloaded gauge length is 560 mm, and the width and
thickness of the reduced section are 9 mm and 1 mm, respectively,
and the length of the reduced section is 583 mm. Under this load the
guage length elongates elastically by 46 mm. Which of the following
is the correct Young's modulus for this material?
(a) 123.5 GPa
(b) 128.6 GPa
(c) 0.0 GPa
(d) 1111356.5 GPa","A rectangular cross-section tensile specimen is loaded by a tensile load
of 91290 N. The first beam has length 78 mm, height 9.1 mm,

and width 18 mm, while the second beam has length 51 mm, height
9.4 mm, and width 12 mm. The unloaded gauge length is 560 mm, and the width and
thickness of the reduced section are 9 mm and 1 mm, respectively,
and the length of the reduced section is 583 mm. Under this load the
guage length elongates elastically by 46 mm. Which of the following
is the correct Young's modulus for this material?
 (a) 123.5 GPa
(b) 128.6 GPa
(c) 0.0 GPa
(d) 1111356.5 GPa","A rectangular cross-section tensile specimen is loaded by a tensile load
of 91290 N. The atomic packing factor of the hexagonal close packed crystal
structure is greater than that of the face centred cubic crystal
structure.
2. The unloaded gauge length is 560 mm, and the width and
thickness of the reduced section are 9 mm and 1 mm, respectively,
and the length of the reduced section is 583 mm. Under this load the
guage length elongates elastically by 46 mm. Which of the following
is the correct Young's modulus for this material?
 (a) 123.5 GPa
(b) 128.6 GPa
(c) 0.0 GPa
(d) 1111356.5 GPa","A rectangular cross-section tensile specimen is loaded by a tensile load
of 91290 N. Which of the following statements is/are correct?
1. The unloaded gauge length is 560 mm, and the width and
thickness of the reduced section are 9 mm and 1 mm, respectively,
and the length of the reduced section is 583 mm. Under this load the
guage length elongates elastically by 46 mm. Which of the following
is the correct Young's modulus for this material?
 (a) 123.5 GPa
(b) 128.6 GPa
(c) 0.0 GPa
(d) 1111356.5 GPa"
"Which general class of material has a density that is roughly the same
as water?
(a) Polymers
(b) Composites
(c) None of these
(d) Ceramics",Original,Easy,a,4,"Which general class of material has a density that is roughly the same
as water?
(a) Polymers
(b) Composites
(c) None of these
(d) Ceramics","Which general class of material has a density that is roughly the same
as water?
(a) Polymers
(b) Composites
(c) None of these
(d) Ceramics","Which general class of material has a density that is roughly the same
as water?
(a) Polymers
(b) Composites
(c) None of these
(d) Ceramics","Which general class of material has a density that is roughly the same
as water?
(a) Polymers
(b) Composites
(c) None of these
(d) Ceramics","Which general class of material has a density that is roughly the same
as water?
(a) Polymers
(b) Composites
(c) None of these
(d) Ceramics","Which general class of material has a density that is roughly the same
as water?
(a) Polymers
(b) Composites
(c) None of these
(d) Ceramics","Which general type of material has a density that is roughly the same
as water?
(a) Polymers
(b) Composites
(c) None of these
(d) Ceramics","One morning, the mothers and fathers were ready as usual in the main square of Four Houses waiting for the red bus. But this was no ordinary day, for the red bus was twenty minutes late. Very slowly, he came chugging along but once he got to the square he collapsed from exhaustion. There was no way he could take the children to school today. Then the teacher asked: Which general class of material has a density that is roughly the same
as water?
(a) Polymers
(b) Composites
(c) None of these
(d) Ceramics","Which general class of material has a density that is roughly the same
as water?
 Decreasing the grain size of a metal would generally be expected
to result in an increase in the yield strength of that metal.
4. (a) Polymers
(b) Composites
(c) None of these
(d) Ceramics","Which general class of material has a density that is roughly the same
as water?
 A square cross-section bar of an hypothetical metal alloy is loaded
along its long axis by a load of 1250 N and the length of one of the
short edges is found to reduce by 1.9*10^-7 metre. (a) Polymers
(b) Composites
(c) None of these
(d) Ceramics","Which general class of material has a density that is roughly the same
as water?
 In the iron carbon system, the maximum solid solubility of carbon in
ferrite occurs at 0.022 wt%C and 727 C, the eutectoid composition
is 0.76 wt%C, the eutectoid temperature is 727 C and the cementite
composition is 6.7 wt%C. (a) Polymers
(b) Composites
(c) None of these
(d) Ceramics"
"A rectangular bar spans a length 69 m, and has a height 62 m, and
width 50 m. A 505 N load is applied on the top surface at the midspan.

Which of the following is the load bearing cross-sectional area sup-
porting a tensile load?

(a) None of these.
(b) 213900 m2
(c) 181 m2
(d) -57 m2",Original,Medium,a,4,"A rectangular bar spans a length 69.0 m, and has a height 62000000000 nm, and
width 50000.00 mm. A 0.000505 MN load is applied on the top surface at the midspan.

Which of the following is the load bearing cross-sectional area sup-
porting a tensile load?

(a) None of these.
(b) 213900 m2
(c) 181 m2
(d) -57 m2","A rectangular bar spans a length 69000000000000 pm, and has a height 62000000000000 pm, and
width 50000.00 mm. A 0.505000 kN load is applied on the top surface at the midspan.

Which of the following is the load bearing cross-sectional area sup-
porting a tensile load?

(a) None of these.
(b) 213900 m2
(c) 181 m2
(d) -57 m2","A rectangular bar spans a length 69.0 m, and has a height 62000000000000 pm, and
width 50.0 m. A 505 N load is applied on the top surface at the midspan.

Which of the following is the load bearing cross-sectional area sup-
porting a tensile load?

(a) None of these.
(b) 213900 m2
(c) 181 m2
(d) -57 m2","A 505 N load is applied on the top surface at the midspan.

Which of the following is the load bearing cross-sectional area sup-
porting a tensile load?

 A rectangular bar spans a length 69 m, and has a height 62 m, and
width 50 m.(a) None of these.
(b) 213900 m2
(c) 181 m2
(d) -57 m2","A rectangular bar spans a length 69 m, and has a height 62 m, and
width 50 m. A 505 N load is applied on the top surface at the midspan.

Which of the following is the load bearing cross-sectional area sup-
porting a tensile load?

(a) None of these.
(b) 213900 m2
(c) 181 m2
(d) -57 m2","A rectangular bar spans a length 69 m, and has a height 62 m, and
width 50 m. A 505 N load is applied on the top surface at the midspan.

Which of the following is the load bearing cross-sectional area sup-
porting a tensile load?

(a) None of these.
(b) 213900 m2
(c) 181 m2
(d) -57 m2","A rectangular beam spans a length 69 m, and has a height 62 m, and
width 50 m. A 505 N load is applied on the top surface at the middle.

Which of the following is the load bearing cross-sectional area sup-
porting tension?

(a) None of these.
(b) 213900 m2
(c) 181 m2
(d) -57 m2","One morning, the mothers and fathers were ready as usual in the main square of Four Houses waiting for the red bus. But this was no ordinary day, for the red bus was twenty minutes late. Very slowly, he came chugging along but once he got to the square he collapsed from exhaustion. There was no way he could take the children to school today. Then the teacher asked: A rectangular bar spans a length 69 m, and has a height 62 m, and
width 50 m. A 505 N load is applied on the top surface at the midspan.

Which of the following is the load bearing cross-sectional area sup-
porting a tensile load?

(a) None of these.
(b) 213900 m2
(c) 181 m2
(d) -57 m2","A rectangular bar spans a length 69 m, and has a height 62 m, and
width 50 m. In the iron carbon system, the maximum solid solubility of carbon in
ferrite occurs at 0.022 wt%C and 727 C, the eutectoid composition
is 0.76 wt%C, the eutectoid temperature is 727 C and the cementite
composition is 6.7 wt%C. A 505 N load is applied on the top surface at the midspan.

Which of the following is the load bearing cross-sectional area sup-
porting a tensile load?

 (a) None of these.
(b) 213900 m2
(c) 181 m2
(d) -57 m2","A rectangular bar spans a length 69 m, and has a height 62 m, and
width 50 m. An hypothetical metal has an atomic radius of 123 nm and has the
FCC crystal structure. A 505 N load is applied on the top surface at the midspan.

Which of the following is the load bearing cross-sectional area sup-
porting a tensile load?

 (a) None of these.
(b) 213900 m2
(c) 181 m2
(d) -57 m2","A rectangular bar spans a length 69 m, and has a height 62 m, and
width 50 m. A cylindrical sample of stainless steel having a Young's modulus
of 202.2 GPa, and a diameter of 10.9 mm, is loaded to a stress of
498.6 MPa. A 505 N load is applied on the top surface at the midspan.

Which of the following is the load bearing cross-sectional area sup-
porting a tensile load?

 (a) None of these.
(b) 213900 m2
(c) 181 m2
(d) -57 m2"
"An hypothetical metal has an atomic radius of 123 nm and has the
FCC crystal structure. Which of the following is the correct value for
the lattice parameter?
(a) 3.5*10^-7  m
(b) 2.8*10^-7 m
(c) 2.5*10^-7 m
(d) None of these options.",Original,Medium,a,4,"An hypothetical metal has an atomic radius of 0.0000001230 m and has the
FCC crystal structure. Which of the following is the correct value for
the lattice parameter?
(a) 3.5*10^-7.0 m
(b) 2.8*10^-7.0 m
(c) 2.5*10^-7.0 m
(d) None of these options.","An hypothetical metal has an atomic radius of 0.0000001230 m and has the
FCC crystal structure. Which of the following is the correct value for
the lattice parameter?
(a) 3.5*10^-700.00 cm
(b) 2.8*10^-7.0 m
(c) 2.5*10^-700.00 cm
(d) None of these options.","An hypothetical metal has an atomic radius of 0.0000001230 m and has the
FCC crystal structure. Which of the following is the correct value for
the lattice parameter?
(a) 3.5*10^-7.0 m
(b) 2.8*10^-7000000000000 pm
(c) 2.5*10^-7.0 m
(d) None of these options.","An hypothetical metal has an atomic radius of 123 nm and has the
FCC crystal structure. Which of the following is the correct value for
the lattice parameter?
(a) 3.5*10^-7  m
(b) 2.8*10^-7 m
(c) 2.5*10^-7 m
(d) None of these options.","Which of the following is the correct value for
the lattice parameter?
 An hypothetical metal has an atomic radius of 123 nm and has the
FCC crystal structure.(a) 3.5*10^-7  m
(b) 2.8*10^-7 m
(c) 2.5*10^-7 m
(d) None of these options.","An hypothetical metal has an atomic radius of 123 nm and has the
FCC crystal structure. Which of the following is the correct value for
the lattice parameter?
(a) 3.5*10^-7  m
(b) 2.8*10^-7 m
(c) 2.5*10^-7 m
(d) None of these options.","An theoretical metal has an atomic radius of 123 nm and has the
face-centered-cubic crystal structure. Which of the following is the correct value for
the lattice constant?
(a) 3.5*10^-7  m
(b) 2.8*10^-7 m
(c) 2.5*10^-7 m
(d) None of these options.","One morning, the mothers and fathers were ready as usual in the main square of Four Houses waiting for the red bus. But this was no ordinary day, for the red bus was twenty minutes late. Very slowly, he came chugging along but once he got to the square he collapsed from exhaustion. There was no way he could take the children to school today. Then the teacher asked: An hypothetical metal has an atomic radius of 123 nm and has the
FCC crystal structure. Which of the following is the correct value for
the lattice parameter?
(a) 3.5*10^-7  m
(b) 2.8*10^-7 m
(c) 2.5*10^-7 m
(d) None of these options.","An hypothetical metal has an atomic radius of 123 nm and has the
FCC crystal structure. Sample A has a diameter of 16.9 mm while sample
B has a diameter of 40.6 mm. Which of the following is the correct value for
the lattice parameter?
 (a) 3.5*10^-7  m
(b) 2.8*10^-7 m
(c) 2.5*10^-7 m
(d) None of these options.","An hypothetical metal has an atomic radius of 123 nm and has the
FCC crystal structure. An hypothetical metal has an atomic radius of 123 nm and has the
FCC crystal structure. Which of the following is the correct value for
the lattice parameter?
 (a) 3.5*10^-7  m
(b) 2.8*10^-7 m
(c) 2.5*10^-7 m
(d) None of these options.","An hypothetical metal has an atomic radius of 123 nm and has the
FCC crystal structure. Under this load the
guage length elongates elastically by 46 mm. Which of the following is the correct value for
the lattice parameter?
 (a) 3.5*10^-7  m
(b) 2.8*10^-7 m
(c) 2.5*10^-7 m
(d) None of these options."
"An hypothetical metal has an atomic radius of 323 nm and has the
HCP crystal structure with c/a = 1.624. Which of the following is the
correct value for the interplanar spacing between close-packed planes?
(a) 5.25*10^-7  m
(b) 1.05*10^-6  m
(c) 1.62*10^-7 m
(d) None of these options.",Original,Medium,a,4,"An hypothetical metal has an atomic radius of 323000 pm and has the
HCP crystal structure with c/a = 1.624. Which of the following is the
correct value for the interplanar spacing between close-packed planes?
(a) 5.25*10^-7000000000 nm
(b) 1.05*10^-6.0 m
(c) 1.62*10^-7000000000 nm
(d) None of these options.","An hypothetical metal has an atomic radius of 323.0 nm and has the
HCP crystal structure with c/a = 1.624. Which of the following is the
correct value for the interplanar spacing between close-packed planes?
(a) 5.25*10^-7.0 m
(b) 1.05*10^-6000.00 mm
(c) 1.62*10^-7000000000 nm
(d) None of these options.","An hypothetical metal has an atomic radius of 323000 pm and has the
HCP crystal structure with c/a = 1.624. Which of the following is the
correct value for the interplanar spacing between close-packed planes?
(a) 5.25*10^-7000000000 nm
(b) 1.05*10^-6000000000000 pm
(c) 1.62*10^-7.0 m
(d) None of these options.","An hypothetical metal has an atomic radius of 323 nm and has the
HCP crystal structure with c/a = 1.624. Which of the following is the
correct value for the interplanar spacing between close-packed planes?
(a) 5.25*10^-7  m
(b) 1.05*10^-6  m
(c) 1.62*10^-7 m
(d) None of these options.","Which of the following is the
correct value for the interplanar spacing between close-packed planes?
 An hypothetical metal has an atomic radius of 323 nm and has the
HCP crystal structure with c/a = 1.624.(a) 5.25*10^-7  m
(b) 1.05*10^-6  m
(c) 1.62*10^-7 m
(d) None of these options.","Which of the following is the
correct value for the interplanar spacing between close-packed planes?
 An hypothetical metal has an atomic radius of 323 nm and has the
HCP crystal structure with c/a = 1.624.(a) 5.25*10^-7  m
(b) 1.05*10^-6  m
(c) 1.62*10^-7 m
(d) None of these options.","An theoretical metalic material l has an atomic radius of 323 nm and has the
Hexagonal tightly packed crystal structure with c/a = 1.624. Which of the following is the
correct value for the interplanar spacing between close-packed planes?
(a) 5.25*10^-7  m
(b) 1.05*10^-6  m
(c) 1.62*10^-7 m
(d) None of these options.","One morning, the mothers and fathers were ready as usual in the main square of Four Houses waiting for the red bus. But this was no ordinary day, for the red bus was twenty minutes late. Very slowly, he came chugging along but once he got to the square he collapsed from exhaustion. There was no way he could take the children to school today. Then the teacher asked: An hypothetical metal has an atomic radius of 323 nm and has the
HCP crystal structure with c/a = 1.624. Which of the following is the
correct value for the interplanar spacing between close-packed planes?
(a) 5.25*10^-7  m
(b) 1.05*10^-6  m
(c) 1.62*10^-7 m
(d) None of these options.","An hypothetical metal has an atomic radius of 323 nm and has the
HCP crystal structure with c/a = 1.624. Which of the following statements is/are correct?
1. Which of the following is the
correct value for the interplanar spacing between close-packed planes?
 (a) 5.25*10^-7  m
(b) 1.05*10^-6  m
(c) 1.62*10^-7 m
(d) None of these options.","An hypothetical metal has an atomic radius of 323 nm and has the
HCP crystal structure with c/a = 1.624. A square cross-section bar of an hypothetical metal alloy is loaded
along its long axis by a load of 1250 N and the length of one of the
short edges is found to reduce by 1.9*10^-7 metre. Which of the following is the
correct value for the interplanar spacing between close-packed planes?
 (a) 5.25*10^-7  m
(b) 1.05*10^-6  m
(c) 1.62*10^-7 m
(d) None of these options.","An hypothetical metal has an atomic radius of 323 nm and has the
HCP crystal structure with c/a = 1.624. The anion and cation molar masses are 28.57 g/mol and 34.4 g/mol, respectively. Which of the following is the
correct value for the interplanar spacing between close-packed planes?
 (a) 5.25*10^-7  m
(b) 1.05*10^-6  m
(c) 1.62*10^-7 m
(d) None of these options."
"Which of the following is the approximate fraction of the FCC (111)
plane that is covered by atoms, in the hard sphere model, with centres
on the plane? We could define this as the area packing fraction or
the planar packing fraction
PPF = (Area of Atoms)/(Area of Plane)?
(a) 0.91
(b) 0.79
(c) 0.83
(d) None of these options.",Original,Medium,a ,4,"Which of the following is the approximate fraction of the FCC (111)
plane that is covered by atoms, in the hard sphere model, with centres
on the plane? We could define this as the area packing fraction or
the planar packing fraction
PPF = (Area of Atoms)/(Area of Plane)?
(a) 0.91
(b) 0.79
(c) 0.83
(d) None of these options.","Which of the following is the approximate fraction of the FCC (111)
plane that is covered by atoms, in the hard sphere model, with centres
on the plane? We could define this as the area packing fraction or
the planar packing fraction
PPF = (Area of Atoms)/(Area of Plane)?
(a) 0.91
(b) 0.79
(c) 0.83
(d) None of these options.","Which of the following is the approximate fraction of the FCC (111)
plane that is covered by atoms, in the hard sphere model, with centres
on the plane? We could define this as the area packing fraction or
the planar packing fraction
PPF = (Area of Atoms)/(Area of Plane)?
(a) 0.91
(b) 0.79
(c) 0.83
(d) None of these options.","Which of the following is the approximate fraction of the FCC (111)
plane that is covered by atoms, in the hard sphere model, with centres
on the plane? We could define this as the area packing fraction or
the planar packing fraction
PPF = (Area of Atoms)/(Area of Plane)?
(a) 0.91
(b) 0.79
(c) 0.83
(d) None of these options.","We could define this as the area packing fraction or
the planar packing fraction
PPF = (Area of Atoms)/(Area of Plane)?
 Which of the following is the approximate fraction of the FCC (111)
plane that is covered by atoms, in the hard sphere model, with centres
on the plane?(a) 0.91
(b) 0.79
(c) 0.83
(d) None of these options.","We could define this as the area packing fraction or
the planar packing fraction
PPF = (Area of Atoms)/(Area of Plane)?
 Which of the following is the approximate fraction of the FCC (111)
plane that is covered by atoms, in the hard sphere model, with centres
on the plane?(a) 0.91
(b) 0.79
(c) 0.83
(d) None of these options.","Which of the following is the approximate fraction of the face-centered-cubic (111)
plane that is covered by atoms, in the hard sphere model, with centres
on the plane? We could define this as the area packing fraction or
the planar packing fraction
PPF = (Area of Atoms)/(Area of Plane)?
(a) 0.91
(b) 0.79
(c) 0.83
(d) None of these options.","One morning, the mothers and fathers were ready as usual in the main square of Four Houses waiting for the red bus. But this was no ordinary day, for the red bus was twenty minutes late. Very slowly, he came chugging along but once he got to the square he collapsed from exhaustion. There was no way he could take the children to school today. Then the teacher asked: Which of the following is the approximate fraction of the FCC (111)
plane that is covered by atoms, in the hard sphere model, with centres
on the plane? We could define this as the area packing fraction or
the planar packing fraction
PPF = (Area of Atoms)/(Area of Plane)?
(a) 0.91
(b) 0.79
(c) 0.83
(d) None of these options.","Which of the following is the approximate fraction of the FCC (111)
plane that is covered by atoms, in the hard sphere model, with centres
on the plane? The atomic packing factor of the hexagonal close packed crystal
structure is greater than that of the face centred cubic crystal
structure.
2. We could define this as the area packing fraction or
the planar packing fraction
PPF = (Area of Atoms)/(Area of Plane)?
 (a) 0.91
(b) 0.79
(c) 0.83
(d) None of these options.","Which of the following is the approximate fraction of the FCC (111)
plane that is covered by atoms, in the hard sphere model, with centres
on the plane? Which of the following is a reasonable justification for the use of the
0.2% offset yield strength?
 We could define this as the area packing fraction or
the planar packing fraction
PPF = (Area of Atoms)/(Area of Plane)?
 (a) 0.91
(b) 0.79
(c) 0.83
(d) None of these options.","Which of the following is the approximate fraction of the FCC (111)
plane that is covered by atoms, in the hard sphere model, with centres
on the plane? The anion and cation molar masses are 28.57 g/mol and 34.4 g/mol, respectively. We could define this as the area packing fraction or
the planar packing fraction
PPF = (Area of Atoms)/(Area of Plane)?
 (a) 0.91
(b) 0.79
(c) 0.83
(d) None of these options."
"You will also know from high school that integrating force through
distance gives energy. With this in mind, which of the following is
true of the Young's modulus?
(a) Directly proportional to the second derivative of the interatomic energy versus separation curve at equilibrium interatomic spacing.
(b) Directly proportional to the derivative of the interatomic energy
versus separation curve at equilibrium interatomic spacing.
(c) Directly proportional to the integral of the interatomic energy versus separation curve from R = 0 to the equilibrium inter-
atomic spacing.
(d) None of these options.",Original,Easy,a,4,"You will also know from high school that integrating force through
distance gives energy. With this in mind, which of the following is
true of the Young's modulus?
(a) Directly proportional to the second derivative of the interatomic energy versus separation curve at equilibrium interatomic spacing.
(b) Directly proportional to the derivative of the interatomic energy
versus separation curve at equilibrium interatomic spacing.
(c) Directly proportional to the integral of the interatomic energy versus separation curve from R = 0 to the equilibrium inter-
atomic spacing.
(d) None of these options.","You will also know from high school that integrating force through
distance gives energy. With this in mind, which of the following is
true of the Young's modulus?
(a) Directly proportional to the second derivative of the interatomic energy versus separation curve at equilibrium interatomic spacing.
(b) Directly proportional to the derivative of the interatomic energy
versus separation curve at equilibrium interatomic spacing.
(c) Directly proportional to the integral of the interatomic energy versus separation curve from R = 0 to the equilibrium inter-
atomic spacing.
(d) None of these options.","You will also know from high school that integrating force through
distance gives energy. With this in mind, which of the following is
true of the Young's modulus?
(a) Directly proportional to the second derivative of the interatomic energy versus separation curve at equilibrium interatomic spacing.
(b) Directly proportional to the derivative of the interatomic energy
versus separation curve at equilibrium interatomic spacing.
(c) Directly proportional to the integral of the interatomic energy versus separation curve from R = 0 to the equilibrium inter-
atomic spacing.
(d) None of these options.","With this in mind, which of the following is
true of the Young's modulus?
 You will also know from high school that integrating force through
distance gives energy.(a) Directly proportional to the second derivative of the interatomic energy versus separation curve at equilibrium interatomic spacing.
(b) Directly proportional to the derivative of the interatomic energy
versus separation curve at equilibrium interatomic spacing.
(c) Directly proportional to the integral of the interatomic energy versus separation curve from R = 0 to the equilibrium inter-
atomic spacing.
(d) None of these options.","You will also know from high school that integrating force through
distance gives energy. With this in mind, which of the following is
true of the Young's modulus?
(a) Directly proportional to the second derivative of the interatomic energy versus separation curve at equilibrium interatomic spacing.
(b) Directly proportional to the derivative of the interatomic energy
versus separation curve at equilibrium interatomic spacing.
(c) Directly proportional to the integral of the interatomic energy versus separation curve from R = 0 to the equilibrium inter-
atomic spacing.
(d) None of these options.","You will also know from high school that integrating force through
distance gives energy. With this in mind, which of the following is
true of the Young's modulus?
(a) Directly proportional to the second derivative of the interatomic energy versus separation curve at equilibrium interatomic spacing.
(b) Directly proportional to the derivative of the interatomic energy
versus separation curve at equilibrium interatomic spacing.
(c) Directly proportional to the integral of the interatomic energy versus separation curve from R = 0 to the equilibrium inter-
atomic spacing.
(d) None of these options.","You will also know from high school that the integral of force over distance gives energy. With this in mind, which of the following is
true of the Young's modulus?
(a) Directly proportional to the second derivative of the interatomic energy versus separation curve at equilibrium interatomic spacing.
(b) Directly proportional to the derivative of the interatomic energy
versus separation curve at equilibrium interatomic spacing.
(c) Directly proportional to the integral of the interatomic energy versus separation curve from R = 0 to the equilibrium inter-
atomic spacing.
(d) None of these options.","One morning, the mothers and fathers were ready as usual in the main square of Four Houses waiting for the red bus. But this was no ordinary day, for the red bus was twenty minutes late. Very slowly, he came chugging along but once he got to the square he collapsed from exhaustion. There was no way he could take the children to school today. Then the teacher asked: You will also know from high school that integrating force through
distance gives energy. With this in mind, which of the following is
true of the Young's modulus?
(a) Directly proportional to the second derivative of the interatomic energy versus separation curve at equilibrium interatomic spacing.
(b) Directly proportional to the derivative of the interatomic energy
versus separation curve at equilibrium interatomic spacing.
(c) Directly proportional to the integral of the interatomic energy versus separation curve from R = 0 to the equilibrium inter-
atomic spacing.
(d) None of these options.","You will also know from high school that integrating force through
distance gives energy. A theoretical system of particles at infinite temperature would
have all particles existing in the highest possible energy states.
2. With this in mind, which of the following is
true of the Young's modulus?
 (a) Directly proportional to the second derivative of the interatomic energy versus separation curve at equilibrium interatomic spacing.
(b) Directly proportional to the derivative of the interatomic energy
versus separation curve at equilibrium interatomic spacing.
(c) Directly proportional to the integral of the interatomic energy versus separation curve from R = 0 to the equilibrium inter-
atomic spacing.
(d) None of these options.","You will also know from high school that integrating force through
distance gives energy. A sample of a heavily cold worked 316L stainless steel is heated for several hours in a furnace at 1065 C. With this in mind, which of the following is
true of the Young's modulus?
 (a) Directly proportional to the second derivative of the interatomic energy versus separation curve at equilibrium interatomic spacing.
(b) Directly proportional to the derivative of the interatomic energy
versus separation curve at equilibrium interatomic spacing.
(c) Directly proportional to the integral of the interatomic energy versus separation curve from R = 0 to the equilibrium inter-
atomic spacing.
(d) None of these options.","You will also know from high school that integrating force through
distance gives energy. Which of the following statements is/are correct?
1. With this in mind, which of the following is
true of the Young's modulus?
 (a) Directly proportional to the second derivative of the interatomic energy versus separation curve at equilibrium interatomic spacing.
(b) Directly proportional to the derivative of the interatomic energy
versus separation curve at equilibrium interatomic spacing.
(c) Directly proportional to the integral of the interatomic energy versus separation curve from R = 0 to the equilibrium inter-
atomic spacing.
(d) None of these options."
"Determine the approximate fraction of the plane that is covered by
atoms in the hard sphere model, with centres on the plane, for the
FCC (001), FCC (111) and BCC (011) planes. We could define this
as the area packing fraction or the planar packing fraction
PPF = (Area of Atoms)/(Area of Plane).
Which of the following is the correct order of these planar packing
fractions from highest to lowest ?
(a) FCC (111), BCC (011), FCC (001)
(b) FCC (111), FCC (001), BCC (011)
(c) FCC (001), FCC (111), BCC (011)
(d) None of these options.",Original,Medium,a,4,"Determine the approximate fraction of the plane that is covered by
atoms in the hard sphere model, with centres on the plane, for the
FCC (001), FCC (111) and BCC (011) planes. We could define this
as the area packing fraction or the planar packing fraction
PPF = (Area of Atoms)/(Area of Plane).
Which of the following is the correct order of these planar packing
fractions from highest to lowest ?
(a) FCC (111), BCC (011), FCC (001)
(b) FCC (111), FCC (001), BCC (011)
(c) FCC (001), FCC (111), BCC (011)
(d) None of these options.","Determine the approximate fraction of the plane that is covered by
atoms in the hard sphere model, with centres on the plane, for the
FCC (001), FCC (111) and BCC (011) planes. We could define this
as the area packing fraction or the planar packing fraction
PPF = (Area of Atoms)/(Area of Plane).
Which of the following is the correct order of these planar packing
fractions from highest to lowest ?
(a) FCC (111), BCC (011), FCC (001)
(b) FCC (111), FCC (001), BCC (011)
(c) FCC (001), FCC (111), BCC (011)
(d) None of these options.","Determine the approximate fraction of the plane that is covered by
atoms in the hard sphere model, with centres on the plane, for the
FCC (001), FCC (111) and BCC (011) planes. We could define this
as the area packing fraction or the planar packing fraction
PPF = (Area of Atoms)/(Area of Plane).
Which of the following is the correct order of these planar packing
fractions from highest to lowest ?
(a) FCC (111), BCC (011), FCC (001)
(b) FCC (111), FCC (001), BCC (011)
(c) FCC (001), FCC (111), BCC (011)
(d) None of these options.","We could define this
as the area packing fraction or the planar packing fraction
PPF = (Area of Atoms)/(Area of Plane).
Which of the following is the correct order of these planar packing
fractions from highest to lowest ?
 Determine the approximate fraction of the plane that is covered by
atoms in the hard sphere model, with centres on the plane, for the
FCC (001), FCC (111) and BCC (011) planes.(a) FCC (111), BCC (011), FCC (001)
(b) FCC (111), FCC (001), BCC (011)
(c) FCC (001), FCC (111), BCC (011)
(d) None of these options.","Determine the approximate fraction of the plane that is covered by
atoms in the hard sphere model, with centres on the plane, for the
FCC (001), FCC (111) and BCC (011) planes. We could define this
as the area packing fraction or the planar packing fraction
PPF = (Area of Atoms)/(Area of Plane).
Which of the following is the correct order of these planar packing
fractions from highest to lowest ?
(a) FCC (111), BCC (011), FCC (001)
(b) FCC (111), FCC (001), BCC (011)
(c) FCC (001), FCC (111), BCC (011)
(d) None of these options.","We could define this
as the area packing fraction or the planar packing fraction
PPF = (Area of Atoms)/(Area of Plane).
Which of the following is the correct order of these planar packing
fractions from highest to lowest ?
 Determine the approximate fraction of the plane that is covered by
atoms in the hard sphere model, with centres on the plane, for the
FCC (001), FCC (111) and BCC (011) planes.(a) FCC (111), BCC (011), FCC (001)
(b) FCC (111), FCC (001), BCC (011)
(c) FCC (001), FCC (111), BCC (011)
(d) None of these options.","Determine the approximate fraction of the plane that is covered by
atoms in the hard sphere model, with centres on the plane, for the
FCC (001), FCC (111) and BCC (011) planes. We could define this
as the area packing fraction or the planar packing fraction
PPF = (Area of Atoms)/(Area of Plane).
Which of the following is the correct order of these planar packing
fractions from highest to lowest ?
(a) FCC (111), BCC (011), FCC (001)
(b) FCC (111), FCC (001), BCC (011)
(c) FCC (001), FCC (111), BCC (011)
(d) None of these options.","One morning, the mothers and fathers were ready as usual in the main square of Four Houses waiting for the red bus. But this was no ordinary day, for the red bus was twenty minutes late. Very slowly, he came chugging along but once he got to the square he collapsed from exhaustion. There was no way he could take the children to school today. Then the teacher asked: Determine the approximate fraction of the plane that is covered by
atoms in the hard sphere model, with centres on the plane, for the
FCC (001), FCC (111) and BCC (011) planes. We could define this
as the area packing fraction or the planar packing fraction
PPF = (Area of Atoms)/(Area of Plane).
Which of the following is the correct order of these planar packing
fractions from highest to lowest ?
(a) FCC (111), BCC (011), FCC (001)
(b) FCC (111), FCC (001), BCC (011)
(c) FCC (001), FCC (111), BCC (011)
(d) None of these options.","Determine the approximate fraction of the plane that is covered by
atoms in the hard sphere model, with centres on the plane, for the
FCC (001), FCC (111) and BCC (011) planes. A colleague states, ""the strength of this ceramic sample is 845 MPa."" Which of the following is
most likely to be the strength that your colleague is actually referring to?
 We could define this
as the area packing fraction or the planar packing fraction
PPF = (Area of Atoms)/(Area of Plane).
Which of the following is the correct order of these planar packing
fractions from highest to lowest ?
 (a) FCC (111), BCC (011), FCC (001)
(b) FCC (111), FCC (001), BCC (011)
(c) FCC (001), FCC (111), BCC (011)
(d) None of these options.","Determine the approximate fraction of the plane that is covered by
atoms in the hard sphere model, with centres on the plane, for the
FCC (001), FCC (111) and BCC (011) planes. Which of the
following forces will cause the final length to be larger than 5900 mm, without necking?
 We could define this
as the area packing fraction or the planar packing fraction
PPF = (Area of Atoms)/(Area of Plane).
Which of the following is the correct order of these planar packing
fractions from highest to lowest ?
 (a) FCC (111), BCC (011), FCC (001)
(b) FCC (111), FCC (001), BCC (011)
(c) FCC (001), FCC (111), BCC (011)
(d) None of these options.","Determine the approximate fraction of the plane that is covered by
atoms in the hard sphere model, with centres on the plane, for the
FCC (001), FCC (111) and BCC (011) planes. The simple cubic interstitial site is larger than the tetrahedral
interstitial site.
3. We could define this
as the area packing fraction or the planar packing fraction
PPF = (Area of Atoms)/(Area of Plane).
Which of the following is the correct order of these planar packing
fractions from highest to lowest ?
 (a) FCC (111), BCC (011), FCC (001)
(b) FCC (111), FCC (001), BCC (011)
(c) FCC (001), FCC (111), BCC (011)
(d) None of these options."
"A sample of niobium, which has the BCC crystal structure, is ana-
lyzed in an x-ray diffractometer with an x-ray source having a wave-
length of 0.1659 nm and a peak is identified for first order reflection from the (211) set of planes at a 2theta angle of 75.99 degree. Determine the
interplanar spacing for this set of planes.
(a) 0.135 nm
(b) 8.55*10^-2 nm
(c) 0.270 nm
(d) None of these options.",Original,Medium,a,4,"A sample of niobium, which has the BCC crystal structure, is ana-
lyzed in an x-ray diffractometer with an x-ray source having a wave-
length of 0.0000000002 m and a peak is identified for first order reflection from the (211) set of planes at a 2theta angle of 75.99 degree. Determine the
interplanar spacing for this set of planes.
(a) 0.00000001 cm
(b) 8.55*10^-2.0 nm
(c) 0.0000000003 m
(d) None of these options.","A sample of niobium, which has the BCC crystal structure, is ana-
lyzed in an x-ray diffractometer with an x-ray source having a wave-
length of 0.0000000002 m and a peak is identified for first order reflection from the (211) set of planes at a 2theta angle of 75.99 degree. Determine the
interplanar spacing for this set of planes.
(a) 0.000000135 mm
(b) 8.55*10^-0.00000020 cm
(c) 0.0000000003 m
(d) None of these options.","A sample of niobium, which has the BCC crystal structure, is ana-
lyzed in an x-ray diffractometer with an x-ray source having a wave-
length of 0.1659 nm and a peak is identified for first order reflection from the (211) set of planes at a 2theta angle of 75.99 degree. Determine the
interplanar spacing for this set of planes.
(a) 0.135 nm
(b) 8.55*10^-2000 pm
(c) 270 pm
(d) None of these options.","A sample of niobium, which has the BCC crystal structure, is ana-
lyzed in an x-ray diffractometer with an x-ray source having a wave-
length of 0.1659 nm and a peak is identified for first order reflection from the (211) set of planes at a 2theta angle of 75.99 degree. Determine the
interplanar spacing for this set of planes.
(a) 0.135 nm
(b) 8.55*10^-2 nm
(c) 0.270 nm
(d) None of these options.","A sample of niobium, which has the BCC crystal structure, is ana-
lyzed in an x-ray diffractometer with an x-ray source having a wave-
length of 0.1659 nm and a peak is identified for first order reflection from the (211) set of planes at a 2theta angle of 75.99 degree. Determine the
interplanar spacing for this set of planes.
(a) 0.135 nm
(b) 8.55*10^-2 nm
(c) 0.270 nm
(d) None of these options.","Determine the
interplanar spacing for this set of planes.
 A sample of niobium, which has the BCC crystal structure, is ana-
lyzed in an x-ray diffractometer with an x-ray source having a wave-
length of 0.1659 nm and a peak is identified for first order reflection from the (211) set of planes at a 2theta angle of 75.99 degree.(a) 0.135 nm
(b) 8.55*10^-2 nm
(c) 0.270 nm
(d) None of these options.","A sample of niobium, which has the body-centered-cubic crystal structure, is ana-
lyzed in an x-ray diffractometer with an x-ray source having a wave-
length of 0.1659 nm and a peak is identified for first order reflection from the (211) set of planes at a 2theta angle of 75.99 degree. Determine the
interplanar spacing for this set of planes.
(a) 0.135 nm
(b) 8.55*10^-2 nm
(c) 0.270 nm
(d) None of these options.","One morning, the mothers and fathers were ready as usual in the main square of Four Houses waiting for the red bus. But this was no ordinary day, for the red bus was twenty minutes late. Very slowly, he came chugging along but once he got to the square he collapsed from exhaustion. There was no way he could take the children to school today. Then the teacher asked: A sample of niobium, which has the BCC crystal structure, is ana-
lyzed in an x-ray diffractometer with an x-ray source having a wave-
length of 0.1659 nm and a peak is identified for first order reflection from the (211) set of planes at a 2theta angle of 75.99 degree. Determine the
interplanar spacing for this set of planes.
(a) 0.135 nm
(b) 8.55*10^-2 nm
(c) 0.270 nm
(d) None of these options.","A sample of niobium, which has the BCC crystal structure, is ana-
lyzed in an x-ray diffractometer with an x-ray source having a wave-
length of 0.1659 nm and a peak is identified for first order reflection from the (211) set of planes at a 2theta angle of 75.99 degree. The temperature is then lowered to a temperature T1
and allowed to reach equilibrium. Determine the
interplanar spacing for this set of planes.
 (a) 0.135 nm
(b) 8.55*10^-2 nm
(c) 0.270 nm
(d) None of these options.","A sample of niobium, which has the BCC crystal structure, is ana-
lyzed in an x-ray diffractometer with an x-ray source having a wave-
length of 0.1659 nm and a peak is identified for first order reflection from the (211) set of planes at a 2theta angle of 75.99 degree. A non-metallic material has a bandgap of 2.1 eV. Determine the
interplanar spacing for this set of planes.
 (a) 0.135 nm
(b) 8.55*10^-2 nm
(c) 0.270 nm
(d) None of these options.","A sample of niobium, which has the BCC crystal structure, is ana-
lyzed in an x-ray diffractometer with an x-ray source having a wave-
length of 0.1659 nm and a peak is identified for first order reflection from the (211) set of planes at a 2theta angle of 75.99 degree. A hypothetical metal tensile specimen with a Young's modulus of
110 GPa has an initial length of 37900 mm and is loaded in tension
beyond the yield strength. Determine the
interplanar spacing for this set of planes.
 (a) 0.135 nm
(b) 8.55*10^-2 nm
(c) 0.270 nm
(d) None of these options."
"A square cross-section bar of an hypothetical metal alloy is loaded
along its long axis by a load of 1250 N and the length of one of the
short edges is found to reduce by 1.9*10^-7 metre. If the Young's
modulus of this alloy is known to be 115 GPa and the bar has an
initial length of 1 metre and an initial cross-sectional edge length of
10 mm, determine the Poisson's ratio of this alloy.
(a) 0.17
(b) 0.33
(c) 0.31
(d) None of these options.",Original,Medium,a,4,"A square cross-section bar of an hypothetical metal alloy is loaded
along its long axis by a load of 1.250000 kN and the length of one of the
short edges is found to reduce by 1.9*10^-7000000000 nm. If the Young's
modulus of this alloy is known to be 0.115000 MPa and the bar has an
initial length of 1.0 metre and an initial cross-sectional edge length of
10.0 mm, determine the Poisson's ratio of this alloy.
(a) 0.17
(b) 0.33
(c) 0.31
(d) None of these options.","A square cross-section bar of an hypothetical metal alloy is loaded
along its long axis by a load of 0.001250 MN and the length of one of the
short edges is found to reduce by 1.9*10^-7000000000 nm. If the Young's
modulus of this alloy is known to be 0.115000 MPa and the bar has an
initial length of 1000000000000 pm and an initial cross-sectional edge length of
1.00 cm, determine the Poisson's ratio of this alloy.
(a) 0.17
(b) 0.33
(c) 0.31
(d) None of these options.","A square cross-section bar of an hypothetical metal alloy is loaded
along its long axis by a load of 1.250000 kN and the length of one of the
short edges is found to reduce by 1.9*10^-700.00 cm. If the Young's
modulus of this alloy is known to be 115 GPa and the bar has an
initial length of 1000000000000 pm and an initial cross-sectional edge length of
10000000 nm, determine the Poisson's ratio of this alloy.
(a) 0.17
(b) 0.33
(c) 0.31
(d) None of these options.","If the Young's
modulus of this alloy is known to be 115 GPa and the bar has an
initial length of 1 metre and an initial cross-sectional edge length of
10 mm, determine the Poisson's ratio of this alloy.
 A square cross-section bar of an hypothetical metal alloy is loaded
along its long axis by a load of 1250 N and the length of one of the
short edges is found to reduce by 1.9*10^-7 metre.(a) 0.17
(b) 0.33
(c) 0.31
(d) None of these options.","A square cross-section bar of an hypothetical metal alloy is loaded
along its long axis by a load of 1250 N and the length of one of the
short edges is found to reduce by 1.9*10^-7 metre. If the Young's
modulus of this alloy is known to be 115 GPa and the bar has an
initial length of 1 metre and an initial cross-sectional edge length of
10 mm, determine the Poisson's ratio of this alloy.
(a) 0.17
(b) 0.33
(c) 0.31
(d) None of these options.","If the Young's
modulus of this alloy is known to be 115 GPa and the bar has an
initial length of 1 metre and an initial cross-sectional edge length of
10 mm, determine the Poisson's ratio of this alloy.
 A square cross-section bar of an hypothetical metal alloy is loaded
along its long axis by a load of 1250 N and the length of one of the
short edges is found to reduce by 1.9*10^-7 metre.(a) 0.17
(b) 0.33
(c) 0.31
(d) None of these options.","A square cross-section beam of an theoretical metal alloy is loaded
along its long axis by a load of 1250 N and the length of one of the
short edges is found to reduce by 1.9*10^-7 metre. If the Young's
modulus of this alloy is known to be 115 GPa and the bar has an
initial length of 1 metre and an initial cross-sectional edge length of
10 mm, determine the Poisson's ratio of this alloy.
(a) 0.17
(b) 0.33
(c) 0.31
(d) None of these options.","One morning, the mothers and fathers were ready as usual in the main square of Four Houses waiting for the red bus. But this was no ordinary day, for the red bus was twenty minutes late. Very slowly, he came chugging along but once he got to the square he collapsed from exhaustion. There was no way he could take the children to school today. Then the teacher asked: A square cross-section bar of an hypothetical metal alloy is loaded
along its long axis by a load of 1250 N and the length of one of the
short edges is found to reduce by 1.9*10^-7 metre. If the Young's
modulus of this alloy is known to be 115 GPa and the bar has an
initial length of 1 metre and an initial cross-sectional edge length of
10 mm, determine the Poisson's ratio of this alloy.
(a) 0.17
(b) 0.33
(c) 0.31
(d) None of these options.","A square cross-section bar of an hypothetical metal alloy is loaded
along its long axis by a load of 1250 N and the length of one of the
short edges is found to reduce by 1.9*10^-7 metre. Which of the following is the approximate fraction of the FCC (111)
plane that is covered by atoms, in the hard sphere model, with centres
on the plane? If the Young's
modulus of this alloy is known to be 115 GPa and the bar has an
initial length of 1 metre and an initial cross-sectional edge length of
10 mm, determine the Poisson's ratio of this alloy.
 (a) 0.17
(b) 0.33
(c) 0.31
(d) None of these options.","A square cross-section bar of an hypothetical metal alloy is loaded
along its long axis by a load of 1250 N and the length of one of the
short edges is found to reduce by 1.9*10^-7 metre. A photon with a wavelength of 300 nm is absorbed by an atom. If the Young's
modulus of this alloy is known to be 115 GPa and the bar has an
initial length of 1 metre and an initial cross-sectional edge length of
10 mm, determine the Poisson's ratio of this alloy.
 (a) 0.17
(b) 0.33
(c) 0.31
(d) None of these options.","A square cross-section bar of an hypothetical metal alloy is loaded
along its long axis by a load of 1250 N and the length of one of the
short edges is found to reduce by 1.9*10^-7 metre. Which of the following statements is/are correct?
1. If the Young's
modulus of this alloy is known to be 115 GPa and the bar has an
initial length of 1 metre and an initial cross-sectional edge length of
10 mm, determine the Poisson's ratio of this alloy.
 (a) 0.17
(b) 0.33
(c) 0.31
(d) None of these options."
"A 2.8 metre cylindrical steel tensile tie must support a load of 32 kN
along its long axis without elongating beyond 1 cm. Taking a Young's
modulus for this steel of 210 GPa determine the minimum diameter
permissible for this tie.
(a) 7.4 mm
(b) 3.5 mm
(c) 13 mm
(d) None of these options.",Original,Medium,a,4,"A 2800000000000 pm cylindrical steel tensile tie must support a load of 0.032000 MN
along its long axis without elongating beyond 0.0100 m. Taking a Young's
modulus for this steel of 210000000 kPa determine the minimum diameter
permissible for this tie.
(a) 0.0074 m
(b) 3500000 nm
(c) 13000000 nm
(d) None of these options.","A 2800.00 mm cylindrical steel tensile tie must support a load of 32 kN
along its long axis without elongating beyond 10.00 mm. Taking a Young's
modulus for this steel of 210000000000 Pa determine the minimum diameter
permissible for this tie.
(a) 7400000000 pm
(b) 0.0035 m
(c) 0.0130 m
(d) None of these options.","A 2.8 metre cylindrical steel tensile tie must support a load of 32 kN
along its long axis without elongating beyond 0.0100 m. Taking a Young's
modulus for this steel of 210000000000 Pa determine the minimum diameter
permissible for this tie.
(a) 7400000 nm
(b) 3500000 nm
(c) 1.30 cm
(d) None of these options.","A 2.8 metre cylindrical steel tensile tie must support a load of 32 kN
along its long axis without elongating beyond 1 cm. Taking a Young's
modulus for this steel of 210 GPa determine the minimum diameter
permissible for this tie.
(a) 7.4 mm
(b) 3.5 mm
(c) 13 mm
(d) None of these options.","A 2.8 metre cylindrical steel tensile tie must support a load of 32 kN
along its long axis without elongating beyond 1 cm. Taking a Young's
modulus for this steel of 210 GPa determine the minimum diameter
permissible for this tie.
(a) 7.4 mm
(b) 3.5 mm
(c) 13 mm
(d) None of these options.","Taking a Young's
modulus for this steel of 210 GPa determine the minimum diameter
permissible for this tie.
 A 2.8 metre cylindrical steel tensile tie must support a load of 32 kN
along its long axis without elongating beyond 1 cm.(a) 7.4 mm
(b) 3.5 mm
(c) 13 mm
(d) None of these options.","A 2.8 metre cylindrical steel tensile specimen must support a force of 32 kN
along its long axis without elongating beyond 1 cm. Taking a Young's
modulus for this steel of 210 GPa determine the minimum diameter
permissible for this specimen.
(a) 7.4 mm
(b) 3.5 mm
(c) 13 mm
(d) None of these options.","One morning, the mothers and fathers were ready as usual in the main square of Four Houses waiting for the red bus. But this was no ordinary day, for the red bus was twenty minutes late. Very slowly, he came chugging along but once he got to the square he collapsed from exhaustion. There was no way he could take the children to school today. Then the teacher asked: A 2.8 metre cylindrical steel tensile tie must support a load of 32 kN
along its long axis without elongating beyond 1 cm. Taking a Young's
modulus for this steel of 210 GPa determine the minimum diameter
permissible for this tie.
(a) 7.4 mm
(b) 3.5 mm
(c) 13 mm
(d) None of these options.","A 2.8 metre cylindrical steel tensile tie must support a load of 32 kN
along its long axis without elongating beyond 1 cm. The tetrahedral interstitial site has a coordination number of 4.
2. Taking a Young's
modulus for this steel of 210 GPa determine the minimum diameter
permissible for this tie.
 (a) 7.4 mm
(b) 3.5 mm
(c) 13 mm
(d) None of these options.","A 2.8 metre cylindrical steel tensile tie must support a load of 32 kN
along its long axis without elongating beyond 1 cm. A hypothetical metal tensile specimen with a Young's modulus of
110 GPa has an initial length of 37900 mm and is loaded in tension
beyond the yield strength. Taking a Young's
modulus for this steel of 210 GPa determine the minimum diameter
permissible for this tie.
 (a) 7.4 mm
(b) 3.5 mm
(c) 13 mm
(d) None of these options.","A 2.8 metre cylindrical steel tensile tie must support a load of 32 kN
along its long axis without elongating beyond 1 cm. Which of the following statements is/are correct?
1. Taking a Young's
modulus for this steel of 210 GPa determine the minimum diameter
permissible for this tie.
 (a) 7.4 mm
(b) 3.5 mm
(c) 13 mm
(d) None of these options."
"You have three identically sized samples of glass: one is conventional
un-tempered plate glass, another is thermally tempered glass, and
the final is chemically tempered glass. Assuming that the thermally
tempered glass is twenty times stronger in bending than the plate
glass and the chemically tempered glass is 20% stronger in bending
than the thermally tempered glass and you fracture each piece of glass
with the same impact energy which of the following would you expect
to correctly reflect the order of the number of pieces that the glass
breaks into, from smallest number to largest number?
(a) Plate, thermally tempered, chemically tempered
(b) Thermally tempered, chemically tempered, plate
(c) Plate, chemically tempered, thermally tempered
(d) None of these options.",Original,Easy,a,4,"You have three identically sized samples of glass: one is conventional
un-tempered plate glass, another is thermally tempered glass, and
the final is chemically tempered glass. Assuming that the thermally
tempered glass is twenty times stronger in bending than the plate
glass and the chemically tempered glass is 20% stronger in bending
than the thermally tempered glass and you fracture each piece of glass
with the same impact energy which of the following would you expect
to correctly reflect the order of the number of pieces that the glass
breaks into, from smallest number to largest number?
(a) Plate, thermally tempered, chemically tempered
(b) Thermally tempered, chemically tempered, plate
(c) Plate, chemically tempered, thermally tempered
(d) None of these options.","You have three identically sized samples of glass: one is conventional
un-tempered plate glass, another is thermally tempered glass, and
the final is chemically tempered glass. Assuming that the thermally
tempered glass is twenty times stronger in bending than the plate
glass and the chemically tempered glass is 20% stronger in bending
than the thermally tempered glass and you fracture each piece of glass
with the same impact energy which of the following would you expect
to correctly reflect the order of the number of pieces that the glass
breaks into, from smallest number to largest number?
(a) Plate, thermally tempered, chemically tempered
(b) Thermally tempered, chemically tempered, plate
(c) Plate, chemically tempered, thermally tempered
(d) None of these options.","You have three identically sized samples of glass: one is conventional
un-tempered plate glass, another is thermally tempered glass, and
the final is chemically tempered glass. Assuming that the thermally
tempered glass is twenty times stronger in bending than the plate
glass and the chemically tempered glass is 20% stronger in bending
than the thermally tempered glass and you fracture each piece of glass
with the same impact energy which of the following would you expect
to correctly reflect the order of the number of pieces that the glass
breaks into, from smallest number to largest number?
(a) Plate, thermally tempered, chemically tempered
(b) Thermally tempered, chemically tempered, plate
(c) Plate, chemically tempered, thermally tempered
(d) None of these options.","You have three identically sized samples of glass: one is conventional
un-tempered plate glass, another is thermally tempered glass, and
the final is chemically tempered glass. Assuming that the thermally
tempered glass is twenty times stronger in bending than the plate
glass and the chemically tempered glass is 20% stronger in bending
than the thermally tempered glass and you fracture each piece of glass
with the same impact energy which of the following would you expect
to correctly reflect the order of the number of pieces that the glass
breaks into, from smallest number to largest number?
(a) Plate, thermally tempered, chemically tempered
(b) Thermally tempered, chemically tempered, plate
(c) Plate, chemically tempered, thermally tempered
(d) None of these options.","Assuming that the thermally
tempered glass is twenty times stronger in bending than the plate
glass and the chemically tempered glass is 20% stronger in bending
than the thermally tempered glass and you fracture each piece of glass
with the same impact energy which of the following would you expect
to correctly reflect the order of the number of pieces that the glass
breaks into, from smallest number to largest number?
 You have three identically sized samples of glass: one is conventional
un-tempered plate glass, another is thermally tempered glass, and
the final is chemically tempered glass.(a) Plate, thermally tempered, chemically tempered
(b) Thermally tempered, chemically tempered, plate
(c) Plate, chemically tempered, thermally tempered
(d) None of these options.","Assuming that the thermally
tempered glass is twenty times stronger in bending than the plate
glass and the chemically tempered glass is 20% stronger in bending
than the thermally tempered glass and you fracture each piece of glass
with the same impact energy which of the following would you expect
to correctly reflect the order of the number of pieces that the glass
breaks into, from smallest number to largest number?
 You have three identically sized samples of glass: one is conventional
un-tempered plate glass, another is thermally tempered glass, and
the final is chemically tempered glass.(a) Plate, thermally tempered, chemically tempered
(b) Thermally tempered, chemically tempered, plate
(c) Plate, chemically tempered, thermally tempered
(d) None of these options.","You have three identically sized samples of glass: one is conventional
un-tempered plate glass, another is thermally tempered glass, and
the final is chemically tempered glass. Assuming that the thermally
tempered glass is twenty times stronger in bending than the plate
glass and the chemically tempered glass is 20% stronger in bending
than the thermally tempered glass and you fracture each piece of glass
with the same impact energy which of the following would you expect
to correctly reflect the order of the number of pieces that the glass
breaks into, from smallest number to largest number?
(a) Plate, thermally tempered, chemically tempered
(b) Thermally tempered, chemically tempered, plate
(c) Plate, chemically tempered, thermally tempered
(d) None of these options.","One morning, the mothers and fathers were ready as usual in the main square of Four Houses waiting for the red bus. But this was no ordinary day, for the red bus was twenty minutes late. Very slowly, he came chugging along but once he got to the square he collapsed from exhaustion. There was no way he could take the children to school today. Then the teacher asked: You have three identically sized samples of glass: one is conventional
un-tempered plate glass, another is thermally tempered glass, and
the final is chemically tempered glass. Assuming that the thermally
tempered glass is twenty times stronger in bending than the plate
glass and the chemically tempered glass is 20% stronger in bending
than the thermally tempered glass and you fracture each piece of glass
with the same impact energy which of the following would you expect
to correctly reflect the order of the number of pieces that the glass
breaks into, from smallest number to largest number?
(a) Plate, thermally tempered, chemically tempered
(b) Thermally tempered, chemically tempered, plate
(c) Plate, chemically tempered, thermally tempered
(d) None of these options.","You have three identically sized samples of glass: one is conventional
un-tempered plate glass, another is thermally tempered glass, and
the final is chemically tempered glass. Assuming 3582 g of water vapour per hour in the
furnace exhaust gases at 218 C is condensed and cooled to 26 C, how
much heating power is contributed through the condensation process?
The molar mass of water is 18.015 g/mol, the enthalpy of fusion is
6.01 kJ/mol, the enthalpy of vaporization is 40.7 kJ/mol, and the
molar heat capacity of the gas, liquid, and solid are 36.4 J/mol*K,
75.3 J/mol*K, and 37.7 J/mol*K, respectively. Assuming that the thermally
tempered glass is twenty times stronger in bending than the plate
glass and the chemically tempered glass is 20% stronger in bending
than the thermally tempered glass and you fracture each piece of glass
with the same impact energy which of the following would you expect
to correctly reflect the order of the number of pieces that the glass
breaks into, from smallest number to largest number?
 (a) Plate, thermally tempered, chemically tempered
(b) Thermally tempered, chemically tempered, plate
(c) Plate, chemically tempered, thermally tempered
(d) None of these options.","You have three identically sized samples of glass: one is conventional
un-tempered plate glass, another is thermally tempered glass, and
the final is chemically tempered glass. A theoretical (non-degenerate) system at absolute zero of temperature would have all particles existing in the lowest possible
energy states.
2. Assuming that the thermally
tempered glass is twenty times stronger in bending than the plate
glass and the chemically tempered glass is 20% stronger in bending
than the thermally tempered glass and you fracture each piece of glass
with the same impact energy which of the following would you expect
to correctly reflect the order of the number of pieces that the glass
breaks into, from smallest number to largest number?
 (a) Plate, thermally tempered, chemically tempered
(b) Thermally tempered, chemically tempered, plate
(c) Plate, chemically tempered, thermally tempered
(d) None of these options.","You have three identically sized samples of glass: one is conventional
un-tempered plate glass, another is thermally tempered glass, and
the final is chemically tempered glass. Decreasing the molecular weight of a polymer will generally
result in an increase in the strength of that polymer.
3. Assuming that the thermally
tempered glass is twenty times stronger in bending than the plate
glass and the chemically tempered glass is 20% stronger in bending
than the thermally tempered glass and you fracture each piece of glass
with the same impact energy which of the following would you expect
to correctly reflect the order of the number of pieces that the glass
breaks into, from smallest number to largest number?
 (a) Plate, thermally tempered, chemically tempered
(b) Thermally tempered, chemically tempered, plate
(c) Plate, chemically tempered, thermally tempered
(d) None of these options."
"A tensile specimen is loaded until necking and then held at that load.
The loaded length is measured and a strain is calculated. Which of
the following is the best description of this measured strain?
(a) Both plastic strain and elastic strain
(b) Elastic strain
(c) Plastic strain
(d) None of these options.",Original,Easy,a,4,"A tensile specimen is loaded until necking and then held at that load.
The loaded length is measured and a strain is calculated. Which of
the following is the best description of this measured strain?
(a) Both plastic strain and elastic strain
(b) Elastic strain
(c) Plastic strain
(d) None of these options.","A tensile specimen is loaded until necking and then held at that load.
The loaded length is measured and a strain is calculated. Which of
the following is the best description of this measured strain?
(a) Both plastic strain and elastic strain
(b) Elastic strain
(c) Plastic strain
(d) None of these options.","A tensile specimen is loaded until necking and then held at that load.
The loaded length is measured and a strain is calculated. Which of
the following is the best description of this measured strain?
(a) Both plastic strain and elastic strain
(b) Elastic strain
(c) Plastic strain
(d) None of these options.","A tensile specimen is loaded until necking and then held at that load.
The loaded length is measured and a strain is calculated. Which of
the following is the best description of this measured strain?
(a) Both plastic strain and elastic strain
(b) Elastic strain
(c) Plastic strain
(d) None of these options.","A tensile specimen is loaded until necking and then held at that load.
The loaded length is measured and a strain is calculated. Which of
the following is the best description of this measured strain?
(a) Both plastic strain and elastic strain
(b) Elastic strain
(c) Plastic strain
(d) None of these options.","Which of
the following is the best description of this measured strain?
 A tensile specimen is loaded until necking and then held at that load.
The loaded length is measured and a strain is calculated.(a) Both plastic strain and elastic strain
(b) Elastic strain
(c) Plastic strain
(d) None of these options.","A tensile sample is loaded until necking and then held at that load.
The loaded length is measured and a strain is calculated. Which of
the following is the best description of this measured strain?
(a) Both plastic strain and elastic strain
(b) Elastic strain
(c) Plastic strain
(d) None of these options.","One morning, the mothers and fathers were ready as usual in the main square of Four Houses waiting for the red bus. But this was no ordinary day, for the red bus was twenty minutes late. Very slowly, he came chugging along but once he got to the square he collapsed from exhaustion. There was no way he could take the children to school today. Then the teacher asked: A tensile specimen is loaded until necking and then held at that load.
The loaded length is measured and a strain is calculated. Which of
the following is the best description of this measured strain?
(a) Both plastic strain and elastic strain
(b) Elastic strain
(c) Plastic strain
(d) None of these options.","A tensile specimen is loaded until necking and then held at that load.
The loaded length is measured and a strain is calculated. A grain boundary is a type of two-dimensional crystalline imperfection.
3. Which of
the following is the best description of this measured strain?
 (a) Both plastic strain and elastic strain
(b) Elastic strain
(c) Plastic strain
(d) None of these options.","A tensile specimen is loaded until necking and then held at that load.
The loaded length is measured and a strain is calculated. Increasing the dislocation density in a metal through plastic
deformation will increase the yield strength of the metal.
4. Which of
the following is the best description of this measured strain?
 (a) Both plastic strain and elastic strain
(b) Elastic strain
(c) Plastic strain
(d) None of these options.","A tensile specimen is loaded until necking and then held at that load.
The loaded length is measured and a strain is calculated. A rectangular cross-section ceramic beam is loaded in 3-point bending
by a force of 19.203 kN, resulting in a peak stress on the lower surface
of the beam of 145 MPa. Which of
the following is the best description of this measured strain?
 (a) Both plastic strain and elastic strain
(b) Elastic strain
(c) Plastic strain
(d) None of these options."
"A tensile specimen is loaded until necking and then immediately un-
loaded to zero load. The final unloaded length is measured and a strain is calculated. Which of the following is the best description of
this measured strain?
(a) Plastic strain
(b) Elastic strain
(c) Both plastic and elastic strain
(d) None of these options.",Original,Easy,a,4,"A tensile specimen is loaded until necking and then immediately un-
loaded to zero load. The final unloaded length is measured and a strain is calculated. Which of the following is the best description of
this measured strain?
(a) Plastic strain
(b) Elastic strain
(c) Both plastic and elastic strain
(d) None of these options.","A tensile specimen is loaded until necking and then immediately un-
loaded to zero load. The final unloaded length is measured and a strain is calculated. Which of the following is the best description of
this measured strain?
(a) Plastic strain
(b) Elastic strain
(c) Both plastic and elastic strain
(d) None of these options.","A tensile specimen is loaded until necking and then immediately un-
loaded to zero load. The final unloaded length is measured and a strain is calculated. Which of the following is the best description of
this measured strain?
(a) Plastic strain
(b) Elastic strain
(c) Both plastic and elastic strain
(d) None of these options.","Which of the following is the best description of
this measured strain?
 The final unloaded length is measured and a strain is calculated. A tensile specimen is loaded until necking and then immediately un-
loaded to zero load.(a) Plastic strain
(b) Elastic strain
(c) Both plastic and elastic strain
(d) None of these options.","The final unloaded length is measured and a strain is calculated. A tensile specimen is loaded until necking and then immediately un-
loaded to zero load. Which of the following is the best description of
this measured strain?
(a) Plastic strain
(b) Elastic strain
(c) Both plastic and elastic strain
(d) None of these options.","The final unloaded length is measured and a strain is calculated. A tensile specimen is loaded until necking and then immediately un-
loaded to zero load. Which of the following is the best description of
this measured strain?
(a) Plastic strain
(b) Elastic strain
(c) Both plastic and elastic strain
(d) None of these options.","A tensile sample is loaded until necking and then immediately un-
loaded to zero load. The final unloaded length is measured and a strain is calculated. Which of the following is the best description of
this measured strain?
(a) Plastic strain
(b) Elastic strain
(c) Both plastic and elastic strain
(d) None of these options.","One morning, the mothers and fathers were ready as usual in the main square of Four Houses waiting for the red bus. But this was no ordinary day, for the red bus was twenty minutes late. Very slowly, he came chugging along but once he got to the square he collapsed from exhaustion. There was no way he could take the children to school today. Then the teacher asked: A tensile specimen is loaded until necking and then immediately un-
loaded to zero load. The final unloaded length is measured and a strain is calculated. Which of the following is the best description of
this measured strain?
(a) Plastic strain
(b) Elastic strain
(c) Both plastic and elastic strain
(d) None of these options.","A tensile specimen is loaded until necking and then immediately un-
loaded to zero load. For a 4232 g sample of 1.2 wt%C steel at
726 C, determine the mass of ferrite present.
 The final unloaded length is measured and a strain is calculated. Which of the following is the best description of
this measured strain?
 (a) Plastic strain
(b) Elastic strain
(c) Both plastic and elastic strain
(d) None of these options.","A tensile specimen is loaded until necking and then immediately un-
loaded to zero load. A hypothetical metal tensile specimen with a Young's modulus of
110 GPa has an initial length of 37900 mm and is loaded in tension
beyond the yield strength. The final unloaded length is measured and a strain is calculated. Which of the following is the best description of
this measured strain?
 (a) Plastic strain
(b) Elastic strain
(c) Both plastic and elastic strain
(d) None of these options.","A tensile specimen is loaded until necking and then immediately un-
loaded to zero load. An hypothetical metal has an atomic radius of 323 nm and has the
HCP crystal structure with c/a = 1.624. The final unloaded length is measured and a strain is calculated. Which of the following is the best description of
this measured strain?
 (a) Plastic strain
(b) Elastic strain
(c) Both plastic and elastic strain
(d) None of these options."
"A tensile specimen is loaded until just before necking and then loading
is stopped without unloading. The length of the sample is measured

and a strain is calculated. Which of the following is the best descrip-
tion of the types of strain contributing to the total measured strain?

(a) Linear elastic, uniform plastic
(b) Uniform elastic, non-uniform elastic, uniform plastic
(c) Linear elastic, uniform plastic, localized plastic
(d) None of these options.",Original,Medium,a,4,"A tensile specimen is loaded until just before necking and then loading
is stopped without unloading. The length of the sample is measured

and a strain is calculated. Which of the following is the best descrip-
tion of the types of strain contributing to the total measured strain?

(a) Linear elastic, uniform plastic
(b) Uniform elastic, non-uniform elastic, uniform plastic
(c) Linear elastic, uniform plastic, localized plastic
(d) None of these options.","A tensile specimen is loaded until just before necking and then loading
is stopped without unloading. The length of the sample is measured

and a strain is calculated. Which of the following is the best descrip-
tion of the types of strain contributing to the total measured strain?

(a) Linear elastic, uniform plastic
(b) Uniform elastic, non-uniform elastic, uniform plastic
(c) Linear elastic, uniform plastic, localized plastic
(d) None of these options.","A tensile specimen is loaded until just before necking and then loading
is stopped without unloading. The length of the sample is measured

and a strain is calculated. Which of the following is the best descrip-
tion of the types of strain contributing to the total measured strain?

(a) Linear elastic, uniform plastic
(b) Uniform elastic, non-uniform elastic, uniform plastic
(c) Linear elastic, uniform plastic, localized plastic
(d) None of these options.","The length of the sample is measured

and a strain is calculated. Which of the following is the best descrip-
tion of the types of strain contributing to the total measured strain?

 A tensile specimen is loaded until just before necking and then loading
is stopped without unloading.(a) Linear elastic, uniform plastic
(b) Uniform elastic, non-uniform elastic, uniform plastic
(c) Linear elastic, uniform plastic, localized plastic
(d) None of these options.","The length of the sample is measured

and a strain is calculated. A tensile specimen is loaded until just before necking and then loading
is stopped without unloading. Which of the following is the best descrip-
tion of the types of strain contributing to the total measured strain?

(a) Linear elastic, uniform plastic
(b) Uniform elastic, non-uniform elastic, uniform plastic
(c) Linear elastic, uniform plastic, localized plastic
(d) None of these options.","Which of the following is the best descrip-
tion of the types of strain contributing to the total measured strain?

 The length of the sample is measured

and a strain is calculated. A tensile specimen is loaded until just before necking and then loading
is stopped without unloading.(a) Linear elastic, uniform plastic
(b) Uniform elastic, non-uniform elastic, uniform plastic
(c) Linear elastic, uniform plastic, localized plastic
(d) None of these options.","A tensile sample is loaded until just before necking and then loading
is stopped without unloading. The length of the sample is measured

and a strain is calculated. Which of the following is the best descrip-
tion of the types of strain contributing to the total measured strain?

(a) Linear elastic, uniform plastic
(b) Uniform elastic, non-uniform elastic, uniform plastic
(c) Linear elastic, uniform plastic, localized plastic
(d) None of these options.","One morning, the mothers and fathers were ready as usual in the main square of Four Houses waiting for the red bus. But this was no ordinary day, for the red bus was twenty minutes late. Very slowly, he came chugging along but once he got to the square he collapsed from exhaustion. There was no way he could take the children to school today. Then the teacher asked: A tensile specimen is loaded until just before necking and then loading
is stopped without unloading. The length of the sample is measured

and a strain is calculated. Which of the following is the best descrip-
tion of the types of strain contributing to the total measured strain?

(a) Linear elastic, uniform plastic
(b) Uniform elastic, non-uniform elastic, uniform plastic
(c) Linear elastic, uniform plastic, localized plastic
(d) None of these options.","A tensile specimen is loaded until just before necking and then loading
is stopped without unloading. A steel bar having a yield strength of 450 MPa, an ultimate tensile strength of 530 MPa and
dimensions 23 mm * 118 mm * 5900 mm is loaded in tension along its long axis. The length of the sample is measured

and a strain is calculated. Which of the following is the best descrip-
tion of the types of strain contributing to the total measured strain?

 (a) Linear elastic, uniform plastic
(b) Uniform elastic, non-uniform elastic, uniform plastic
(c) Linear elastic, uniform plastic, localized plastic
(d) None of these options.","A tensile specimen is loaded until just before necking and then loading
is stopped without unloading. The Young's modulus and fracture strength of this metal
are known to be 100 GPa and 1.1 GPa, respectively. The length of the sample is measured

and a strain is calculated. Which of the following is the best descrip-
tion of the types of strain contributing to the total measured strain?

 (a) Linear elastic, uniform plastic
(b) Uniform elastic, non-uniform elastic, uniform plastic
(c) Linear elastic, uniform plastic, localized plastic
(d) None of these options.","A tensile specimen is loaded until just before necking and then loading
is stopped without unloading. Which of the following statements is/are correct?
1. The length of the sample is measured

and a strain is calculated. Which of the following is the best descrip-
tion of the types of strain contributing to the total measured strain?

 (a) Linear elastic, uniform plastic
(b) Uniform elastic, non-uniform elastic, uniform plastic
(c) Linear elastic, uniform plastic, localized plastic
(d) None of these options."
"A tensile specimen is loaded beyond necking, but not to fracture
and then is unloaded to zero stress. The length of the sample is
measured and a strain is calculated. Which of the following is the best
description of the types of strain contributing to the total measured
strain?
(a) Uniform plastic, localized plastic
(b) Linear elastic, uniform plastic, localized plastic
(c) Linear elastic, uniform plastic
(d) None of these options.",Original,Medium,a,4,"A tensile specimen is loaded beyond necking, but not to fracture
and then is unloaded to zero stress. The length of the sample is
measured and a strain is calculated. Which of the following is the best
description of the types of strain contributing to the total measured
strain?
(a) Uniform plastic, localized plastic
(b) Linear elastic, uniform plastic, localized plastic
(c) Linear elastic, uniform plastic
(d) None of these options.","A tensile specimen is loaded beyond necking, but not to fracture
and then is unloaded to zero stress. The length of the sample is
measured and a strain is calculated. Which of the following is the best
description of the types of strain contributing to the total measured
strain?
(a) Uniform plastic, localized plastic
(b) Linear elastic, uniform plastic, localized plastic
(c) Linear elastic, uniform plastic
(d) None of these options.","A tensile specimen is loaded beyond necking, but not to fracture
and then is unloaded to zero stress. The length of the sample is
measured and a strain is calculated. Which of the following is the best
description of the types of strain contributing to the total measured
strain?
(a) Uniform plastic, localized plastic
(b) Linear elastic, uniform plastic, localized plastic
(c) Linear elastic, uniform plastic
(d) None of these options.","A tensile specimen is loaded beyond necking, but not to fracture
and then is unloaded to zero stress. The length of the sample is
measured and a strain is calculated. Which of the following is the best
description of the types of strain contributing to the total measured
strain?
(a) Uniform plastic, localized plastic
(b) Linear elastic, uniform plastic, localized plastic
(c) Linear elastic, uniform plastic
(d) None of these options.","A tensile specimen is loaded beyond necking, but not to fracture
and then is unloaded to zero stress. Which of the following is the best
description of the types of strain contributing to the total measured
strain?
 The length of the sample is
measured and a strain is calculated.(a) Uniform plastic, localized plastic
(b) Linear elastic, uniform plastic, localized plastic
(c) Linear elastic, uniform plastic
(d) None of these options.","A tensile specimen is loaded beyond necking, but not to fracture
and then is unloaded to zero stress. The length of the sample is
measured and a strain is calculated. Which of the following is the best
description of the types of strain contributing to the total measured
strain?
(a) Uniform plastic, localized plastic
(b) Linear elastic, uniform plastic, localized plastic
(c) Linear elastic, uniform plastic
(d) None of these options.","A tensile sample is loaded beyond necking, but not to fracture
and then is unloaded to zero stress. The length of the sample is
measured and a strain is calculated. Which of the following is the best
description of the types of strain contributing to the total measured
strain?
(a) Uniform plastic, localized plastic
(b) Linear elastic, uniform plastic, localized plastic
(c) Linear elastic, uniform plastic
(d) None of these options.","One morning, the mothers and fathers were ready as usual in the main square of Four Houses waiting for the red bus. But this was no ordinary day, for the red bus was twenty minutes late. Very slowly, he came chugging along but once he got to the square he collapsed from exhaustion. There was no way he could take the children to school today. Then the teacher asked: A tensile specimen is loaded beyond necking, but not to fracture
and then is unloaded to zero stress. The length of the sample is
measured and a strain is calculated. Which of the following is the best
description of the types of strain contributing to the total measured
strain?
(a) Uniform plastic, localized plastic
(b) Linear elastic, uniform plastic, localized plastic
(c) Linear elastic, uniform plastic
(d) None of these options.","A tensile specimen is loaded beyond necking, but not to fracture
and then is unloaded to zero stress. The sentence is, ""Tensile
testing was performed on this new aluminum alloy and the _________ was determined to be
68.5 GPa."" Which of the following words is most likely to fill in the blank?
 The length of the sample is
measured and a strain is calculated. Which of the following is the best
description of the types of strain contributing to the total measured
strain?
 (a) Uniform plastic, localized plastic
(b) Linear elastic, uniform plastic, localized plastic
(c) Linear elastic, uniform plastic
(d) None of these options.","A tensile specimen is loaded beyond necking, but not to fracture
and then is unloaded to zero stress. The maximum solid solubility of carbon in ferrite occurs at
0.022 wt% C and 727 C, the eutectoid composition is 0.76 wt% C, the
maximum solid solubility of carbon in austenite occurs at 2.14 wt% C
and 1147 C, and the cementite composition is 6.7 wt% C. The length of the sample is
measured and a strain is calculated. Which of the following is the best
description of the types of strain contributing to the total measured
strain?
 (a) Uniform plastic, localized plastic
(b) Linear elastic, uniform plastic, localized plastic
(c) Linear elastic, uniform plastic
(d) None of these options.","A tensile specimen is loaded beyond necking, but not to fracture
and then is unloaded to zero stress. 32 g of solid sugar is added to 68 g of liquid water at room temperature
and allowed to reach equilibrium. The length of the sample is
measured and a strain is calculated. Which of the following is the best
description of the types of strain contributing to the total measured
strain?
 (a) Uniform plastic, localized plastic
(b) Linear elastic, uniform plastic, localized plastic
(c) Linear elastic, uniform plastic
(d) None of these options."
"A tensile specimen is loaded until just before fracture and then loading
is stopped without unloading. The length of the sample is measured

and a strain is calculated. Which of the following is the best descrip-
tion of the types of strain contributing to this measured strain?

(a) Linear elastic, uniform plastic, non-uniform plastic
(b) Linear elastic, uniform plastic
(c) Uniform plastic, localized plastic
(d) None of these options.",Original,Medium,a,4,"A tensile specimen is loaded until just before fracture and then loading
is stopped without unloading. The length of the sample is measured

and a strain is calculated. Which of the following is the best descrip-
tion of the types of strain contributing to this measured strain?

(a) Linear elastic, uniform plastic, non-uniform plastic
(b) Linear elastic, uniform plastic
(c) Uniform plastic, localized plastic
(d) None of these options.","A tensile specimen is loaded until just before fracture and then loading
is stopped without unloading. The length of the sample is measured

and a strain is calculated. Which of the following is the best descrip-
tion of the types of strain contributing to this measured strain?

(a) Linear elastic, uniform plastic, non-uniform plastic
(b) Linear elastic, uniform plastic
(c) Uniform plastic, localized plastic
(d) None of these options.","A tensile specimen is loaded until just before fracture and then loading
is stopped without unloading. The length of the sample is measured

and a strain is calculated. Which of the following is the best descrip-
tion of the types of strain contributing to this measured strain?

(a) Linear elastic, uniform plastic, non-uniform plastic
(b) Linear elastic, uniform plastic
(c) Uniform plastic, localized plastic
(d) None of these options.","A tensile specimen is loaded until just before fracture and then loading
is stopped without unloading. The length of the sample is measured

and a strain is calculated. Which of the following is the best descrip-
tion of the types of strain contributing to this measured strain?

(a) Linear elastic, uniform plastic, non-uniform plastic
(b) Linear elastic, uniform plastic
(c) Uniform plastic, localized plastic
(d) None of these options.","A tensile specimen is loaded until just before fracture and then loading
is stopped without unloading. The length of the sample is measured

and a strain is calculated. Which of the following is the best descrip-
tion of the types of strain contributing to this measured strain?

(a) Linear elastic, uniform plastic, non-uniform plastic
(b) Linear elastic, uniform plastic
(c) Uniform plastic, localized plastic
(d) None of these options.","A tensile specimen is loaded until just before fracture and then loading
is stopped without unloading. Which of the following is the best descrip-
tion of the types of strain contributing to this measured strain?

 The length of the sample is measured

and a strain is calculated.(a) Linear elastic, uniform plastic, non-uniform plastic
(b) Linear elastic, uniform plastic
(c) Uniform plastic, localized plastic
(d) None of these options.","A tensile sample is loaded until just before fracture and then loading
is stopped without unloading. The length of the sample is measured

and a strain is calculated. Which of the following is the best descrip-
tion of the types of strain contributing to this measured strain?

(a) Linear elastic, uniform plastic, non-uniform plastic
(b) Linear elastic, uniform plastic
(c) Uniform plastic, localized plastic
(d) None of these options.","One morning, the mothers and fathers were ready as usual in the main square of Four Houses waiting for the red bus. But this was no ordinary day, for the red bus was twenty minutes late. Very slowly, he came chugging along but once he got to the square he collapsed from exhaustion. There was no way he could take the children to school today. Then the teacher asked: A tensile specimen is loaded until just before fracture and then loading
is stopped without unloading. The length of the sample is measured

and a strain is calculated. Which of the following is the best descrip-
tion of the types of strain contributing to this measured strain?

(a) Linear elastic, uniform plastic, non-uniform plastic
(b) Linear elastic, uniform plastic
(c) Uniform plastic, localized plastic
(d) None of these options.","A tensile specimen is loaded until just before fracture and then loading
is stopped without unloading. A colleague states, ""the strength of this ceramic sample is 845 MPa."" Which of the following is
most likely to be the strength that your colleague is actually referring to?
 The length of the sample is measured

and a strain is calculated. Which of the following is the best descrip-
tion of the types of strain contributing to this measured strain?

 (a) Linear elastic, uniform plastic, non-uniform plastic
(b) Linear elastic, uniform plastic
(c) Uniform plastic, localized plastic
(d) None of these options.","A tensile specimen is loaded until just before fracture and then loading
is stopped without unloading. A sample of a heavily cold worked 316L stainless steel is heated for several hours in a furnace at 1065 C. The length of the sample is measured

and a strain is calculated. Which of the following is the best descrip-
tion of the types of strain contributing to this measured strain?

 (a) Linear elastic, uniform plastic, non-uniform plastic
(b) Linear elastic, uniform plastic
(c) Uniform plastic, localized plastic
(d) None of these options.","A tensile specimen is loaded until just before fracture and then loading
is stopped without unloading. The temperature is then lowered to a temperature T1
and allowed to reach equilibrium. The length of the sample is measured

and a strain is calculated. Which of the following is the best descrip-
tion of the types of strain contributing to this measured strain?

 (a) Linear elastic, uniform plastic, non-uniform plastic
(b) Linear elastic, uniform plastic
(c) Uniform plastic, localized plastic
(d) None of these options."
"A very important brass tensile specimen is accidentally dropped caus-
ing plastic deformation within the reduced section. The sample is

carefully straightened back out, a tensile test is performed and sev-
eral material properties are determined. Which of the following ma-
terial properties would you expect to be unaffected by the accidental

dropping?
(a) Young's modulus
(b) Yield strength, Young's modulus
(c) Yield strength
(d) None of these options.",Original,Easy,a,4,"A very important brass tensile specimen is accidentally dropped caus-
ing plastic deformation within the reduced section. The sample is

carefully straightened back out, a tensile test is performed and sev-
eral material properties are determined. Which of the following ma-
terial properties would you expect to be unaffected by the accidental

dropping?
(a) Young's modulus
(b) Yield strength, Young's modulus
(c) Yield strength
(d) None of these options.","A very important brass tensile specimen is accidentally dropped caus-
ing plastic deformation within the reduced section. The sample is

carefully straightened back out, a tensile test is performed and sev-
eral material properties are determined. Which of the following ma-
terial properties would you expect to be unaffected by the accidental

dropping?
(a) Young's modulus
(b) Yield strength, Young's modulus
(c) Yield strength
(d) None of these options.","A very important brass tensile specimen is accidentally dropped caus-
ing plastic deformation within the reduced section. The sample is

carefully straightened back out, a tensile test is performed and sev-
eral material properties are determined. Which of the following ma-
terial properties would you expect to be unaffected by the accidental

dropping?
(a) Young's modulus
(b) Yield strength, Young's modulus
(c) Yield strength
(d) None of these options.","A very important brass tensile specimen is accidentally dropped caus-
ing plastic deformation within the reduced section. The sample is

carefully straightened back out, a tensile test is performed and sev-
eral material properties are determined. Which of the following ma-
terial properties would you expect to be unaffected by the accidental

dropping?
(a) Young's modulus
(b) Yield strength, Young's modulus
(c) Yield strength
(d) None of these options.","A very important brass tensile specimen is accidentally dropped caus-
ing plastic deformation within the reduced section. The sample is

carefully straightened back out, a tensile test is performed and sev-
eral material properties are determined. Which of the following ma-
terial properties would you expect to be unaffected by the accidental

dropping?
(a) Young's modulus
(b) Yield strength, Young's modulus
(c) Yield strength
(d) None of these options.","Which of the following ma-
terial properties would you expect to be unaffected by the accidental

dropping?
 A very important brass tensile specimen is accidentally dropped caus-
ing plastic deformation within the reduced section. The sample is

carefully straightened back out, a tensile test is performed and sev-
eral material properties are determined.(a) Young's modulus
(b) Yield strength, Young's modulus
(c) Yield strength
(d) None of these options.","A very important brass tensile specimen is accidentally dropped caus-
ing plastic deformation within the reduced section. The sample is

carefully straightened back out, a tensile test is performed and sev-
eral material properties are determined. Which of the following ma-
terial properties would you expect to be unaffected by the accidental

dropping?
(a) Young's modulus
(b) Yield strength, Young's modulus
(c) Yield strength
(d) None of these options.","One morning, the mothers and fathers were ready as usual in the main square of Four Houses waiting for the red bus. But this was no ordinary day, for the red bus was twenty minutes late. Very slowly, he came chugging along but once he got to the square he collapsed from exhaustion. There was no way he could take the children to school today. Then the teacher asked: A very important brass tensile specimen is accidentally dropped caus-
ing plastic deformation within the reduced section. The sample is

carefully straightened back out, a tensile test is performed and sev-
eral material properties are determined. Which of the following ma-
terial properties would you expect to be unaffected by the accidental

dropping?
(a) Young's modulus
(b) Yield strength, Young's modulus
(c) Yield strength
(d) None of these options.","A very important brass tensile specimen is accidentally dropped caus-
ing plastic deformation within the reduced section. In the iron carbon system, the maximum solid solubility of carbon in
ferrite occurs at 0.022 wt%C and 727 C, the eutectoid composition
is 0.76 wt%C, the eutectoid temperature is 727 C and the cementite
composition is 6.7 wt%C. The sample is

carefully straightened back out, a tensile test is performed and sev-
eral material properties are determined. Which of the following ma-
terial properties would you expect to be unaffected by the accidental

dropping?
 (a) Young's modulus
(b) Yield strength, Young's modulus
(c) Yield strength
(d) None of these options.","A very important brass tensile specimen is accidentally dropped caus-
ing plastic deformation within the reduced section. Decreasing the crystallinity of a polymer would generally be
expected to increase the density of that polymer.
4. The sample is

carefully straightened back out, a tensile test is performed and sev-
eral material properties are determined. Which of the following ma-
terial properties would you expect to be unaffected by the accidental

dropping?
 (a) Young's modulus
(b) Yield strength, Young's modulus
(c) Yield strength
(d) None of these options.","A very important brass tensile specimen is accidentally dropped caus-
ing plastic deformation within the reduced section. The sample is then
unloaded completely and the strain is found to be 0.01. The sample is

carefully straightened back out, a tensile test is performed and sev-
eral material properties are determined. Which of the following ma-
terial properties would you expect to be unaffected by the accidental

dropping?
 (a) Young's modulus
(b) Yield strength, Young's modulus
(c) Yield strength
(d) None of these options."
"A lattice of cations, each coordinated with four nearest neighbour an-
ions in a tetrahedral arrangement is formed with cations positioned in face-centred-type positions. What crystal structure is best described
here?
(a) ZnS
(b) NaCl
(c) CaF2
(d) None of these options.",Original,Easy,a,4,"A lattice of cations, each coordinated with four nearest neighbour an-
ions in a tetrahedral arrangement is formed with cations positioned in face-centred-type positions. What crystal structure is best described
here?
(a) ZnS
(b) NaCl
(c) CaF2
(d) None of these options.","A lattice of cations, each coordinated with four nearest neighbour an-
ions in a tetrahedral arrangement is formed with cations positioned in face-centred-type positions. What crystal structure is best described
here?
(a) ZnS
(b) NaCl
(c) CaF2
(d) None of these options.","A lattice of cations, each coordinated with four nearest neighbour an-
ions in a tetrahedral arrangement is formed with cations positioned in face-centred-type positions. What crystal structure is best described
here?
(a) ZnS
(b) NaCl
(c) CaF2
(d) None of these options.","A lattice of cations, each coordinated with four nearest neighbour an-
ions in a tetrahedral arrangement is formed with cations positioned in face-centred-type positions. What crystal structure is best described
here?
(a) ZnS
(b) NaCl
(c) CaF2
(d) None of these options.","A lattice of cations, each coordinated with four nearest neighbour an-
ions in a tetrahedral arrangement is formed with cations positioned in face-centred-type positions. What crystal structure is best described
here?
(a) ZnS
(b) NaCl
(c) CaF2
(d) None of these options.","What crystal structure is best described
here?
 A lattice of cations, each coordinated with four nearest neighbour an-
ions in a tetrahedral arrangement is formed with cations positioned in face-centred-type positions.(a) ZnS
(b) NaCl
(c) CaF2
(d) None of these options.","A lattice of cations, each coordinated with four nearest neighbour an-
ions in a tetrahedral arrangement is formed with cations positioned in face-centred-type positions. What crystal structure is best described
here?
(a) ZnS
(b) NaCl
(c) CaF2
(d) None of these options.","One morning, the mothers and fathers were ready as usual in the main square of Four Houses waiting for the red bus. But this was no ordinary day, for the red bus was twenty minutes late. Very slowly, he came chugging along but once he got to the square he collapsed from exhaustion. There was no way he could take the children to school today. Then the teacher asked: A lattice of cations, each coordinated with four nearest neighbour an-
ions in a tetrahedral arrangement is formed with cations positioned in face-centred-type positions. What crystal structure is best described
here?
(a) ZnS
(b) NaCl
(c) CaF2
(d) None of these options.","A lattice of cations, each coordinated with four nearest neighbour an-
ions in a tetrahedral arrangement is formed with cations positioned in face-centred-type positions. The Young's modulus and fracture strength of this metal
are known to be 100 GPa and 1.1 GPa, respectively. What crystal structure is best described
here?
 (a) ZnS
(b) NaCl
(c) CaF2
(d) None of these options.","A lattice of cations, each coordinated with four nearest neighbour an-
ions in a tetrahedral arrangement is formed with cations positioned in face-centred-type positions. The n-doped and p-doped samples
have a conductivity of 0.39 Ohm^-1 m^-1 and 0.32 Ohm^-1 m^-1, repectively.
Determine the relative dopant concentration between samples.
 What crystal structure is best described
here?
 (a) ZnS
(b) NaCl
(c) CaF2
(d) None of these options.","A lattice of cations, each coordinated with four nearest neighbour an-
ions in a tetrahedral arrangement is formed with cations positioned in face-centred-type positions. Two 1 m lengths of a woven polypropylene rope having a glass transition temperature of -20 C are loaded in tension for 8 months. What crystal structure is best described
here?
 (a) ZnS
(b) NaCl
(c) CaF2
(d) None of these options."
"Which of the following is the best explanation of the engineering stress?
a) The applied force divided by the initial cross-sectional area
b) The applied force divided by the instantaneous cross-sectional area
c) The applied force divided by the cross-sectional area within the necked
region
d) None of the above",Original,Easy,a,4,"Which of the following is the best explanation of the engineering stress?
a) The applied force divided by the initial cross-sectional area
b) The applied force divided by the instantaneous cross-sectional area
c) The applied force divided by the cross-sectional area within the necked
region
d) None of the above","Which of the following is the best explanation of the engineering stress?
a) The applied force divided by the initial cross-sectional area
b) The applied force divided by the instantaneous cross-sectional area
c) The applied force divided by the cross-sectional area within the necked
region
d) None of the above","Which of the following is the best explanation of the engineering stress?
a) The applied force divided by the initial cross-sectional area
b) The applied force divided by the instantaneous cross-sectional area
c) The applied force divided by the cross-sectional area within the necked
region
d) None of the above","Which of the following is the best explanation of the engineering stress?
a) The applied force divided by the initial cross-sectional area
b) The applied force divided by the instantaneous cross-sectional area
c) The applied force divided by the cross-sectional area within the necked
region
d) None of the above","Which of the following is the best explanation of the engineering stress?
a) The applied force divided by the initial cross-sectional area
b) The applied force divided by the instantaneous cross-sectional area
c) The applied force divided by the cross-sectional area within the necked
region
d) None of the above","Which of the following is the best explanation of the engineering stress?
a) The applied force divided by the initial cross-sectional area
b) The applied force divided by the instantaneous cross-sectional area
c) The applied force divided by the cross-sectional area within the necked
region
d) None of the above","Which of the following is the best explanation of the engineering stress?
a) The applied load divided by the initial cross-sectional area
b) The applied load divided by the instantaneous cross-sectional area
c) The applied load divided by the cross-sectional area within the necked
region
d) None of the above","One morning, the mothers and fathers were ready as usual in the main square of Four Houses waiting for the red bus. But this was no ordinary day, for the red bus was twenty minutes late. Very slowly, he came chugging along but once he got to the square he collapsed from exhaustion. There was no way he could take the children to school today. Then the teacher asked: Which of the following is the best explanation of the engineering stress?
a) The applied force divided by the initial cross-sectional area
b) The applied force divided by the instantaneous cross-sectional area
c) The applied force divided by the cross-sectional area within the necked
region
d) None of the above","Which of the following is the best explanation of the engineering stress?
 The octahedral interstitial site has a coordination number of 8.
3. a) The applied force divided by the initial cross-sectional area
b) The applied force divided by the instantaneous cross-sectional area
c) The applied force divided by the cross-sectional area within the necked
region
d) None of the above","Which of the following is the best explanation of the engineering stress?
 A grain boundary is a type of two-dimensional crystalline imperfection.
3. a) The applied force divided by the initial cross-sectional area
b) The applied force divided by the instantaneous cross-sectional area
c) The applied force divided by the cross-sectional area within the necked
region
d) None of the above","Which of the following is the best explanation of the engineering stress?
 A 505 N load is applied on the top surface at the midspan.

Which of the following is the load bearing cross-sectional area sup-
porting a tensile load?

 a) The applied force divided by the initial cross-sectional area
b) The applied force divided by the instantaneous cross-sectional area
c) The applied force divided by the cross-sectional area within the necked
region
d) None of the above"
"Regarding a standard tensile specimen, which of the following statements is true?
a) The gauge length is normally longer than the reduced section, but the
reduced section is never longer than the gauge length
b) The gauge length is normally less than the reduced section, but the
reduced section is never less than the gauge length
c) The reduced section and the gauge length are normally equal
d) None of the above",Original,Easy,b,4,"Regarding a standard tensile specimen, which of the following statements is true?
a) The gauge length is normally longer than the reduced section, but the
reduced section is never longer than the gauge length
b) The gauge length is normally less than the reduced section, but the
reduced section is never less than the gauge length
c) The reduced section and the gauge length are normally equal
d) None of the above","Regarding a standard tensile specimen, which of the following statements is true?
a) The gauge length is normally longer than the reduced section, but the
reduced section is never longer than the gauge length
b) The gauge length is normally less than the reduced section, but the
reduced section is never less than the gauge length
c) The reduced section and the gauge length are normally equal
d) None of the above","Regarding a standard tensile specimen, which of the following statements is true?
a) The gauge length is normally longer than the reduced section, but the
reduced section is never longer than the gauge length
b) The gauge length is normally less than the reduced section, but the
reduced section is never less than the gauge length
c) The reduced section and the gauge length are normally equal
d) None of the above","Regarding a standard tensile specimen, which of the following statements is true?
a) The gauge length is normally longer than the reduced section, but the
reduced section is never longer than the gauge length
b) The gauge length is normally less than the reduced section, but the
reduced section is never less than the gauge length
c) The reduced section and the gauge length are normally equal
d) None of the above","Regarding a standard tensile specimen, which of the following statements is true?
a) The gauge length is normally longer than the reduced section, but the
reduced section is never longer than the gauge length
b) The gauge length is normally less than the reduced section, but the
reduced section is never less than the gauge length
c) The reduced section and the gauge length are normally equal
d) None of the above","Regarding a standard tensile specimen, which of the following statements is true?
a) The gauge length is normally longer than the reduced section, but the
reduced section is never longer than the gauge length
b) The gauge length is normally less than the reduced section, but the
reduced section is never less than the gauge length
c) The reduced section and the gauge length are normally equal
d) None of the above","Regarding a standard tensile specimen, which of the following statements is true?
a) The gauge length is normally longer than the reduced section, but the
reduced section is never longer than the gauge length
b) The gauge length is normally less than the reduced section, but the
reduced section is never less than the gauge length
c) The reduced section and the gauge length are normally equal
d) None of the above","One morning, the mothers and fathers were ready as usual in the main square of Four Houses waiting for the red bus. But this was no ordinary day, for the red bus was twenty minutes late. Very slowly, he came chugging along but once he got to the square he collapsed from exhaustion. There was no way he could take the children to school today. Then the teacher asked: Regarding a standard tensile specimen, which of the following statements is true?
a) The gauge length is normally longer than the reduced section, but the
reduced section is never longer than the gauge length
b) The gauge length is normally less than the reduced section, but the
reduced section is never less than the gauge length
c) The reduced section and the gauge length are normally equal
d) None of the above","Regarding a standard tensile specimen, which of the following statements is true?
 The n-doped and p-doped samples
have a conductivity of 0.39 Ohm^-1 m^-1 and 0.32 Ohm^-1 m^-1, repectively.
Determine the relative dopant concentration between samples.
 a) The gauge length is normally longer than the reduced section, but the
reduced section is never longer than the gauge length
b) The gauge length is normally less than the reduced section, but the
reduced section is never less than the gauge length
c) The reduced section and the gauge length are normally equal
d) None of the above","Regarding a standard tensile specimen, which of the following statements is true?
 Which of the following is the correct number of vacancies in this metal at equilibrium at 928 C?
 a) The gauge length is normally longer than the reduced section, but the
reduced section is never longer than the gauge length
b) The gauge length is normally less than the reduced section, but the
reduced section is never less than the gauge length
c) The reduced section and the gauge length are normally equal
d) None of the above","Regarding a standard tensile specimen, which of the following statements is true?
 The anion and cation molar masses are 28.57 g/mol and 34.4 g/mol, respectively. a) The gauge length is normally longer than the reduced section, but the
reduced section is never longer than the gauge length
b) The gauge length is normally less than the reduced section, but the
reduced section is never less than the gauge length
c) The reduced section and the gauge length are normally equal
d) None of the above"
"Which of the following would be expected to cause a change in the elastic
modulus?
a) An increase in the impurity concentration in a metal
b) An increase in the dislocation density of a metal
c) A reduction in the grain size of a metal
d) An increase in crystallinity of a polymer",Original,Easy,d,4,"Which of the following would be expected to cause a change in the elastic
modulus?
a) An increase in the impurity concentration in a metal
b) An increase in the dislocation density of a metal
c) A reduction in the grain size of a metal
d) An increase in crystallinity of a polymer","Which of the following would be expected to cause a change in the elastic
modulus?
a) An increase in the impurity concentration in a metal
b) An increase in the dislocation density of a metal
c) A reduction in the grain size of a metal
d) An increase in crystallinity of a polymer","Which of the following would be expected to cause a change in the elastic
modulus?
a) An increase in the impurity concentration in a metal
b) An increase in the dislocation density of a metal
c) A reduction in the grain size of a metal
d) An increase in crystallinity of a polymer","Which of the following would be expected to cause a change in the elastic
modulus?
a) An increase in the impurity concentration in a metal
b) An increase in the dislocation density of a metal
c) A reduction in the grain size of a metal
d) An increase in crystallinity of a polymer","Which of the following would be expected to cause a change in the elastic
modulus?
a) An increase in the impurity concentration in a metal
b) An increase in the dislocation density of a metal
c) A reduction in the grain size of a metal
d) An increase in crystallinity of a polymer","Which of the following would be expected to cause a change in the elastic
modulus?
a) An increase in the impurity concentration in a metal
b) An increase in the dislocation density of a metal
c) A reduction in the grain size of a metal
d) An increase in crystallinity of a polymer","Which of the following would be expected to change the Young's
modulus?
a) An increase in the impurity concentration in a metal
b) An increase in the dislocation density of a metal
c) A reduction in the grain size of a metal
d) An increase in crystallinity of a polymer","One morning, the mothers and fathers were ready as usual in the main square of Four Houses waiting for the red bus. But this was no ordinary day, for the red bus was twenty minutes late. Very slowly, he came chugging along but once he got to the square he collapsed from exhaustion. There was no way he could take the children to school today. Then the teacher asked: Which of the following would be expected to cause a change in the elastic
modulus?
a) An increase in the impurity concentration in a metal
b) An increase in the dislocation density of a metal
c) A reduction in the grain size of a metal
d) An increase in crystallinity of a polymer","Which of the following would be expected to cause a change in the elastic
modulus?
 Decreasing the molecular weight of a polymer will generally
result in an increase in the strength of that polymer.
3. a) An increase in the impurity concentration in a metal
b) An increase in the dislocation density of a metal
c) A reduction in the grain size of a metal
d) An increase in crystallinity of a polymer","Which of the following would be expected to cause a change in the elastic
modulus?
 The change in length
from the loaded length to the final unloaded length is measured to be
0.33 mm. a) An increase in the impurity concentration in a metal
b) An increase in the dislocation density of a metal
c) A reduction in the grain size of a metal
d) An increase in crystallinity of a polymer","Which of the following would be expected to cause a change in the elastic
modulus?
 A cylindrical cross-section tensile specimen is loaded such that the
stress in the reduced section is 461 MPa. a) An increase in the impurity concentration in a metal
b) An increase in the dislocation density of a metal
c) A reduction in the grain size of a metal
d) An increase in crystallinity of a polymer"
"Which of the following is closest to the atomic scale?

a) 10^-14 m
b) 10^-6 m
c) 10^-10 m
d) 10^-23 m",Original,Easy,c,4,"Which of the following is closest to the atomic scale?

a) 10^-14000000000 nm
b) 10^-6.0 m
c) 10^-10000000000 nm
d) 10^-23.0 m","Which of the following is closest to the atomic scale?

a) 10^-14.0 m
b) 10^-600.00 cm
c) 10^-10000000000 nm
d) 10^-2300.00 cm","Which of the following is closest to the atomic scale?

a) 10^-14000000000 nm
b) 10^-6.0 m
c) 10^-10000000000000 pm
d) 10^-23.0 m","Which of the following is closest to the atomic scale?

a) 10^-14 m
b) 10^-6 m
c) 10^-10 m
d) 10^-23 m","Which of the following is closest to the atomic scale?

a) 10^-14 m
b) 10^-6 m
c) 10^-10 m
d) 10^-23 m","Which of the following is closest to the atomic scale?

a) 10^-14 m
b) 10^-6 m
c) 10^-10 m
d) 10^-23 m","Which of the following is closest to the atomic scale?

a) 10^-14 m
b) 10^-6 m
c) 10^-10 m
d) 10^-23 m","One morning, the mothers and fathers were ready as usual in the main square of Four Houses waiting for the red bus. But this was no ordinary day, for the red bus was twenty minutes late. Very slowly, he came chugging along but once he got to the square he collapsed from exhaustion. There was no way he could take the children to school today. Then the teacher asked: Which of the following is closest to the atomic scale?

a) 10^-14 m
b) 10^-6 m
c) 10^-10 m
d) 10^-23 m","Which of the following is closest to the atomic scale?

 An hypothetical metal has a close packed crystal structure, a density
of 8.0 g/cm3 and a molar mass of 63.1 g/mol. a) 10^-14 m
b) 10^-6 m
c) 10^-10 m
d) 10^-23 m","Which of the following is closest to the atomic scale?

 The intrinsic carrier concentration of a hypothetical compound semi-
conductor at room temperature is 1.70e+12 1/m3 and the electron an hole mobilities are 0.7 m2/V*s
and 0.18 m2/V*s, respectively. a) 10^-14 m
b) 10^-6 m
c) 10^-10 m
d) 10^-23 m","Which of the following is closest to the atomic scale?

 A steel bar having a yield strength of 450 MPa, an ultimate tensile strength of 530 MPa and
dimensions 23 mm * 118 mm * 5900 mm is loaded in tension along its long axis. a) 10^-14 m
b) 10^-6 m
c) 10^-10 m
d) 10^-23 m"
"How many atoms are present within a single unit cell of the diamond cubic crystal
structure?
a) 4
b) 5
c) 6
d) 8",Original,Easy,d,4,"How many atoms are present within a single unit cell of the diamond cubic crystal
structure?
a) 4
b) 5
c) 6
d) 8","How many atoms are present within a single unit cell of the diamond cubic crystal
structure?
a) 4
b) 5
c) 6
d) 8","How many atoms are present within a single unit cell of the diamond cubic crystal
structure?
a) 4
b) 5
c) 6
d) 8","How many atoms are present within a single unit cell of the diamond cubic crystal
structure?
a) 4
b) 5
c) 6
d) 8","How many atoms are present within a single unit cell of the diamond cubic crystal
structure?
a) 4
b) 5
c) 6
d) 8","How many atoms are present within a single unit cell of the diamond cubic crystal
structure?
a) 4
b) 5
c) 6
d) 8","How many atoms are present within a single unit cell of the diamond cubic crystal
structure?
a) 4
b) 5
c) 6
d) 8","One morning, the mothers and fathers were ready as usual in the main square of Four Houses waiting for the red bus. But this was no ordinary day, for the red bus was twenty minutes late. Very slowly, he came chugging along but once he got to the square he collapsed from exhaustion. There was no way he could take the children to school today. Then the teacher asked: How many atoms are present within a single unit cell of the diamond cubic crystal
structure?
a) 4
b) 5
c) 6
d) 8","How many atoms are present within a single unit cell of the diamond cubic crystal
structure?
 A sample of a heavily cold worked 316L stainless steel is heated for several hours in a furnace at 1065 C. a) 4
b) 5
c) 6
d) 8","How many atoms are present within a single unit cell of the diamond cubic crystal
structure?
 A non-metallic material has a bandgap of 2.1 eV. a) 4
b) 5
c) 6
d) 8","How many atoms are present within a single unit cell of the diamond cubic crystal
structure?
 The change in length
from the loaded length to the final unloaded length is measured to be
0.33 mm. a) 4
b) 5
c) 6
d) 8"
"Which of the following is the most accurate description of the direction that atoms
within the BCC crystal structure touch one another?
a) Along the face diagonals
b) Along the cube diagonals
c) Along the cube edges
d) None of the above",Original,Easy,b,4,"Which of the following is the most accurate description of the direction that atoms
within the BCC crystal structure touch one another?
a) Along the face diagonals
b) Along the cube diagonals
c) Along the cube edges
d) None of the above","Which of the following is the most accurate description of the direction that atoms
within the BCC crystal structure touch one another?
a) Along the face diagonals
b) Along the cube diagonals
c) Along the cube edges
d) None of the above","Which of the following is the most accurate description of the direction that atoms
within the BCC crystal structure touch one another?
a) Along the face diagonals
b) Along the cube diagonals
c) Along the cube edges
d) None of the above","Which of the following is the most accurate description of the direction that atoms
within the BCC crystal structure touch one another?
a) Along the face diagonals
b) Along the cube diagonals
c) Along the cube edges
d) None of the above","Which of the following is the most accurate description of the direction that atoms
within the BCC crystal structure touch one another?
a) Along the face diagonals
b) Along the cube diagonals
c) Along the cube edges
d) None of the above","Which of the following is the most accurate description of the direction that atoms
within the BCC crystal structure touch one another?
a) Along the face diagonals
b) Along the cube diagonals
c) Along the cube edges
d) None of the above","Which of the following is the most accurate description of the direction that atoms
within the body-centered-cubic crystal structure touch one another?
a) Along the face diagonals
b) Along the cube diagonals
c) Along the cube edges
d) None of the above","One morning, the mothers and fathers were ready as usual in the main square of Four Houses waiting for the red bus. But this was no ordinary day, for the red bus was twenty minutes late. Very slowly, he came chugging along but once he got to the square he collapsed from exhaustion. There was no way he could take the children to school today. Then the teacher asked: Which of the following is the most accurate description of the direction that atoms
within the BCC crystal structure touch one another?
a) Along the face diagonals
b) Along the cube diagonals
c) Along the cube edges
d) None of the above","Which of the following is the most accurate description of the direction that atoms
within the BCC crystal structure touch one another?
 Which of the following statements is/are correct?
1. a) Along the face diagonals
b) Along the cube diagonals
c) Along the cube edges
d) None of the above","Which of the following is the most accurate description of the direction that atoms
within the BCC crystal structure touch one another?
 For a 4232 g sample of 1.2 wt%C steel at
726 C, determine the mass of ferrite present.
 a) Along the face diagonals
b) Along the cube diagonals
c) Along the cube edges
d) None of the above","Which of the following is the most accurate description of the direction that atoms
within the BCC crystal structure touch one another?
 A square cross-section bar of an hypothetical metal alloy is loaded
along its long axis by a load of 1250 N and the length of one of the
short edges is found to reduce by 1.9*10^-7 metre. a) Along the face diagonals
b) Along the cube diagonals
c) Along the cube edges
d) None of the above"
"Which of the following best describes the stacking sequence of close-packed
planes within the HCP crystal structure?
a) There are no close-packed planes in HCP
b) ABCABC
c) ABAB
d) None of the above",Original,Easy,c,4,"Which of the following best describes the stacking sequence of close-packed
planes within the HCP crystal structure?
a) There are no close-packed planes in HCP
b) ABCABC
c) ABAB
d) None of the above","Which of the following best describes the stacking sequence of close-packed
planes within the HCP crystal structure?
a) There are no close-packed planes in HCP
b) ABCABC
c) ABAB
d) None of the above","Which of the following best describes the stacking sequence of close-packed
planes within the HCP crystal structure?
a) There are no close-packed planes in HCP
b) ABCABC
c) ABAB
d) None of the above","Which of the following best describes the stacking sequence of close-packed
planes within the HCP crystal structure?
a) There are no close-packed planes in HCP
b) ABCABC
c) ABAB
d) None of the above","Which of the following best describes the stacking sequence of close-packed
planes within the HCP crystal structure?
a) There are no close-packed planes in HCP
b) ABCABC
c) ABAB
d) None of the above","Which of the following best describes the stacking sequence of close-packed
planes within the HCP crystal structure?
a) There are no close-packed planes in HCP
b) ABCABC
c) ABAB
d) None of the above","Which of the following best describes the stacking sequence of close-packed
planes within the Hexagonal tightly packed crystal structure?
a) There are no close-packed planes in Hexagonal tightly packed
b) ABCABC
c) ABAB
d) None of the above","One morning, the mothers and fathers were ready as usual in the main square of Four Houses waiting for the red bus. But this was no ordinary day, for the red bus was twenty minutes late. Very slowly, he came chugging along but once he got to the square he collapsed from exhaustion. There was no way he could take the children to school today. Then the teacher asked: Which of the following best describes the stacking sequence of close-packed
planes within the HCP crystal structure?
a) There are no close-packed planes in HCP
b) ABCABC
c) ABAB
d) None of the above","Which of the following best describes the stacking sequence of close-packed
planes within the HCP crystal structure?
 A non-metallic material has a bandgap of 2.1 eV. a) There are no close-packed planes in HCP
b) ABCABC
c) ABAB
d) None of the above","Which of the following best describes the stacking sequence of close-packed
planes within the HCP crystal structure?
 The vacancy population in a metal will decrease with increasing
temperature.
3. a) There are no close-packed planes in HCP
b) ABCABC
c) ABAB
d) None of the above","Which of the following best describes the stacking sequence of close-packed
planes within the HCP crystal structure?
 A rectangular bar spans a length 69 m, and has a height 62 m, and
width 50 m. a) There are no close-packed planes in HCP
b) ABCABC
c) ABAB
d) None of the above"
"At higher temperatures stress relaxation would occur more rapidly.

a) False
b) True",Original,Easy,b,2,"At higher temperatures stress relaxation would occur more rapidly.

a) False
b) True","At higher temperatures stress relaxation would occur more rapidly.

a) False
b) True","At higher temperatures stress relaxation would occur more rapidly.

a) False
b) True","At higher temperatures stress relaxation would occur more rapidly.

a) False
b) True","At higher temperatures stress relaxation would occur more rapidly.

a) False
b) True","At higher temperatures stress relaxation would occur more rapidly.

a) False
b) True","At higher temperatures stress relaxation would occur more rapidly.

a) False
b) True","One morning, the mothers and fathers were ready as usual in the main square of Four Houses waiting for the red bus. But this was no ordinary day, for the red bus was twenty minutes late. Very slowly, he came chugging along but once he got to the square he collapsed from exhaustion. There was no way he could take the children to school today. Then the teacher asked: At higher temperatures stress relaxation would occur more rapidly.

a) False
b) True","At higher temperatures stress relaxation would occur more rapidly.

 Under this load the
guage length elongates elastically by 46 mm. a) False
b) True","At higher temperatures stress relaxation would occur more rapidly.

 The unloaded gauge length is 560 mm, and the width and
thickness of the reduced section are 9 mm and 1 mm, respectively,
and the length of the reduced section is 583 mm. a) False
b) True","At higher temperatures stress relaxation would occur more rapidly.

 The anion and cation radii are 0.18 nm and 0.145 nm, respectively. a) False
b) True"
"A polymer that exhibits a very subtle (small) change in relaxation modulus around
the glass-transition temperature would most likely have which of the following
microstructures?
a) Fully amorphous
b) Cross-linked
c) Highly crystalline
d) None of the above",Original,Easy,c,4,"A polymer that exhibits a very subtle (small) change in relaxation modulus around
the glass-transition temperature would most likely have which of the following
microstructures?
a) Fully amorphous
b) Cross-linked
c) Highly crystalline
d) None of the above","A polymer that exhibits a very subtle (small) change in relaxation modulus around
the glass-transition temperature would most likely have which of the following
microstructures?
a) Fully amorphous
b) Cross-linked
c) Highly crystalline
d) None of the above","A polymer that exhibits a very subtle (small) change in relaxation modulus around
the glass-transition temperature would most likely have which of the following
microstructures?
a) Fully amorphous
b) Cross-linked
c) Highly crystalline
d) None of the above","A polymer that exhibits a very subtle (small) change in relaxation modulus around
the glass-transition temperature would most likely have which of the following
microstructures?
a) Fully amorphous
b) Cross-linked
c) Highly crystalline
d) None of the above","A polymer that exhibits a very subtle (small) change in relaxation modulus around
the glass-transition temperature would most likely have which of the following
microstructures?
a) Fully amorphous
b) Cross-linked
c) Highly crystalline
d) None of the above","A polymer that exhibits a very subtle (small) change in relaxation modulus around
the glass-transition temperature would most likely have which of the following
microstructures?
a) Fully amorphous
b) Cross-linked
c) Highly crystalline
d) None of the above","A polymer that exhibits a very subtle (small) change in relaxation modulus around
the glass-transition temperature would most likely have which of the following
microstructures?
a) Fully amorphous
b) Cross-linked
c) Highly crystalline
d) None of the above","One morning, the mothers and fathers were ready as usual in the main square of Four Houses waiting for the red bus. But this was no ordinary day, for the red bus was twenty minutes late. Very slowly, he came chugging along but once he got to the square he collapsed from exhaustion. There was no way he could take the children to school today. Then the teacher asked: A polymer that exhibits a very subtle (small) change in relaxation modulus around
the glass-transition temperature would most likely have which of the following
microstructures?
a) Fully amorphous
b) Cross-linked
c) Highly crystalline
d) None of the above","A polymer that exhibits a very subtle (small) change in relaxation modulus around
the glass-transition temperature would most likely have which of the following
microstructures?
 Which of the following statements is/are correct?
1. a) Fully amorphous
b) Cross-linked
c) Highly crystalline
d) None of the above","A polymer that exhibits a very subtle (small) change in relaxation modulus around
the glass-transition temperature would most likely have which of the following
microstructures?
 If both samples are loaded by a force
of 1600 N and sample A elongates by 535 mm, what will be the
elongation of sample B?
 a) Fully amorphous
b) Cross-linked
c) Highly crystalline
d) None of the above","A polymer that exhibits a very subtle (small) change in relaxation modulus around
the glass-transition temperature would most likely have which of the following
microstructures?
 A sample of niobium, which has the BCC crystal structure, is ana-
lyzed in an x-ray diffractometer with an x-ray source having a wave-
length of 0.1659 nm and a peak is identified for first order reflection from the (211) set of planes at a 2theta angle of 75.99 degree. a) Fully amorphous
b) Cross-linked
c) Highly crystalline
d) None of the above"
"A reaction with a positive enthalpy change and a positive entropy change will be
spontaneous under which of the following conditions?
a) At low temperature
b) At high temperature
c) At all temperatures
d) Never",Original,Easy,b,4,"A reaction with a positive enthalpy change and a positive entropy change will be
spontaneous under which of the following conditions?
a) At low temperature
b) At high temperature
c) At all temperatures
d) Never","A reaction with a positive enthalpy change and a positive entropy change will be
spontaneous under which of the following conditions?
a) At low temperature
b) At high temperature
c) At all temperatures
d) Never","A reaction with a positive enthalpy change and a positive entropy change will be
spontaneous under which of the following conditions?
a) At low temperature
b) At high temperature
c) At all temperatures
d) Never","A reaction with a positive enthalpy change and a positive entropy change will be
spontaneous under which of the following conditions?
a) At low temperature
b) At high temperature
c) At all temperatures
d) Never","A reaction with a positive enthalpy change and a positive entropy change will be
spontaneous under which of the following conditions?
a) At low temperature
b) At high temperature
c) At all temperatures
d) Never","A reaction with a positive enthalpy change and a positive entropy change will be
spontaneous under which of the following conditions?
a) At low temperature
b) At high temperature
c) At all temperatures
d) Never","A reaction with a positive enthalpy change and a positive entropy change will be
spontaneous under which of the following conditions?
a) At low temperature
b) At high temperature
c) At all temperatures
d) Never","One morning, the mothers and fathers were ready as usual in the main square of Four Houses waiting for the red bus. But this was no ordinary day, for the red bus was twenty minutes late. Very slowly, he came chugging along but once he got to the square he collapsed from exhaustion. There was no way he could take the children to school today. Then the teacher asked: A reaction with a positive enthalpy change and a positive entropy change will be
spontaneous under which of the following conditions?
a) At low temperature
b) At high temperature
c) At all temperatures
d) Never","A reaction with a positive enthalpy change and a positive entropy change will be
spontaneous under which of the following conditions?
 A cylindrical sample of stainless steel having a Young's modulus
of 202.2 GPa, and a diameter of 10.9 mm, is loaded to a stress of
498.6 MPa. a) At low temperature
b) At high temperature
c) At all temperatures
d) Never","A reaction with a positive enthalpy change and a positive entropy change will be
spontaneous under which of the following conditions?
 30 g of water is added to 70 g of sugar, cooled to -30 C and allowed to reach
equilibrium. a) At low temperature
b) At high temperature
c) At all temperatures
d) Never","A reaction with a positive enthalpy change and a positive entropy change will be
spontaneous under which of the following conditions?
 The hexagonal close packed crystal structure has only two nonparallel close packed planes, while the face centred cubic crystal
structure has four non-parallel close packed planes.
4. a) At low temperature
b) At high temperature
c) At all temperatures
d) Never"
"Which of the following statements is/are correct?
1. The atomic packing factor of the hexagonal close packed crystal
structure is greater than that of the face centred cubic crystal
structure.
2. The simple cubic interstitial site is larger than the tetrahedral
interstitial site.
3. The hexagonal close packed crystal structure has only two nonparallel close packed planes, while the face centred cubic crystal
structure has four non-parallel close packed planes.
4. The coordination number of atoms within the face centred cubic
crystal structure is 12.
(a) Second and fourth.
(b) First and third.
(c) Second and third.
(d) First and fourth.
(e) None of these options are correct.",Original,Hard,a,5,"Which of the following statements is/are correct?
1. The atomic packing factor of the hexagonal close packed crystal
structure is greater than that of the face centred cubic crystal
structure.
2. The simple cubic interstitial site is larger than the tetrahedral
interstitial site.
3. The hexagonal close packed crystal structure has only two nonparallel close packed planes, while the face centred cubic crystal
structure has four non-parallel close packed planes.
4. The coordination number of atoms within the face centred cubic
crystal structure is 12.
(a) Second and fourth.
(b) First and third.
(c) Second and third.
(d) First and fourth.
(e) None of these options are correct.","Which of the following statements is/are correct?
1. The atomic packing factor of the hexagonal close packed crystal
structure is greater than that of the face centred cubic crystal
structure.
2. The simple cubic interstitial site is larger than the tetrahedral
interstitial site.
3. The hexagonal close packed crystal structure has only two nonparallel close packed planes, while the face centred cubic crystal
structure has four non-parallel close packed planes.
4. The coordination number of atoms within the face centred cubic
crystal structure is 12.
(a) Second and fourth.
(b) First and third.
(c) Second and third.
(d) First and fourth.
(e) None of these options are correct.","Which of the following statements is/are correct?
1. The atomic packing factor of the hexagonal close packed crystal
structure is greater than that of the face centred cubic crystal
structure.
2. The simple cubic interstitial site is larger than the tetrahedral
interstitial site.
3. The hexagonal close packed crystal structure has only two nonparallel close packed planes, while the face centred cubic crystal
structure has four non-parallel close packed planes.
4. The coordination number of atoms within the face centred cubic
crystal structure is 12.
(a) Second and fourth.
(b) First and third.
(c) Second and third.
(d) First and fourth.
(e) None of these options are correct.","Which of the following statements is/are correct?
1. The hexagonal close packed crystal structure has only two nonparallel close packed planes, while the face centred cubic crystal
structure has four non-parallel close packed planes.
4. The simple cubic interstitial site is larger than the tetrahedral
interstitial site.
3. The coordination number of atoms within the face centred cubic
crystal structure is 12.
 The atomic packing factor of the hexagonal close packed crystal
structure is greater than that of the face centred cubic crystal
structure.
2.(a) Second and fourth.
(b) First and third.
(c) Second and third.
(d) First and fourth.
(e) None of these options are correct.","The atomic packing factor of the hexagonal close packed crystal
structure is greater than that of the face centred cubic crystal
structure.
2. The simple cubic interstitial site is larger than the tetrahedral
interstitial site.
3. The coordination number of atoms within the face centred cubic
crystal structure is 12.
 Which of the following statements is/are correct?
1. The hexagonal close packed crystal structure has only two nonparallel close packed planes, while the face centred cubic crystal
structure has four non-parallel close packed planes.
4.(a) Second and fourth.
(b) First and third.
(c) Second and third.
(d) First and fourth.
(e) None of these options are correct.","The atomic packing factor of the hexagonal close packed crystal
structure is greater than that of the face centred cubic crystal
structure.
2. The simple cubic interstitial site is larger than the tetrahedral
interstitial site.
3. The coordination number of atoms within the face centred cubic
crystal structure is 12.
 Which of the following statements is/are correct?
1. The hexagonal close packed crystal structure has only two nonparallel close packed planes, while the face centred cubic crystal
structure has four non-parallel close packed planes.
4.(a) Second and fourth.
(b) First and third.
(c) Second and third.
(d) First and fourth.
(e) None of these options are correct.","Which of the following statements is/are correct?
1. The atomic packing factor of the HCP crystal
structure is greater than that of the FCC crystal
structure.
2. The simple cubic interstitial site is larger than the tetrahedral
interstitial site.
3. The HCP crystal structure has only two nonparallel close packed planes, while the FCC crystal
structure has four non-parallel close packed planes.
4. The coordination number of atoms within the FCC
crystal structure is 12.
(a) Second and fourth.
(b) First and third.
(c) Second and third.
(d) First and fourth.
(e) None of these options are correct.","One morning, the mothers and fathers were ready as usual in the main square of Four Houses waiting for the red bus. But this was no ordinary day, for the red bus was twenty minutes late. Very slowly, he came chugging along but once he got to the square he collapsed from exhaustion. There was no way he could take the children to school today. Then the teacher asked: Which of the following statements is/are correct?
1. The atomic packing factor of the hexagonal close packed crystal
structure is greater than that of the face centred cubic crystal
structure.
2. The simple cubic interstitial site is larger than the tetrahedral
interstitial site.
3. The hexagonal close packed crystal structure has only two nonparallel close packed planes, while the face centred cubic crystal
structure has four non-parallel close packed planes.
4. The coordination number of atoms within the face centred cubic
crystal structure is 12.
(a) Second and fourth.
(b) First and third.
(c) Second and third.
(d) First and fourth.
(e) None of these options are correct.","Which of the following statements is/are correct?
1. A hypothetical metal tensile specimen with a Young's modulus of
110 GPa has an initial length of 37900 mm and is loaded in tension
beyond the yield strength. The atomic packing factor of the hexagonal close packed crystal
structure is greater than that of the face centred cubic crystal
structure.
2. The simple cubic interstitial site is larger than the tetrahedral
interstitial site.
3. The hexagonal close packed crystal structure has only two nonparallel close packed planes, while the face centred cubic crystal
structure has four non-parallel close packed planes.
4. The coordination number of atoms within the face centred cubic
crystal structure is 12.
 (a) Second and fourth.
(b) First and third.
(c) Second and third.
(d) First and fourth.
(e) None of these options are correct.","Which of the following statements is/are correct?
1. The change in length
from the loaded length to the final unloaded length is measured to be
0.33 mm. The atomic packing factor of the hexagonal close packed crystal
structure is greater than that of the face centred cubic crystal
structure.
2. The simple cubic interstitial site is larger than the tetrahedral
interstitial site.
3. The hexagonal close packed crystal structure has only two nonparallel close packed planes, while the face centred cubic crystal
structure has four non-parallel close packed planes.
4. The coordination number of atoms within the face centred cubic
crystal structure is 12.
 (a) Second and fourth.
(b) First and third.
(c) Second and third.
(d) First and fourth.
(e) None of these options are correct.","Which of the following statements is/are correct?
1. The atomic packing factor of the hexagonal close packed crystal
structure is greater than that of the face centred cubic crystal
structure.
2. The atomic packing factor of the hexagonal close packed crystal
structure is greater than that of the face centred cubic crystal
structure.
2. The simple cubic interstitial site is larger than the tetrahedral
interstitial site.
3. The hexagonal close packed crystal structure has only two nonparallel close packed planes, while the face centred cubic crystal
structure has four non-parallel close packed planes.
4. The coordination number of atoms within the face centred cubic
crystal structure is 12.
 (a) Second and fourth.
(b) First and third.
(c) Second and third.
(d) First and fourth.
(e) None of these options are correct."
"Which of the following statements is/are correct?
1. A theoretical system of particles at infinite temperature would
have all particles existing in the highest possible energy states.
2. A grain boundary is a type of two-dimensional crystalline imperfection.
3. Decreasing the grain size of a metal would generally be expected
to result in an increase in the yield strength of that metal.
4. The octahedral interstitial site is smaller than the tetrahedral
interstitial site.
(a) None of these options are correct.
(b) First and second.
(c) Third and fourth.
(d) Second and third.
(e) First and fourth.",Original,Hard,d,5,"Which of the following statements is/are correct?
1. A theoretical system of particles at infinite temperature would
have all particles existing in the highest possible energy states.
2. A grain boundary is a type of two-dimensional crystalline imperfection.
3. Decreasing the grain size of a metal would generally be expected
to result in an increase in the yield strength of that metal.
4. The octahedral interstitial site is smaller than the tetrahedral
interstitial site.
(a) None of these options are correct.
(b) First and second.
(c) Third and fourth.
(d) Second and third.
(e) First and fourth.","Which of the following statements is/are correct?
1. A theoretical system of particles at infinite temperature would
have all particles existing in the highest possible energy states.
2. A grain boundary is a type of two-dimensional crystalline imperfection.
3. Decreasing the grain size of a metal would generally be expected
to result in an increase in the yield strength of that metal.
4. The octahedral interstitial site is smaller than the tetrahedral
interstitial site.
(a) None of these options are correct.
(b) First and second.
(c) Third and fourth.
(d) Second and third.
(e) First and fourth.","Which of the following statements is/are correct?
1. A theoretical system of particles at infinite temperature would
have all particles existing in the highest possible energy states.
2. A grain boundary is a type of two-dimensional crystalline imperfection.
3. Decreasing the grain size of a metal would generally be expected
to result in an increase in the yield strength of that metal.
4. The octahedral interstitial site is smaller than the tetrahedral
interstitial site.
(a) None of these options are correct.
(b) First and second.
(c) Third and fourth.
(d) Second and third.
(e) First and fourth.","A theoretical system of particles at infinite temperature would
have all particles existing in the highest possible energy states.
2. A grain boundary is a type of two-dimensional crystalline imperfection.
3. Decreasing the grain size of a metal would generally be expected
to result in an increase in the yield strength of that metal.
4. The octahedral interstitial site is smaller than the tetrahedral
interstitial site.
 Which of the following statements is/are correct?
1.(a) None of these options are correct.
(b) First and second.
(c) Third and fourth.
(d) Second and third.
(e) First and fourth.","The octahedral interstitial site is smaller than the tetrahedral
interstitial site.
 A grain boundary is a type of two-dimensional crystalline imperfection.
3. Decreasing the grain size of a metal would generally be expected
to result in an increase in the yield strength of that metal.
4. Which of the following statements is/are correct?
1. A theoretical system of particles at infinite temperature would
have all particles existing in the highest possible energy states.
2.(a) None of these options are correct.
(b) First and second.
(c) Third and fourth.
(d) Second and third.
(e) First and fourth.","Decreasing the grain size of a metal would generally be expected
to result in an increase in the yield strength of that metal.
4. The octahedral interstitial site is smaller than the tetrahedral
interstitial site.
 A theoretical system of particles at infinite temperature would
have all particles existing in the highest possible energy states.
2. Which of the following statements is/are correct?
1. A grain boundary is a type of two-dimensional crystalline imperfection.
3.(a) None of these options are correct.
(b) First and second.
(c) Third and fourth.
(d) Second and third.
(e) First and fourth.","Which of the following statements is/are correct?
1. A theoretical system of particles at infinite temperature would
have all particles existing in the highest possible energy states.
2. A grain boundary is a type of 2D crystalline defect.
3. Decreasing the grain size of a metallic material would generally be expected
to result in an increase in the yield strength of that material.
4. The octahedral interstitial site is smaller than the tetrahedral
interstitial site.
(a) None of these options are correct.
(b) First and second.
(c) Third and fourth.
(d) Second and third.
(e) First and fourth.","One morning, the mothers and fathers were ready as usual in the main square of Four Houses waiting for the red bus. But this was no ordinary day, for the red bus was twenty minutes late. Very slowly, he came chugging along but once he got to the square he collapsed from exhaustion. There was no way he could take the children to school today. Then the teacher asked: Which of the following statements is/are correct?
1. A theoretical system of particles at infinite temperature would
have all particles existing in the highest possible energy states.
2. A grain boundary is a type of two-dimensional crystalline imperfection.
3. Decreasing the grain size of a metal would generally be expected
to result in an increase in the yield strength of that metal.
4. The octahedral interstitial site is smaller than the tetrahedral
interstitial site.
(a) None of these options are correct.
(b) First and second.
(c) Third and fourth.
(d) Second and third.
(e) First and fourth.","Which of the following statements is/are correct?
1. Which of the following statements is/are correct?
1. A theoretical system of particles at infinite temperature would
have all particles existing in the highest possible energy states.
2. A grain boundary is a type of two-dimensional crystalline imperfection.
3. Decreasing the grain size of a metal would generally be expected
to result in an increase in the yield strength of that metal.
4. The octahedral interstitial site is smaller than the tetrahedral
interstitial site.
 (a) None of these options are correct.
(b) First and second.
(c) Third and fourth.
(d) Second and third.
(e) First and fourth.","Which of the following statements is/are correct?
1. A sample of niobium, which has the BCC crystal structure, is ana-
lyzed in an x-ray diffractometer with an x-ray source having a wave-
length of 0.1659 nm and a peak is identified for first order reflection from the (211) set of planes at a 2theta angle of 75.99 degree. A theoretical system of particles at infinite temperature would
have all particles existing in the highest possible energy states.
2. A grain boundary is a type of two-dimensional crystalline imperfection.
3. Decreasing the grain size of a metal would generally be expected
to result in an increase in the yield strength of that metal.
4. The octahedral interstitial site is smaller than the tetrahedral
interstitial site.
 (a) None of these options are correct.
(b) First and second.
(c) Third and fourth.
(d) Second and third.
(e) First and fourth.","Which of the following statements is/are correct?
1. Assuming that the thermally
tempered glass is twenty times stronger in bending than the plate
glass and the chemically tempered glass is 20% stronger in bending
than the thermally tempered glass and you fracture each piece of glass
with the same impact energy which of the following would you expect
to correctly reflect the order of the number of pieces that the glass
breaks into, from smallest number to largest number?
 A theoretical system of particles at infinite temperature would
have all particles existing in the highest possible energy states.
2. A grain boundary is a type of two-dimensional crystalline imperfection.
3. Decreasing the grain size of a metal would generally be expected
to result in an increase in the yield strength of that metal.
4. The octahedral interstitial site is smaller than the tetrahedral
interstitial site.
 (a) None of these options are correct.
(b) First and second.
(c) Third and fourth.
(d) Second and third.
(e) First and fourth."
"Which of the following statements is/are correct?
1. A theoretical (non-degenerate) system at absolute zero of temperature would have all particles existing in the lowest possible
energy states.
2. The vacancy population in a metal will decrease with increasing
temperature.
3. Increasing the dislocation density in a metal through plastic
deformation will increase the yield strength of the metal.
4. A dislocation is a type of zero-dimensional crystalline imperfection.
(a) Second and fourth.
(b) Second and third.
(c) First and fourth.
(d) None of these options are correct.
(e) First and third.",Original,Hard,e,5,"Which of the following statements is/are correct?
1. A theoretical (non-degenerate) system at absolute zero of temperature would have all particles existing in the lowest possible
energy states.
2. The vacancy population in a metal will decrease with increasing
temperature.
3. Increasing the dislocation density in a metal through plastic
deformation will increase the yield strength of the metal.
4. A dislocation is a type of zero-dimensional crystalline imperfection.
(a) Second and fourth.
(b) Second and third.
(c) First and fourth.
(d) None of these options are correct.
(e) First and third.","Which of the following statements is/are correct?
1. A theoretical (non-degenerate) system at absolute zero of temperature would have all particles existing in the lowest possible
energy states.
2. The vacancy population in a metal will decrease with increasing
temperature.
3. Increasing the dislocation density in a metal through plastic
deformation will increase the yield strength of the metal.
4. A dislocation is a type of zero-dimensional crystalline imperfection.
(a) Second and fourth.
(b) Second and third.
(c) First and fourth.
(d) None of these options are correct.
(e) First and third.","Which of the following statements is/are correct?
1. A theoretical (non-degenerate) system at absolute zero of temperature would have all particles existing in the lowest possible
energy states.
2. The vacancy population in a metal will decrease with increasing
temperature.
3. Increasing the dislocation density in a metal through plastic
deformation will increase the yield strength of the metal.
4. A dislocation is a type of zero-dimensional crystalline imperfection.
(a) Second and fourth.
(b) Second and third.
(c) First and fourth.
(d) None of these options are correct.
(e) First and third.","Increasing the dislocation density in a metal through plastic
deformation will increase the yield strength of the metal.
4. A theoretical (non-degenerate) system at absolute zero of temperature would have all particles existing in the lowest possible
energy states.
2. The vacancy population in a metal will decrease with increasing
temperature.
3. A dislocation is a type of zero-dimensional crystalline imperfection.
 Which of the following statements is/are correct?
1.(a) Second and fourth.
(b) Second and third.
(c) First and fourth.
(d) None of these options are correct.
(e) First and third.","A dislocation is a type of zero-dimensional crystalline imperfection.
 The vacancy population in a metal will decrease with increasing
temperature.
3. Which of the following statements is/are correct?
1. A theoretical (non-degenerate) system at absolute zero of temperature would have all particles existing in the lowest possible
energy states.
2. Increasing the dislocation density in a metal through plastic
deformation will increase the yield strength of the metal.
4.(a) Second and fourth.
(b) Second and third.
(c) First and fourth.
(d) None of these options are correct.
(e) First and third.","The vacancy population in a metal will decrease with increasing
temperature.
3. Which of the following statements is/are correct?
1. A theoretical (non-degenerate) system at absolute zero of temperature would have all particles existing in the lowest possible
energy states.
2. A dislocation is a type of zero-dimensional crystalline imperfection.
 Increasing the dislocation density in a metal through plastic
deformation will increase the yield strength of the metal.
4.(a) Second and fourth.
(b) Second and third.
(c) First and fourth.
(d) None of these options are correct.
(e) First and third.","Which of the following statements is/are correct?
1. A theoretical (non-degenerate) system at zero Kelvin would have all particles existing in the lowest possible
energy states.
2. The vacancy population in a metal will decrease with increasing
temperature.
3. Increasing the dislocation density in a metal through plastic
deformation will increase the yield strength of the metal.
4. A dislocation is a type of zero-dimensional crystalline imperfection.
(a) Second and fourth.
(b) Second and third.
(c) First and fourth.
(d) None of these options are correct.
(e) First and third.","One morning, the mothers and fathers were ready as usual in the main square of Four Houses waiting for the red bus. But this was no ordinary day, for the red bus was twenty minutes late. Very slowly, he came chugging along but once he got to the square he collapsed from exhaustion. There was no way he could take the children to school today. Then the teacher asked: Which of the following statements is/are correct?
1. A theoretical (non-degenerate) system at absolute zero of temperature would have all particles existing in the lowest possible
energy states.
2. The vacancy population in a metal will decrease with increasing
temperature.
3. Increasing the dislocation density in a metal through plastic
deformation will increase the yield strength of the metal.
4. A dislocation is a type of zero-dimensional crystalline imperfection.
(a) Second and fourth.
(b) Second and third.
(c) First and fourth.
(d) None of these options are correct.
(e) First and third.","Which of the following statements is/are correct?
1. If the Young's
modulus of this alloy is known to be 115 GPa and the bar has an
initial length of 1 metre and an initial cross-sectional edge length of
10 mm, determine the Poisson's ratio of this alloy.
 A theoretical (non-degenerate) system at absolute zero of temperature would have all particles existing in the lowest possible
energy states.
2. The vacancy population in a metal will decrease with increasing
temperature.
3. Increasing the dislocation density in a metal through plastic
deformation will increase the yield strength of the metal.
4. A dislocation is a type of zero-dimensional crystalline imperfection.
 (a) Second and fourth.
(b) Second and third.
(c) First and fourth.
(d) None of these options are correct.
(e) First and third.","Which of the following statements is/are correct?
1. Note that 1 W = 1
J/s.
 A theoretical (non-degenerate) system at absolute zero of temperature would have all particles existing in the lowest possible
energy states.
2. The vacancy population in a metal will decrease with increasing
temperature.
3. Increasing the dislocation density in a metal through plastic
deformation will increase the yield strength of the metal.
4. A dislocation is a type of zero-dimensional crystalline imperfection.
 (a) Second and fourth.
(b) Second and third.
(c) First and fourth.
(d) None of these options are correct.
(e) First and third.","Which of the following statements is/are correct?
1. Decreasing the grain size of a metal would generally be expected
to result in an increase in the yield strength of that metal.
4. A theoretical (non-degenerate) system at absolute zero of temperature would have all particles existing in the lowest possible
energy states.
2. The vacancy population in a metal will decrease with increasing
temperature.
3. Increasing the dislocation density in a metal through plastic
deformation will increase the yield strength of the metal.
4. A dislocation is a type of zero-dimensional crystalline imperfection.
 (a) Second and fourth.
(b) Second and third.
(c) First and fourth.
(d) None of these options are correct.
(e) First and third."
"A cylindrical sample of stainless steel having a Young's modulus of
204.3 GPa, a diameter of 12.0 mm, and initial length of 237.8 mm
is loaded to a stress of 411.5 MPa. The sample is then completely
unloaded. What will the elastic recovery of this sample be, in mm?
The yield strength and ultimate tensile strength of this specific alloy
are 292.0 MPa and 688.0 MPa, respectively.
(a) Possible to calculate from information provided, but none of
these options are correct.
(b) 0.96
(c) Not possible to calculate from information provided.
(d) 239.0
(e) 0.24
(f) 0.48",Original,Hard,f,6,"A cylindrical sample of stainless steel having a Young's modulus of
204300000 kPa, a diameter of 12000000 nm, and initial length of 0.2378 m
is loaded to a stress of 412 MPa. The sample is then completely
unloaded. What will the elastic recovery of this sample be, in mm?
The yield strength and ultimate tensile strength of this specific alloy
are 292000000 Pa and 688 MPa, respectively.
(a) Possible to calculate from information provided, but none of
these options are correct.
(b) 0.96
(c) Not possible to calculate from information provided.
(d) 239.0
(e) 0.24
(f) 0.48","A cylindrical sample of stainless steel having a Young's modulus of
204300000 kPa, a diameter of 12000000 nm, and initial length of 0.2378 m
is loaded to a stress of 411500000 Pa. The sample is then completely
unloaded. What will the elastic recovery of this sample be, in mm?
The yield strength and ultimate tensile strength of this specific alloy
are 292000 kPa and 0.688000 GPa, respectively.
(a) Possible to calculate from information provided, but none of
these options are correct.
(b) 0.96
(c) Not possible to calculate from information provided.
(d) 239.0
(e) 0.24
(f) 0.48","A cylindrical sample of stainless steel having a Young's modulus of
0.204300 MPa, a diameter of 0.0120 m, and initial length of 237800000000 pm
is loaded to a stress of 0.411500 GPa. The sample is then completely
unloaded. What will the elastic recovery of this sample be, in mm?
The yield strength and ultimate tensile strength of this specific alloy
are 0.292000 GPa and 0.688000 GPa, respectively.
(a) Possible to calculate from information provided, but none of
these options are correct.
(b) 0.96
(c) Not possible to calculate from information provided.
(d) 239.0
(e) 0.24
(f) 0.48","The sample is then completely
unloaded. A cylindrical sample of stainless steel having a Young's modulus of
204.3 GPa, a diameter of 12.0 mm, and initial length of 237.8 mm
is loaded to a stress of 411.5 MPa. What will the elastic recovery of this sample be, in mm?
The yield strength and ultimate tensile strength of this specific alloy
are 292.0 MPa and 688.0 MPa, respectively.
(a) Possible to calculate from information provided, but none of
these options are correct.
(b) 0.96
(c) Not possible to calculate from information provided.
(d) 239.0
(e) 0.24
(f) 0.48","The sample is then completely
unloaded. A cylindrical sample of stainless steel having a Young's modulus of
204.3 GPa, a diameter of 12.0 mm, and initial length of 237.8 mm
is loaded to a stress of 411.5 MPa. What will the elastic recovery of this sample be, in mm?
The yield strength and ultimate tensile strength of this specific alloy
are 292.0 MPa and 688.0 MPa, respectively.
(a) Possible to calculate from information provided, but none of
these options are correct.
(b) 0.96
(c) Not possible to calculate from information provided.
(d) 239.0
(e) 0.24
(f) 0.48","A cylindrical sample of stainless steel having a Young's modulus of
204.3 GPa, a diameter of 12.0 mm, and initial length of 237.8 mm
is loaded to a stress of 411.5 MPa. The sample is then completely
unloaded. What will the elastic recovery of this sample be, in mm?
The yield strength and ultimate tensile strength of this specific alloy
are 292.0 MPa and 688.0 MPa, respectively.
(a) Possible to calculate from information provided, but none of
these options are correct.
(b) 0.96
(c) Not possible to calculate from information provided.
(d) 239.0
(e) 0.24
(f) 0.48","A cylindrical sample of stainless steel having a Young's modulus of
204.3 GPa, a diameter of 12.0 mm, and initial length of 237.8 mm
is loaded to a stress of 411.5 MPa. The sample is then completely
unloaded. What will the elastic recovery of this sample be, in mm?
The yield strength and UTS of this specific alloy
are 292.0 MPa and 688.0 MPa, respectively.
(a) Possible to calculate from information provided, but none of
these options are correct.
(b) 0.96
(c) Not possible to calculate from information provided.
(d) 239.0
(e) 0.24
(f) 0.48","One morning, the mothers and fathers were ready as usual in the main square of Four Houses waiting for the red bus. But this was no ordinary day, for the red bus was twenty minutes late. Very slowly, he came chugging along but once he got to the square he collapsed from exhaustion. There was no way he could take the children to school today. Then the teacher asked: A cylindrical sample of stainless steel having a Young's modulus of
204.3 GPa, a diameter of 12.0 mm, and initial length of 237.8 mm
is loaded to a stress of 411.5 MPa. The sample is then completely
unloaded. What will the elastic recovery of this sample be, in mm?
The yield strength and ultimate tensile strength of this specific alloy
are 292.0 MPa and 688.0 MPa, respectively.
(a) Possible to calculate from information provided, but none of
these options are correct.
(b) 0.96
(c) Not possible to calculate from information provided.
(d) 239.0
(e) 0.24
(f) 0.48","A cylindrical sample of stainless steel having a Young's modulus of
204.3 GPa, a diameter of 12.0 mm, and initial length of 237.8 mm
is loaded to a stress of 411.5 MPa. A hypothetical metal alloy is loaded in tension to just before fracture,
at which point the strain is observed to be 0.03. The sample is then completely
unloaded. What will the elastic recovery of this sample be, in mm?
The yield strength and ultimate tensile strength of this specific alloy
are 292.0 MPa and 688.0 MPa, respectively.
 (a) Possible to calculate from information provided, but none of
these options are correct.
(b) 0.96
(c) Not possible to calculate from information provided.
(d) 239.0
(e) 0.24
(f) 0.48","A cylindrical sample of stainless steel having a Young's modulus of
204.3 GPa, a diameter of 12.0 mm, and initial length of 237.8 mm
is loaded to a stress of 411.5 MPa. Assuming that the thermally
tempered glass is twenty times stronger in bending than the plate
glass and the chemically tempered glass is 20% stronger in bending
than the thermally tempered glass and you fracture each piece of glass
with the same impact energy which of the following would you expect
to correctly reflect the order of the number of pieces that the glass
breaks into, from smallest number to largest number?
 The sample is then completely
unloaded. What will the elastic recovery of this sample be, in mm?
The yield strength and ultimate tensile strength of this specific alloy
are 292.0 MPa and 688.0 MPa, respectively.
 (a) Possible to calculate from information provided, but none of
these options are correct.
(b) 0.96
(c) Not possible to calculate from information provided.
(d) 239.0
(e) 0.24
(f) 0.48","A cylindrical sample of stainless steel having a Young's modulus of
204.3 GPa, a diameter of 12.0 mm, and initial length of 237.8 mm
is loaded to a stress of 411.5 MPa. A sample of a heavily cold worked 316L stainless steel is heated for several hours in a furnace at 1065 C. The sample is then completely
unloaded. What will the elastic recovery of this sample be, in mm?
The yield strength and ultimate tensile strength of this specific alloy
are 292.0 MPa and 688.0 MPa, respectively.
 (a) Possible to calculate from information provided, but none of
these options are correct.
(b) 0.96
(c) Not possible to calculate from information provided.
(d) 239.0
(e) 0.24
(f) 0.48"
"A cylindrical sample of stainless steel having a Young's modulus
of 202.2 GPa, and a diameter of 10.9 mm, is loaded to a stress of
498.6 MPa. The sample is then completely unloaded and is observed
to recover elastically by 0.89 mm. What was the initial length of
this sample, before loading, in mm? The yield strength and ultimate
tensile strength of this specific alloy are 284.0 MPa and 666.0 MPa,
respectively.
(a) Possible to calculate from information provided, but none of
these options are correct.
(b) 180.0
(c) 361.0
(d) Not possible to calculate from information provided.
(e) 722.0
(f) 7219.0",Original,Hard,c,6,"A cylindrical sample of stainless steel having a Young's modulus
of 202200000000 Pa, and a diameter of 10900000 nm, is loaded to a stress of
499 MPa. The sample is then completely unloaded and is observed
to recover elastically by 0.0009 m. What was the initial length of
this sample, before loading, in mm? The yield strength and ultimate
tensile strength of this specific alloy are 284000 kPa and 666000000 Pa,
respectively.
(a) Possible to calculate from information provided, but none of
these options are correct.
(b) 180.0
(c) 361.0
(d) Not possible to calculate from information provided.
(e) 722.0
(f) 7219.0","A cylindrical sample of stainless steel having a Young's modulus
of 0.202200 MPa, and a diameter of 0.0109 m, is loaded to a stress of
498600000 Pa. The sample is then completely unloaded and is observed
to recover elastically by 0.09 cm. What was the initial length of
this sample, before loading, in mm? The yield strength and ultimate
tensile strength of this specific alloy are 284000000 Pa and 666000000 Pa,
respectively.
(a) Possible to calculate from information provided, but none of
these options are correct.
(b) 180.0
(c) 361.0
(d) Not possible to calculate from information provided.
(e) 722.0
(f) 7219.0","A cylindrical sample of stainless steel having a Young's modulus
of 202200000 kPa, and a diameter of 10.9 mm, is loaded to a stress of
499 MPa. The sample is then completely unloaded and is observed
to recover elastically by 0.09 cm. What was the initial length of
this sample, before loading, in mm? The yield strength and ultimate
tensile strength of this specific alloy are 284000 kPa and 666 MPa,
respectively.
(a) Possible to calculate from information provided, but none of
these options are correct.
(b) 180.0
(c) 361.0
(d) Not possible to calculate from information provided.
(e) 722.0
(f) 7219.0","The sample is then completely unloaded and is observed
to recover elastically by 0.89 mm. A cylindrical sample of stainless steel having a Young's modulus
of 202.2 GPa, and a diameter of 10.9 mm, is loaded to a stress of
498.6 MPa. What was the initial length of
this sample, before loading, in mm? The yield strength and ultimate
tensile strength of this specific alloy are 284.0 MPa and 666.0 MPa,
respectively.
(a) Possible to calculate from information provided, but none of
these options are correct.
(b) 180.0
(c) 361.0
(d) Not possible to calculate from information provided.
(e) 722.0
(f) 7219.0","What was the initial length of
this sample, before loading, in mm? A cylindrical sample of stainless steel having a Young's modulus
of 202.2 GPa, and a diameter of 10.9 mm, is loaded to a stress of
498.6 MPa. The sample is then completely unloaded and is observed
to recover elastically by 0.89 mm. The yield strength and ultimate
tensile strength of this specific alloy are 284.0 MPa and 666.0 MPa,
respectively.
(a) Possible to calculate from information provided, but none of
these options are correct.
(b) 180.0
(c) 361.0
(d) Not possible to calculate from information provided.
(e) 722.0
(f) 7219.0","What was the initial length of
this sample, before loading, in mm? A cylindrical sample of stainless steel having a Young's modulus
of 202.2 GPa, and a diameter of 10.9 mm, is loaded to a stress of
498.6 MPa. The sample is then completely unloaded and is observed
to recover elastically by 0.89 mm. The yield strength and ultimate
tensile strength of this specific alloy are 284.0 MPa and 666.0 MPa,
respectively.
(a) Possible to calculate from information provided, but none of
these options are correct.
(b) 180.0
(c) 361.0
(d) Not possible to calculate from information provided.
(e) 722.0
(f) 7219.0","A cylindrical sample of stainless steel having a Young's modulus
of 202.2 GPa, and a diameter of 10.9 mm, is loaded to a stress of
498.6 MPa. The sample is then completely unloaded and is observed
to recover elastically by 0.89 mm. What was the initial length of
this sample, before loading, in mm? The yield strength and UTS of this specific alloy are 284.0 MPa and 666.0 MPa,
respectively.
(a) Possible to calculate from information provided, but none of
these options are correct.
(b) 180.0
(c) 361.0
(d) Not possible to calculate from information provided.
(e) 722.0
(f) 7219.0","One morning, the mothers and fathers were ready as usual in the main square of Four Houses waiting for the red bus. But this was no ordinary day, for the red bus was twenty minutes late. Very slowly, he came chugging along but once he got to the square he collapsed from exhaustion. There was no way he could take the children to school today. Then the teacher asked: A cylindrical sample of stainless steel having a Young's modulus
of 202.2 GPa, and a diameter of 10.9 mm, is loaded to a stress of
498.6 MPa. The sample is then completely unloaded and is observed
to recover elastically by 0.89 mm. What was the initial length of
this sample, before loading, in mm? The yield strength and ultimate
tensile strength of this specific alloy are 284.0 MPa and 666.0 MPa,
respectively.
(a) Possible to calculate from information provided, but none of
these options are correct.
(b) 180.0
(c) 361.0
(d) Not possible to calculate from information provided.
(e) 722.0
(f) 7219.0","A cylindrical sample of stainless steel having a Young's modulus
of 202.2 GPa, and a diameter of 10.9 mm, is loaded to a stress of
498.6 MPa. A third sample, 3 is left unloaded, while a fourth sample, 4 is loaded in tension at -45 C. The sample is then completely unloaded and is observed
to recover elastically by 0.89 mm. What was the initial length of
this sample, before loading, in mm? The yield strength and ultimate
tensile strength of this specific alloy are 284.0 MPa and 666.0 MPa,
respectively.
 (a) Possible to calculate from information provided, but none of
these options are correct.
(b) 180.0
(c) 361.0
(d) Not possible to calculate from information provided.
(e) 722.0
(f) 7219.0","A cylindrical sample of stainless steel having a Young's modulus
of 202.2 GPa, and a diameter of 10.9 mm, is loaded to a stress of
498.6 MPa. The maximum solid solubility of carbon in ferrite occurs at
0.022 wt% C and 727 C, the eutectoid composition is 0.76 wt% C, the
maximum solid solubility of carbon in austenite occurs at 2.14 wt% C
and 1147 C, and the cementite composition is 6.7 wt% C. The sample is then completely unloaded and is observed
to recover elastically by 0.89 mm. What was the initial length of
this sample, before loading, in mm? The yield strength and ultimate
tensile strength of this specific alloy are 284.0 MPa and 666.0 MPa,
respectively.
 (a) Possible to calculate from information provided, but none of
these options are correct.
(b) 180.0
(c) 361.0
(d) Not possible to calculate from information provided.
(e) 722.0
(f) 7219.0","A cylindrical sample of stainless steel having a Young's modulus
of 202.2 GPa, and a diameter of 10.9 mm, is loaded to a stress of
498.6 MPa. A grain boundary is a type of two-dimensional crystalline imperfection.
3. The sample is then completely unloaded and is observed
to recover elastically by 0.89 mm. What was the initial length of
this sample, before loading, in mm? The yield strength and ultimate
tensile strength of this specific alloy are 284.0 MPa and 666.0 MPa,
respectively.
 (a) Possible to calculate from information provided, but none of
these options are correct.
(b) 180.0
(c) 361.0
(d) Not possible to calculate from information provided.
(e) 722.0
(f) 7219.0"
"Which of the following statements is/are correct?
1. The tetrahedral interstitial site has a coordination number of 4.
2. The octahedral interstitial site has a coordination number of 8.
3. Cations within the rock salt crystal structure occupy octahedral
interstitial sites.
4. Atoms within the hexagonal close packed crystal structure have
a coordination number of 4.
(a) First and third.
(b) First and fourth.
(c) Second and third.
(d) Second and fourth.
(e) None of these options are correct.",Original,Hard,a,5,"Which of the following statements is/are correct?
1. The tetrahedral interstitial site has a coordination number of 4.
2. The octahedral interstitial site has a coordination number of 8.
3. Cations within the rock salt crystal structure occupy octahedral
interstitial sites.
4. Atoms within the hexagonal close packed crystal structure have
a coordination number of 4.
(a) First and third.
(b) First and fourth.
(c) Second and third.
(d) Second and fourth.
(e) None of these options are correct.","Which of the following statements is/are correct?
1. The tetrahedral interstitial site has a coordination number of 4.
2. The octahedral interstitial site has a coordination number of 8.
3. Cations within the rock salt crystal structure occupy octahedral
interstitial sites.
4. Atoms within the hexagonal close packed crystal structure have
a coordination number of 4.
(a) First and third.
(b) First and fourth.
(c) Second and third.
(d) Second and fourth.
(e) None of these options are correct.","Which of the following statements is/are correct?
1. The tetrahedral interstitial site has a coordination number of 4.
2. The octahedral interstitial site has a coordination number of 8.
3. Cations within the rock salt crystal structure occupy octahedral
interstitial sites.
4. Atoms within the hexagonal close packed crystal structure have
a coordination number of 4.
(a) First and third.
(b) First and fourth.
(c) Second and third.
(d) Second and fourth.
(e) None of these options are correct.","Which of the following statements is/are correct?
1. The tetrahedral interstitial site has a coordination number of 4.
2. The octahedral interstitial site has a coordination number of 8.
3. Atoms within the hexagonal close packed crystal structure have
a coordination number of 4.
 Cations within the rock salt crystal structure occupy octahedral
interstitial sites.
4.(a) First and third.
(b) First and fourth.
(c) Second and third.
(d) Second and fourth.
(e) None of these options are correct.","Atoms within the hexagonal close packed crystal structure have
a coordination number of 4.
 Which of the following statements is/are correct?
1. The octahedral interstitial site has a coordination number of 8.
3. Cations within the rock salt crystal structure occupy octahedral
interstitial sites.
4. The tetrahedral interstitial site has a coordination number of 4.
2.(a) First and third.
(b) First and fourth.
(c) Second and third.
(d) Second and fourth.
(e) None of these options are correct.","Cations within the rock salt crystal structure occupy octahedral
interstitial sites.
4. Which of the following statements is/are correct?
1. The octahedral interstitial site has a coordination number of 8.
3. The tetrahedral interstitial site has a coordination number of 4.
2. Atoms within the hexagonal close packed crystal structure have
a coordination number of 4.
(a) First and third.
(b) First and fourth.
(c) Second and third.
(d) Second and fourth.
(e) None of these options are correct.","Which of the following statements is/are correct?
1. The tetrahedral interstitial site has a coordination number of 4.
2. The octahedral interstitial site has a coordination number of 8.
3. Cations within the NaCl crystal structure occupy octahedral
interstitial sites.
4. Atoms within the HCP crystal structure have
a coordination number of 4.
(a) First and third.
(b) First and fourth.
(c) Second and third.
(d) Second and fourth.
(e) None of these options are correct.","One morning, the mothers and fathers were ready as usual in the main square of Four Houses waiting for the red bus. But this was no ordinary day, for the red bus was twenty minutes late. Very slowly, he came chugging along but once he got to the square he collapsed from exhaustion. There was no way he could take the children to school today. Then the teacher asked: Which of the following statements is/are correct?
1. The tetrahedral interstitial site has a coordination number of 4.
2. The octahedral interstitial site has a coordination number of 8.
3. Cations within the rock salt crystal structure occupy octahedral
interstitial sites.
4. Atoms within the hexagonal close packed crystal structure have
a coordination number of 4.
(a) First and third.
(b) First and fourth.
(c) Second and third.
(d) Second and fourth.
(e) None of these options are correct.","Which of the following statements is/are correct?
1. In the iron carbon system, the maximum solid solubility of carbon in
ferrite occurs at 0.022 wt%C and 727 C, the eutectoid composition
is 0.76 wt%C, the eutectoid temperature is 727 C and the cementite
composition is 6.7 wt%C. The tetrahedral interstitial site has a coordination number of 4.
2. The octahedral interstitial site has a coordination number of 8.
3. Cations within the rock salt crystal structure occupy octahedral
interstitial sites.
4. Atoms within the hexagonal close packed crystal structure have
a coordination number of 4.
 (a) First and third.
(b) First and fourth.
(c) Second and third.
(d) Second and fourth.
(e) None of these options are correct.","Which of the following statements is/are correct?
1. Which of the
following forces will cause the final length to be larger than 5900 mm, without necking?
 The tetrahedral interstitial site has a coordination number of 4.
2. The octahedral interstitial site has a coordination number of 8.
3. Cations within the rock salt crystal structure occupy octahedral
interstitial sites.
4. Atoms within the hexagonal close packed crystal structure have
a coordination number of 4.
 (a) First and third.
(b) First and fourth.
(c) Second and third.
(d) Second and fourth.
(e) None of these options are correct.","Which of the following statements is/are correct?
1. An hypothetical metal has an atomic radius of 123 nm and has the
FCC crystal structure. The tetrahedral interstitial site has a coordination number of 4.
2. The octahedral interstitial site has a coordination number of 8.
3. Cations within the rock salt crystal structure occupy octahedral
interstitial sites.
4. Atoms within the hexagonal close packed crystal structure have
a coordination number of 4.
 (a) First and third.
(b) First and fourth.
(c) Second and third.
(d) Second and fourth.
(e) None of these options are correct."
"Which of the following statements is/are correct?
1. Increasing the extent of cross-linking within a polymer would
generally be expected to decrease the strength of that polymer.
2. Decreasing the molecular weight of a polymer will generally
result in an increase in the strength of that polymer.
3. Decreasing the crystallinity of a polymer would generally be
expected to increase the density of that polymer.
4. A polymer having a very broad distribution of molecular weights
would be generally expected to have a higher strength than another polymer having a higher number average molecular weight
and a tighter distribution of molecular weights.
(a) Second and third.
(b) Second and fourth.
(c) None of these options are correct.
(d) First and third.
(e) First and second.",Original,Hard,c,5,"Which of the following statements is/are correct?
1. Increasing the extent of cross-linking within a polymer would
generally be expected to decrease the strength of that polymer.
2. Decreasing the molecular weight of a polymer will generally
result in an increase in the strength of that polymer.
3. Decreasing the crystallinity of a polymer would generally be
expected to increase the density of that polymer.
4. A polymer having a very broad distribution of molecular weights
would be generally expected to have a higher strength than another polymer having a higher number average molecular weight
and a tighter distribution of molecular weights.
(a) Second and third.
(b) Second and fourth.
(c) None of these options are correct.
(d) First and third.
(e) First and second.","Which of the following statements is/are correct?
1. Increasing the extent of cross-linking within a polymer would
generally be expected to decrease the strength of that polymer.
2. Decreasing the molecular weight of a polymer will generally
result in an increase in the strength of that polymer.
3. Decreasing the crystallinity of a polymer would generally be
expected to increase the density of that polymer.
4. A polymer having a very broad distribution of molecular weights
would be generally expected to have a higher strength than another polymer having a higher number average molecular weight
and a tighter distribution of molecular weights.
(a) Second and third.
(b) Second and fourth.
(c) None of these options are correct.
(d) First and third.
(e) First and second.","Which of the following statements is/are correct?
1. Increasing the extent of cross-linking within a polymer would
generally be expected to decrease the strength of that polymer.
2. Decreasing the molecular weight of a polymer will generally
result in an increase in the strength of that polymer.
3. Decreasing the crystallinity of a polymer would generally be
expected to increase the density of that polymer.
4. A polymer having a very broad distribution of molecular weights
would be generally expected to have a higher strength than another polymer having a higher number average molecular weight
and a tighter distribution of molecular weights.
(a) Second and third.
(b) Second and fourth.
(c) None of these options are correct.
(d) First and third.
(e) First and second.","Increasing the extent of cross-linking within a polymer would
generally be expected to decrease the strength of that polymer.
2. Which of the following statements is/are correct?
1. Decreasing the crystallinity of a polymer would generally be
expected to increase the density of that polymer.
4. Decreasing the molecular weight of a polymer will generally
result in an increase in the strength of that polymer.
3. A polymer having a very broad distribution of molecular weights
would be generally expected to have a higher strength than another polymer having a higher number average molecular weight
and a tighter distribution of molecular weights.
(a) Second and third.
(b) Second and fourth.
(c) None of these options are correct.
(d) First and third.
(e) First and second.","Which of the following statements is/are correct?
1. A polymer having a very broad distribution of molecular weights
would be generally expected to have a higher strength than another polymer having a higher number average molecular weight
and a tighter distribution of molecular weights.
 Decreasing the molecular weight of a polymer will generally
result in an increase in the strength of that polymer.
3. Increasing the extent of cross-linking within a polymer would
generally be expected to decrease the strength of that polymer.
2. Decreasing the crystallinity of a polymer would generally be
expected to increase the density of that polymer.
4.(a) Second and third.
(b) Second and fourth.
(c) None of these options are correct.
(d) First and third.
(e) First and second.","Decreasing the crystallinity of a polymer would generally be
expected to increase the density of that polymer.
4. Which of the following statements is/are correct?
1. Increasing the extent of cross-linking within a polymer would
generally be expected to decrease the strength of that polymer.
2. Decreasing the molecular weight of a polymer will generally
result in an increase in the strength of that polymer.
3. A polymer having a very broad distribution of molecular weights
would be generally expected to have a higher strength than another polymer having a higher number average molecular weight
and a tighter distribution of molecular weights.
(a) Second and third.
(b) Second and fourth.
(c) None of these options are correct.
(d) First and third.
(e) First and second.","Which of the following statements is/are correct?
1. Increasing the extent of cross-linking within a polymer would
generally be expected to decrease the strength of that polymer.
2. Decreasing the molecular weight of a polymer will generally
result in an increase in the strength of that polymer.
3. Decreasing the crystallinity of a polymer would generally be
expected to increase the density of that polymer.
4. A polymer having a very broad distribution of molecular weights
would be generally expected to have a higher strength than another polymer having a higher number average molecular weight
and a tighter distribution of molecular weights.
(a) Second and third.
(b) Second and fourth.
(c) None of these options are correct.
(d) First and third.
(e) First and second.","One morning, the mothers and fathers were ready as usual in the main square of Four Houses waiting for the red bus. But this was no ordinary day, for the red bus was twenty minutes late. Very slowly, he came chugging along but once he got to the square he collapsed from exhaustion. There was no way he could take the children to school today. Then the teacher asked: Which of the following statements is/are correct?
1. Increasing the extent of cross-linking within a polymer would
generally be expected to decrease the strength of that polymer.
2. Decreasing the molecular weight of a polymer will generally
result in an increase in the strength of that polymer.
3. Decreasing the crystallinity of a polymer would generally be
expected to increase the density of that polymer.
4. A polymer having a very broad distribution of molecular weights
would be generally expected to have a higher strength than another polymer having a higher number average molecular weight
and a tighter distribution of molecular weights.
(a) Second and third.
(b) Second and fourth.
(c) None of these options are correct.
(d) First and third.
(e) First and second.","Which of the following statements is/are correct?
1. The first beam is found to fracture when
the applied load, in three-point bending, is 2520 N. Increasing the extent of cross-linking within a polymer would
generally be expected to decrease the strength of that polymer.
2. Decreasing the molecular weight of a polymer will generally
result in an increase in the strength of that polymer.
3. Decreasing the crystallinity of a polymer would generally be
expected to increase the density of that polymer.
4. A polymer having a very broad distribution of molecular weights
would be generally expected to have a higher strength than another polymer having a higher number average molecular weight
and a tighter distribution of molecular weights.
 (a) Second and third.
(b) Second and fourth.
(c) None of these options are correct.
(d) First and third.
(e) First and second.","Which of the following statements is/are correct?
1. A paper you are reading states that a newly developed ceramic material was determined to
have strengths of 450 MPa and 1020 MPa. Increasing the extent of cross-linking within a polymer would
generally be expected to decrease the strength of that polymer.
2. Decreasing the molecular weight of a polymer will generally
result in an increase in the strength of that polymer.
3. Decreasing the crystallinity of a polymer would generally be
expected to increase the density of that polymer.
4. A polymer having a very broad distribution of molecular weights
would be generally expected to have a higher strength than another polymer having a higher number average molecular weight
and a tighter distribution of molecular weights.
 (a) Second and third.
(b) Second and fourth.
(c) None of these options are correct.
(d) First and third.
(e) First and second.","Which of the following statements is/are correct?
1. The thermal energy within a polymer near room temperature is
comparable to the intermolecular bonding energy and therefore
the strength of a polymer tends to change significantly with
small chagnes in temperature near room temperature.
4. Increasing the extent of cross-linking within a polymer would
generally be expected to decrease the strength of that polymer.
2. Decreasing the molecular weight of a polymer will generally
result in an increase in the strength of that polymer.
3. Decreasing the crystallinity of a polymer would generally be
expected to increase the density of that polymer.
4. A polymer having a very broad distribution of molecular weights
would be generally expected to have a higher strength than another polymer having a higher number average molecular weight
and a tighter distribution of molecular weights.
 (a) Second and third.
(b) Second and fourth.
(c) None of these options are correct.
(d) First and third.
(e) First and second."
"A cylindrical sample of stainless steel having a Young's modulus of
204.3 GPa, a diameter of 12.0 mm, and initial length of 237.8 mm
is loaded to a stress of 411.5 MPa. The sample is then completely
unloaded. What will the final length of the sample be, upon unloading, in mm? The yield strength and ultimate tensile strength of this
specific alloy are 292.0 MPa and 688.0 MPa, respectively.
(a) Not possible to calculate from information provided.
(b) 0.48
(c) 0.24
(d) Possible to calculate from information provided, but none of
these options are correct.
(e) 0.96
(f) 239.0",Original,Hard,a,6,"A cylindrical sample of stainless steel having a Young's modulus of
204300000 kPa, a diameter of 0.0120 m, and initial length of 237800000000 pm
is loaded to a stress of 0.411500 GPa. The sample is then completely
unloaded. What will the final length of the sample be, upon unloading, in mm? The yield strength and ultimate tensile strength of this
specific alloy are 292000000 Pa and 0.688000 GPa, respectively.
(a) Not possible to calculate from information provided.
(b) 0.48
(c) 0.24
(d) Possible to calculate from information provided, but none of
these options are correct.
(e) 0.96
(f) 239.0","A cylindrical sample of stainless steel having a Young's modulus of
0.204300 MPa, a diameter of 0.0120 m, and initial length of 0.2378 m
is loaded to a stress of 412 MPa. The sample is then completely
unloaded. What will the final length of the sample be, upon unloading, in mm? The yield strength and ultimate tensile strength of this
specific alloy are 0.292000 GPa and 0.688000 GPa, respectively.
(a) Not possible to calculate from information provided.
(b) 0.48
(c) 0.24
(d) Possible to calculate from information provided, but none of
these options are correct.
(e) 0.96
(f) 239.0","A cylindrical sample of stainless steel having a Young's modulus of
204300000 kPa, a diameter of 12.0 mm, and initial length of 237800000 nm
is loaded to a stress of 411500 kPa. The sample is then completely
unloaded. What will the final length of the sample be, upon unloading, in mm? The yield strength and ultimate tensile strength of this
specific alloy are 292 MPa and 688 MPa, respectively.
(a) Not possible to calculate from information provided.
(b) 0.48
(c) 0.24
(d) Possible to calculate from information provided, but none of
these options are correct.
(e) 0.96
(f) 239.0","The yield strength and ultimate tensile strength of this
specific alloy are 292.0 MPa and 688.0 MPa, respectively.
 The sample is then completely
unloaded. What will the final length of the sample be, upon unloading, in mm? A cylindrical sample of stainless steel having a Young's modulus of
204.3 GPa, a diameter of 12.0 mm, and initial length of 237.8 mm
is loaded to a stress of 411.5 MPa.(a) Not possible to calculate from information provided.
(b) 0.48
(c) 0.24
(d) Possible to calculate from information provided, but none of
these options are correct.
(e) 0.96
(f) 239.0","A cylindrical sample of stainless steel having a Young's modulus of
204.3 GPa, a diameter of 12.0 mm, and initial length of 237.8 mm
is loaded to a stress of 411.5 MPa. What will the final length of the sample be, upon unloading, in mm? The sample is then completely
unloaded. The yield strength and ultimate tensile strength of this
specific alloy are 292.0 MPa and 688.0 MPa, respectively.
(a) Not possible to calculate from information provided.
(b) 0.48
(c) 0.24
(d) Possible to calculate from information provided, but none of
these options are correct.
(e) 0.96
(f) 239.0","The sample is then completely
unloaded. The yield strength and ultimate tensile strength of this
specific alloy are 292.0 MPa and 688.0 MPa, respectively.
 What will the final length of the sample be, upon unloading, in mm? A cylindrical sample of stainless steel having a Young's modulus of
204.3 GPa, a diameter of 12.0 mm, and initial length of 237.8 mm
is loaded to a stress of 411.5 MPa.(a) Not possible to calculate from information provided.
(b) 0.48
(c) 0.24
(d) Possible to calculate from information provided, but none of
these options are correct.
(e) 0.96
(f) 239.0","A cylindrical sample of stainless steel having a Young's modulus of
204.3 GPa, a diameter of 12.0 mm, and initial length of 237.8 mm
is loaded to a stress of 411.5 MPa. The sample is then completely
unloaded. What will the final length of the sample be, upon unloading, in mm? The yield strength and UTS of this
specific alloy are 292.0 MPa and 688.0 MPa, respectively.
(a) Not possible to calculate from information provided.
(b) 0.48
(c) 0.24
(d) Possible to calculate from information provided, but none of
these options are correct.
(e) 0.96
(f) 239.0","One morning, the mothers and fathers were ready as usual in the main square of Four Houses waiting for the red bus. But this was no ordinary day, for the red bus was twenty minutes late. Very slowly, he came chugging along but once he got to the square he collapsed from exhaustion. There was no way he could take the children to school today. Then the teacher asked: A cylindrical sample of stainless steel having a Young's modulus of
204.3 GPa, a diameter of 12.0 mm, and initial length of 237.8 mm
is loaded to a stress of 411.5 MPa. The sample is then completely
unloaded. What will the final length of the sample be, upon unloading, in mm? The yield strength and ultimate tensile strength of this
specific alloy are 292.0 MPa and 688.0 MPa, respectively.
(a) Not possible to calculate from information provided.
(b) 0.48
(c) 0.24
(d) Possible to calculate from information provided, but none of
these options are correct.
(e) 0.96
(f) 239.0","A cylindrical sample of stainless steel having a Young's modulus of
204.3 GPa, a diameter of 12.0 mm, and initial length of 237.8 mm
is loaded to a stress of 411.5 MPa. A rectangular cross-section ceramic beam is loaded in 3-point bending
by a force of 19.203 kN, resulting in a peak stress on the lower surface
of the beam of 145 MPa. The sample is then completely
unloaded. What will the final length of the sample be, upon unloading, in mm? The yield strength and ultimate tensile strength of this
specific alloy are 292.0 MPa and 688.0 MPa, respectively.
 (a) Not possible to calculate from information provided.
(b) 0.48
(c) 0.24
(d) Possible to calculate from information provided, but none of
these options are correct.
(e) 0.96
(f) 239.0","A cylindrical sample of stainless steel having a Young's modulus of
204.3 GPa, a diameter of 12.0 mm, and initial length of 237.8 mm
is loaded to a stress of 411.5 MPa. The octahedral interstitial site has a coordination number of 8.
3. The sample is then completely
unloaded. What will the final length of the sample be, upon unloading, in mm? The yield strength and ultimate tensile strength of this
specific alloy are 292.0 MPa and 688.0 MPa, respectively.
 (a) Not possible to calculate from information provided.
(b) 0.48
(c) 0.24
(d) Possible to calculate from information provided, but none of
these options are correct.
(e) 0.96
(f) 239.0","A cylindrical sample of stainless steel having a Young's modulus of
204.3 GPa, a diameter of 12.0 mm, and initial length of 237.8 mm
is loaded to a stress of 411.5 MPa. A hypothetical FCC metal has a density of 6.0 g/cm3 , a molar mass of 85.53 g/mol and an energy for vacancy formation of 0.86 eV/atom. The sample is then completely
unloaded. What will the final length of the sample be, upon unloading, in mm? The yield strength and ultimate tensile strength of this
specific alloy are 292.0 MPa and 688.0 MPa, respectively.
 (a) Not possible to calculate from information provided.
(b) 0.48
(c) 0.24
(d) Possible to calculate from information provided, but none of
these options are correct.
(e) 0.96
(f) 239.0"
"Which of the following statements is/are correct?
1. The large fluorine atoms within PTFE act to protect the covalent backbone of the molecule and make PTFE generally unreactive with other materials.
2. The polar side groups within PVC create stronger intermolecular forces and contribute to the higher service temperature of
PVC.
3. The thermal energy within a polymer near room temperature is
comparable to the intermolecular bonding energy and therefore
the strength of a polymer tends to change significantly with
small chagnes in temperature near room temperature.
4. The glass transition temperature of a polymer corresponds to
the temperature when the thermal energy is sufficient to overcome the intermolecular bonds within the amourphous regions
of a polymer.
(a) Second, third and fourth.
(b) None of these options are correct.
(c) All of these options are correct.
(d) First, third and fourth.
(e) First, second and third.",Original,Hard,c,5,"Which of the following statements is/are correct?
1. The large fluorine atoms within PTFE act to protect the covalent backbone of the molecule and make PTFE generally unreactive with other materials.
2. The polar side groups within PVC create stronger intermolecular forces and contribute to the higher service temperature of
PVC.
3. The thermal energy within a polymer near room temperature is
comparable to the intermolecular bonding energy and therefore
the strength of a polymer tends to change significantly with
small chagnes in temperature near room temperature.
4. The glass transition temperature of a polymer corresponds to
the temperature when the thermal energy is sufficient to overcome the intermolecular bonds within the amourphous regions
of a polymer.
(a) Second, third and fourth.
(b) None of these options are correct.
(c) All of these options are correct.
(d) First, third and fourth.
(e) First, second and third.","Which of the following statements is/are correct?
1. The large fluorine atoms within PTFE act to protect the covalent backbone of the molecule and make PTFE generally unreactive with other materials.
2. The polar side groups within PVC create stronger intermolecular forces and contribute to the higher service temperature of
PVC.
3. The thermal energy within a polymer near room temperature is
comparable to the intermolecular bonding energy and therefore
the strength of a polymer tends to change significantly with
small chagnes in temperature near room temperature.
4. The glass transition temperature of a polymer corresponds to
the temperature when the thermal energy is sufficient to overcome the intermolecular bonds within the amourphous regions
of a polymer.
(a) Second, third and fourth.
(b) None of these options are correct.
(c) All of these options are correct.
(d) First, third and fourth.
(e) First, second and third.","Which of the following statements is/are correct?
1. The large fluorine atoms within PTFE act to protect the covalent backbone of the molecule and make PTFE generally unreactive with other materials.
2. The polar side groups within PVC create stronger intermolecular forces and contribute to the higher service temperature of
PVC.
3. The thermal energy within a polymer near room temperature is
comparable to the intermolecular bonding energy and therefore
the strength of a polymer tends to change significantly with
small chagnes in temperature near room temperature.
4. The glass transition temperature of a polymer corresponds to
the temperature when the thermal energy is sufficient to overcome the intermolecular bonds within the amourphous regions
of a polymer.
(a) Second, third and fourth.
(b) None of these options are correct.
(c) All of these options are correct.
(d) First, third and fourth.
(e) First, second and third.","The thermal energy within a polymer near room temperature is
comparable to the intermolecular bonding energy and therefore
the strength of a polymer tends to change significantly with
small chagnes in temperature near room temperature.
4. The glass transition temperature of a polymer corresponds to
the temperature when the thermal energy is sufficient to overcome the intermolecular bonds within the amourphous regions
of a polymer.
 The large fluorine atoms within PTFE act to protect the covalent backbone of the molecule and make PTFE generally unreactive with other materials.
2. Which of the following statements is/are correct?
1. The polar side groups within PVC create stronger intermolecular forces and contribute to the higher service temperature of
PVC.
3.(a) Second, third and fourth.
(b) None of these options are correct.
(c) All of these options are correct.
(d) First, third and fourth.
(e) First, second and third.","The large fluorine atoms within PTFE act to protect the covalent backbone of the molecule and make PTFE generally unreactive with other materials.
2. The glass transition temperature of a polymer corresponds to
the temperature when the thermal energy is sufficient to overcome the intermolecular bonds within the amourphous regions
of a polymer.
 The thermal energy within a polymer near room temperature is
comparable to the intermolecular bonding energy and therefore
the strength of a polymer tends to change significantly with
small chagnes in temperature near room temperature.
4. Which of the following statements is/are correct?
1. The polar side groups within PVC create stronger intermolecular forces and contribute to the higher service temperature of
PVC.
3.(a) Second, third and fourth.
(b) None of these options are correct.
(c) All of these options are correct.
(d) First, third and fourth.
(e) First, second and third.","The glass transition temperature of a polymer corresponds to
the temperature when the thermal energy is sufficient to overcome the intermolecular bonds within the amourphous regions
of a polymer.
 The thermal energy within a polymer near room temperature is
comparable to the intermolecular bonding energy and therefore
the strength of a polymer tends to change significantly with
small chagnes in temperature near room temperature.
4. The large fluorine atoms within PTFE act to protect the covalent backbone of the molecule and make PTFE generally unreactive with other materials.
2. Which of the following statements is/are correct?
1. The polar side groups within PVC create stronger intermolecular forces and contribute to the higher service temperature of
PVC.
3.(a) Second, third and fourth.
(b) None of these options are correct.
(c) All of these options are correct.
(d) First, third and fourth.
(e) First, second and third.","Which of the following statements is/are correct?
1. The large fluorine atoms within PTFE act to protect the covalent backbone of the molecule and make PTFE generally unreactive with other materials.
2. The polar side groups within PVC create stronger intermolecular forces and contribute to the higher service temperature of
PVC.
3. The thermal energy within a polymer near ambient temperature is
comparable to the intermolecular bonding energy and therefore
the strength of a polymer tends to change significantly with
small chagnes in temperature near room temperature.
4. The glass transition temperature of a polymer corresponds to
the temperature when the thermal energy is sufficient to overcome the intermolecular bonds within the amourphous regions
of a polymer.
(a) Second, third and fourth.
(b) None of these options are correct.
(c) All of these options are correct.
(d) First, third and fourth.
(e) First, second and third.","One morning, the mothers and fathers were ready as usual in the main square of Four Houses waiting for the red bus. But this was no ordinary day, for the red bus was twenty minutes late. Very slowly, he came chugging along but once he got to the square he collapsed from exhaustion. There was no way he could take the children to school today. Then the teacher asked: Which of the following statements is/are correct?
1. The large fluorine atoms within PTFE act to protect the covalent backbone of the molecule and make PTFE generally unreactive with other materials.
2. The polar side groups within PVC create stronger intermolecular forces and contribute to the higher service temperature of
PVC.
3. The thermal energy within a polymer near room temperature is
comparable to the intermolecular bonding energy and therefore
the strength of a polymer tends to change significantly with
small chagnes in temperature near room temperature.
4. The glass transition temperature of a polymer corresponds to
the temperature when the thermal energy is sufficient to overcome the intermolecular bonds within the amourphous regions
of a polymer.
(a) Second, third and fourth.
(b) None of these options are correct.
(c) All of these options are correct.
(d) First, third and fourth.
(e) First, second and third.","Which of the following statements is/are correct?
1. A cylindrical cross-section tensile specimen is loaded such that the
stress in the reduced section is 461 MPa. The large fluorine atoms within PTFE act to protect the covalent backbone of the molecule and make PTFE generally unreactive with other materials.
2. The polar side groups within PVC create stronger intermolecular forces and contribute to the higher service temperature of
PVC.
3. The thermal energy within a polymer near room temperature is
comparable to the intermolecular bonding energy and therefore
the strength of a polymer tends to change significantly with
small chagnes in temperature near room temperature.
4. The glass transition temperature of a polymer corresponds to
the temperature when the thermal energy is sufficient to overcome the intermolecular bonds within the amourphous regions
of a polymer.
 (a) Second, third and fourth.
(b) None of these options are correct.
(c) All of these options are correct.
(d) First, third and fourth.
(e) First, second and third.","Which of the following statements is/are correct?
1. A cylindrical sample of stainless steel having a Young's modulus
of 202.2 GPa, and a diameter of 10.9 mm, is loaded to a stress of
498.6 MPa. The large fluorine atoms within PTFE act to protect the covalent backbone of the molecule and make PTFE generally unreactive with other materials.
2. The polar side groups within PVC create stronger intermolecular forces and contribute to the higher service temperature of
PVC.
3. The thermal energy within a polymer near room temperature is
comparable to the intermolecular bonding energy and therefore
the strength of a polymer tends to change significantly with
small chagnes in temperature near room temperature.
4. The glass transition temperature of a polymer corresponds to
the temperature when the thermal energy is sufficient to overcome the intermolecular bonds within the amourphous regions
of a polymer.
 (a) Second, third and fourth.
(b) None of these options are correct.
(c) All of these options are correct.
(d) First, third and fourth.
(e) First, second and third.","Which of the following statements is/are correct?
1. 32 g of solid sugar is added to 68 g of liquid water at room temperature
and allowed to reach equilibrium. The large fluorine atoms within PTFE act to protect the covalent backbone of the molecule and make PTFE generally unreactive with other materials.
2. The polar side groups within PVC create stronger intermolecular forces and contribute to the higher service temperature of
PVC.
3. The thermal energy within a polymer near room temperature is
comparable to the intermolecular bonding energy and therefore
the strength of a polymer tends to change significantly with
small chagnes in temperature near room temperature.
4. The glass transition temperature of a polymer corresponds to
the temperature when the thermal energy is sufficient to overcome the intermolecular bonds within the amourphous regions
of a polymer.
 (a) Second, third and fourth.
(b) None of these options are correct.
(c) All of these options are correct.
(d) First, third and fourth.
(e) First, second and third."
"A cylindrical sample of stainless steel having a Young's modulus of
193.8 GPa, a diameter of 17.4 mm, and an initial length of 147.2is
loaded to a stress between the yield strength and the ultimate tensile strength and then completely unloaded. The change in length
from the loaded length to the final unloaded length is measured to be
0.33 mm. What was the force that this sample was loaded to? The
yield strength and ultimate tensile strength of this specific alloy are
284.0 MPa and 676.0 MPa, respectively.
(a) 413.0 kN
(b) Possible to calculate from information provided, but none of
these options are correct.
(c) Not possible to calculate from information provided.
(d) 103.3 kN
(e) 59.0 kN
(f) 5.2 MN",Original,Hard,d,6,"A cylindrical sample of stainless steel having a Young's modulus of
0.193800 MPa, a diameter of 17400000000 pm, and an initial length of 147.2is
loaded to a stress between the yield strength and the ultimate tensile strength and then completely unloaded. The change in length
from the loaded length to the final unloaded length is measured to be
330000 nm. What was the force that this sample was loaded to? The
yield strength and ultimate tensile strength of this specific alloy are
284000 kPa and 0.676000 GPa, respectively.
(a) 0.413000 MN
(b) Possible to calculate from information provided, but none of
these options are correct.
(c) Not possible to calculate from information provided.
(d) 103300 N
(e) 0.059000 MN
(f) 5.2 MN","A cylindrical sample of stainless steel having a Young's modulus of
193800000 kPa, a diameter of 17.4 mm, and an initial length of 147.2is
loaded to a stress between the yield strength and the ultimate tensile strength and then completely unloaded. The change in length
from the loaded length to the final unloaded length is measured to be
0.03 cm. What was the force that this sample was loaded to? The
yield strength and ultimate tensile strength of this specific alloy are
284000000 Pa and 676000000 Pa, respectively.
(a) 413000 N
(b) Possible to calculate from information provided, but none of
these options are correct.
(c) Not possible to calculate from information provided.
(d) 103 kN
(e) 59 kN
(f) 5.2 MN","A cylindrical sample of stainless steel having a Young's modulus of
193800000000 Pa, a diameter of 0.0174 m, and an initial length of 147.2is
loaded to a stress between the yield strength and the ultimate tensile strength and then completely unloaded. The change in length
from the loaded length to the final unloaded length is measured to be
0.33 mm. What was the force that this sample was loaded to? The
yield strength and ultimate tensile strength of this specific alloy are
0.284000 GPa and 676000 kPa, respectively.
(a) 0.413000 MN
(b) Possible to calculate from information provided, but none of
these options are correct.
(c) Not possible to calculate from information provided.
(d) 103 kN
(e) 59000000 mN
(f) 5.2 MN","What was the force that this sample was loaded to? A cylindrical sample of stainless steel having a Young's modulus of
193.8 GPa, a diameter of 17.4 mm, and an initial length of 147.2is
loaded to a stress between the yield strength and the ultimate tensile strength and then completely unloaded. The
yield strength and ultimate tensile strength of this specific alloy are
284.0 MPa and 676.0 MPa, respectively.
 The change in length
from the loaded length to the final unloaded length is measured to be
0.33 mm.(a) 413.0 kN
(b) Possible to calculate from information provided, but none of
these options are correct.
(c) Not possible to calculate from information provided.
(d) 103.3 kN
(e) 59.0 kN
(f) 5.2 MN","The
yield strength and ultimate tensile strength of this specific alloy are
284.0 MPa and 676.0 MPa, respectively.
 A cylindrical sample of stainless steel having a Young's modulus of
193.8 GPa, a diameter of 17.4 mm, and an initial length of 147.2is
loaded to a stress between the yield strength and the ultimate tensile strength and then completely unloaded. What was the force that this sample was loaded to? The change in length
from the loaded length to the final unloaded length is measured to be
0.33 mm.(a) 413.0 kN
(b) Possible to calculate from information provided, but none of
these options are correct.
(c) Not possible to calculate from information provided.
(d) 103.3 kN
(e) 59.0 kN
(f) 5.2 MN","The
yield strength and ultimate tensile strength of this specific alloy are
284.0 MPa and 676.0 MPa, respectively.
 What was the force that this sample was loaded to? A cylindrical sample of stainless steel having a Young's modulus of
193.8 GPa, a diameter of 17.4 mm, and an initial length of 147.2is
loaded to a stress between the yield strength and the ultimate tensile strength and then completely unloaded. The change in length
from the loaded length to the final unloaded length is measured to be
0.33 mm.(a) 413.0 kN
(b) Possible to calculate from information provided, but none of
these options are correct.
(c) Not possible to calculate from information provided.
(d) 103.3 kN
(e) 59.0 kN
(f) 5.2 MN","A cylindrical sample of stainless steel having a Young's modulus of
193.8 GPa, a diameter of 17.4 mm, and an initial length of 147.2is
loaded to a stress between the yield strength and the UTS and then completely unloaded. The change in length
from the loaded length to the final unloaded length is measured to be
0.33 mm. What was the force that this sample was loaded to? The
yield strength and UTS of this specific alloy are
284.0 MPa and 676.0 MPa, respectively.
(a) 413.0 kN
(b) Possible to calculate from information provided, but none of
these options are correct.
(c) Not possible to calculate from information provided.
(d) 103.3 kN
(e) 59.0 kN
(f) 5.2 MN","One morning, the mothers and fathers were ready as usual in the main square of Four Houses waiting for the red bus. But this was no ordinary day, for the red bus was twenty minutes late. Very slowly, he came chugging along but once he got to the square he collapsed from exhaustion. There was no way he could take the children to school today. Then the teacher asked: A cylindrical sample of stainless steel having a Young's modulus of
193.8 GPa, a diameter of 17.4 mm, and an initial length of 147.2is
loaded to a stress between the yield strength and the ultimate tensile strength and then completely unloaded. The change in length
from the loaded length to the final unloaded length is measured to be
0.33 mm. What was the force that this sample was loaded to? The
yield strength and ultimate tensile strength of this specific alloy are
284.0 MPa and 676.0 MPa, respectively.
(a) 413.0 kN
(b) Possible to calculate from information provided, but none of
these options are correct.
(c) Not possible to calculate from information provided.
(d) 103.3 kN
(e) 59.0 kN
(f) 5.2 MN","A cylindrical sample of stainless steel having a Young's modulus of
193.8 GPa, a diameter of 17.4 mm, and an initial length of 147.2is
loaded to a stress between the yield strength and the ultimate tensile strength and then completely unloaded. Comparing the lengths of these rope samples at the end of this 8 month period, which of the following are possible?
 The change in length
from the loaded length to the final unloaded length is measured to be
0.33 mm. What was the force that this sample was loaded to? The
yield strength and ultimate tensile strength of this specific alloy are
284.0 MPa and 676.0 MPa, respectively.
 (a) 413.0 kN
(b) Possible to calculate from information provided, but none of
these options are correct.
(c) Not possible to calculate from information provided.
(d) 103.3 kN
(e) 59.0 kN
(f) 5.2 MN","A cylindrical sample of stainless steel having a Young's modulus of
193.8 GPa, a diameter of 17.4 mm, and an initial length of 147.2is
loaded to a stress between the yield strength and the ultimate tensile strength and then completely unloaded. The polar side groups within PVC create stronger intermolecular forces and contribute to the higher service temperature of
PVC.
3. The change in length
from the loaded length to the final unloaded length is measured to be
0.33 mm. What was the force that this sample was loaded to? The
yield strength and ultimate tensile strength of this specific alloy are
284.0 MPa and 676.0 MPa, respectively.
 (a) 413.0 kN
(b) Possible to calculate from information provided, but none of
these options are correct.
(c) Not possible to calculate from information provided.
(d) 103.3 kN
(e) 59.0 kN
(f) 5.2 MN","A cylindrical sample of stainless steel having a Young's modulus of
193.8 GPa, a diameter of 17.4 mm, and an initial length of 147.2is
loaded to a stress between the yield strength and the ultimate tensile strength and then completely unloaded. Which of the following is a reasonable justification for the use of the
0.2% offset yield strength?
 The change in length
from the loaded length to the final unloaded length is measured to be
0.33 mm. What was the force that this sample was loaded to? The
yield strength and ultimate tensile strength of this specific alloy are
284.0 MPa and 676.0 MPa, respectively.
 (a) 413.0 kN
(b) Possible to calculate from information provided, but none of
these options are correct.
(c) Not possible to calculate from information provided.
(d) 103.3 kN
(e) 59.0 kN
(f) 5.2 MN"
